Unity Editor version:    2022.3.62f3 (96770f904ca7)
Branch:                  2022.3/respin/2022.3.62f2-4af31df585-v2
Build type:              Release
Batch mode:              YES
macOS version:           Version 26.3 (Build 25D125)
Darwin version:          25.3.0
Architecture:            arm64
Running under Rosetta:   NO
Available memory:        8192 MB
[Licensing::Module] Trying to connect to existing licensing client channel...
[Licensing::IpcConnector] Channel LicenseClient-chifankung doesn't exist
Launching external process: /Applications/Unity/Hub/Editor/2022.3.62f3/Unity.app/Contents/Frameworks/UnityLicensingClient.app/Contents/MacOS/Unity.Licensing.Client
[Licensing::Module] Successfully launched the LicensingClient (PId: 8434)
[Licensing::IpcConnector] Successfully connected to: "LicenseClient-chifankung" at "2026-06-04T10:33:48.785915Z"
[Licensing::Client] Code 1 while verifying Licensing Client signature (process Id: 8434, path: "/Applications/Unity/Hub/Editor/2022.3.62f3/Unity.app/Contents/Frameworks/UnityLicensingClient.app/Contents/MacOS/Unity.Licensing.Client")
[Licensing::Module] LicensingClient has failed validation; ignoring
[Licensing::Client] Handshaking with LicensingClient:
  Version:                 1.16.2+bdef8f5
  Session Id:              cdbd44fb7619430f93de406e702bb36d
  Correlation Id:          634bc14b697722636636b2e8481acd82
  External correlation Id: 3300881327197331259
  Machine Id:              8QfBQz39XEVigjS7gWrOFL86HyY=
[Licensing::Module] Successfully connected to LicensingClient on channel: "LicenseClient-chifankung" (connect: 1.33s, validation: 0.06s, handshake: 0.03s)
[Licensing::IpcConnector] Successfully connected to: "LicenseClient-chifankung-notifications" at "2026-06-04T10:33:48.875429Z"
[Licensing::Module] Connected to LicensingClient (PId: 8434, launch time: 0.00, total connection time: 1.42s)
[Licensing::Module] Error: Access token is unavailable; failed to update
[Licensing::Client] Error: Code 500 while processing request (status: Unable to update licenses. Errors: No ULF license found.,Token not found in cache)
[Licensing::Client] Error: Code 500 while updating license in client (status: Unable to update licenses. Errors: No ULF license found.,Token not found in cache)
[Licensing::Client] Successfully resolved entitlement details
[Licensing::Module] Serial number assigned to: "ewogICJzdWJzR3JvdXAiIDogInVuaXR5IGVkaXRvciIsCiAgIm5hbWVzcGFjZSIgOiAidW5pdHlfZWRpdG9yIiwKICAidHlwZSIgOiAiRURJVE9SIiwKICAidGFnIiA6ICJVbml0eVBlcnNvbmFsXXXX"
Pro License: NO
[Licensing::Client] Successfully resolved entitlement details
Launching external process: /Applications/Unity/Hub/Editor/2022.3.62f3/Unity.app/Contents/Resources/PackageManager/Server/UnityPackageManager

COMMAND LINE ARGUMENTS:
/Applications/Unity/Hub/Editor/2022.3.62f3/Unity.app/Contents/MacOS/Unity
-quit
-batchmode
-projectPath
/Users/chifankung/Desktop/StroopGame-handoff/StroopGame/game
-executeMethod
StroopGame.EditorTools.WebGLBuilder.BuildFromCommandLine
-buildOutput
Build/WebGL
-logFile
/Users/chifankung/Desktop/StroopGame-handoff/StroopGame/game/webgl_build.log
Successfully changed project path to: /Users/chifankung/Desktop/StroopGame-handoff/StroopGame/game
/Users/chifankung/Desktop/StroopGame-handoff/StroopGame/game
[UnityMemory] Configuration Parameters - Can be set up in boot.config
    "memorysetup-bucket-allocator-granularity=16"
    "memorysetup-bucket-allocator-bucket-count=8"
    "memorysetup-bucket-allocator-block-size=33554432"
    "memorysetup-bucket-allocator-block-count=8"
    "memorysetup-main-allocator-block-size=16777216"
    "memorysetup-thread-allocator-block-size=16777216"
    "memorysetup-gfx-main-allocator-block-size=16777216"
    "memorysetup-gfx-thread-allocator-block-size=16777216"
    "memorysetup-cache-allocator-block-size=4194304"
    "memorysetup-typetree-allocator-block-size=2097152"
    "memorysetup-profiler-bucket-allocator-granularity=16"
    "memorysetup-profiler-bucket-allocator-bucket-count=8"
    "memorysetup-profiler-bucket-allocator-block-size=33554432"
    "memorysetup-profiler-bucket-allocator-block-count=8"
    "memorysetup-profiler-allocator-block-size=16777216"
    "memorysetup-profiler-editor-allocator-block-size=1048576"
    "memorysetup-temp-allocator-size-main=16777216"
    "memorysetup-job-temp-allocator-block-size=2097152"
    "memorysetup-job-temp-allocator-block-size-background=1048576"
    "memorysetup-job-temp-allocator-reduction-small-platforms=262144"
    "memorysetup-allocator-temp-initial-block-size-main=262144"
    "memorysetup-allocator-temp-initial-block-size-worker=262144"
    "memorysetup-temp-allocator-size-background-worker=32768"
    "memorysetup-temp-allocator-size-job-worker=262144"
    "memorysetup-temp-allocator-size-preload-manager=33554432"
    "memorysetup-temp-allocator-size-nav-mesh-worker=65536"
    "memorysetup-temp-allocator-size-audio-worker=65536"
    "memorysetup-temp-allocator-size-cloud-worker=32768"
    "memorysetup-temp-allocator-size-gi-baking-worker=262144"
    "memorysetup-temp-allocator-size-gfx=262144"
Player connection [8284631168]  Target information:

Player connection [8284631168]  * "[IP] 192.168.0.52 [Port] 55504 [Flags] 2 [Guid] 2149402748 [EditorId] 2149402748 [Version] 1048832 [Id] OSXEditor(0,ChiFanKungdeMacBook-Pro.local) [Debug] 1 [PackageName] OSXEditor [ProjectName] Editor" 

Player connection [8284631168] Host joined multi-casting on [225.0.0.222:54997]...
Player connection [8284631168] Host joined alternative multi-casting on [225.0.0.222:34997]...
Input System module state changed to: Initialized.
[PhysX] Initialized MultithreadedTaskDispatcher with 8 workers.
[Package Manager] UpmClient::Connect -- Connected to IPC stream "Upm-8433" after 1.6 seconds.
[Package Manager] Done resolving packages in 1.37 seconds
[Licensing::Client] Successfully resolved entitlement details
[Package Manager] Registered 26 packages:
  Packages from [https://packages.unity.com]:
    com.unity.collab-proxy@1.13.5 (location: /Users/chifankung/Desktop/StroopGame-handoff/StroopGame/game/Library/PackageCache/com.unity.collab-proxy@1.13.5)
    com.unity.textmeshpro@3.0.6 (location: /Users/chifankung/Desktop/StroopGame-handoff/StroopGame/game/Library/PackageCache/com.unity.textmeshpro@3.0.6)
    com.unity.timeline@1.6.2 (location: /Users/chifankung/Desktop/StroopGame-handoff/StroopGame/game/Library/PackageCache/com.unity.timeline@1.6.2)
    com.unity.visualscripting@1.7.6 (location: /Users/chifankung/Desktop/StroopGame-handoff/StroopGame/game/Library/PackageCache/com.unity.visualscripting@1.7.6)
    com.unity.ide.visualstudio@2.0.22 (location: /Users/chifankung/Desktop/StroopGame-handoff/StroopGame/game/Library/PackageCache/com.unity.ide.visualstudio@2.0.22)
    com.unity.ide.rider@3.0.36 (location: /Users/chifankung/Desktop/StroopGame-handoff/StroopGame/game/Library/PackageCache/com.unity.ide.rider@3.0.36)
    com.unity.ide.vscode@1.2.5 (location: /Users/chifankung/Desktop/StroopGame-handoff/StroopGame/game/Library/PackageCache/com.unity.ide.vscode@1.2.5)
    com.unity.editorcoroutines@1.0.0 (location: /Users/chifankung/Desktop/StroopGame-handoff/StroopGame/game/Library/PackageCache/com.unity.editorcoroutines@1.0.0)
    com.unity.performance.profile-analyzer@1.2.3 (location: /Users/chifankung/Desktop/StroopGame-handoff/StroopGame/game/Library/PackageCache/com.unity.performance.profile-analyzer@1.2.3)
    com.unity.test-framework@1.1.33 (location: /Users/chifankung/Desktop/StroopGame-handoff/StroopGame/game/Library/PackageCache/com.unity.test-framework@1.1.33)
    com.unity.testtools.codecoverage@1.2.6 (location: /Users/chifankung/Desktop/StroopGame-handoff/StroopGame/game/Library/PackageCache/com.unity.testtools.codecoverage@1.2.6)
    com.unity.services.core@1.14.0 (location: /Users/chifankung/Desktop/StroopGame-handoff/StroopGame/game/Library/PackageCache/com.unity.services.core@1.14.0)
    com.unity.nuget.newtonsoft-json@3.2.1 (location: /Users/chifankung/Desktop/StroopGame-handoff/StroopGame/game/Library/PackageCache/com.unity.nuget.newtonsoft-json@3.2.1)
    com.unity.settings-manager@2.1.0 (location: /Users/chifankung/Desktop/StroopGame-handoff/StroopGame/game/Library/PackageCache/com.unity.settings-manager@2.1.0)
    com.unity.ext.nunit@1.0.6 (location: /Users/chifankung/Desktop/StroopGame-handoff/StroopGame/game/Library/PackageCache/com.unity.ext.nunit@1.0.6)
  Built-in packages:
    com.unity.feature.development@1.0.1 (location: /Users/chifankung/Desktop/StroopGame-handoff/StroopGame/game/Library/PackageCache/com.unity.feature.development@1.0.1)
    com.unity.ugui@1.0.0 (location: /Users/chifankung/Desktop/StroopGame-handoff/StroopGame/game/Library/PackageCache/com.unity.ugui@1.0.0)
    com.unity.modules.ui@1.0.0 (location: /Users/chifankung/Desktop/StroopGame-handoff/StroopGame/game/Library/PackageCache/com.unity.modules.ui@1.0.0)
    com.unity.modules.imgui@1.0.0 (location: /Users/chifankung/Desktop/StroopGame-handoff/StroopGame/game/Library/PackageCache/com.unity.modules.imgui@1.0.0)
    com.unity.modules.jsonserialize@1.0.0 (location: /Users/chifankung/Desktop/StroopGame-handoff/StroopGame/game/Library/PackageCache/com.unity.modules.jsonserialize@1.0.0)
    com.unity.modules.audio@1.0.0 (location: /Users/chifankung/Desktop/StroopGame-handoff/StroopGame/game/Library/PackageCache/com.unity.modules.audio@1.0.0)
    com.unity.modules.director@1.0.0 (location: /Users/chifankung/Desktop/StroopGame-handoff/StroopGame/game/Library/PackageCache/com.unity.modules.director@1.0.0)
    com.unity.modules.animation@1.0.0 (location: /Users/chifankung/Desktop/StroopGame-handoff/StroopGame/game/Library/PackageCache/com.unity.modules.animation@1.0.0)
    com.unity.modules.particlesystem@1.0.0 (location: /Users/chifankung/Desktop/StroopGame-handoff/StroopGame/game/Library/PackageCache/com.unity.modules.particlesystem@1.0.0)
    com.unity.modules.androidjni@1.0.0 (location: /Users/chifankung/Desktop/StroopGame-handoff/StroopGame/game/Library/PackageCache/com.unity.modules.androidjni@1.0.0)
    com.unity.modules.unitywebrequest@1.0.0 (location: /Users/chifankung/Desktop/StroopGame-handoff/StroopGame/game/Library/PackageCache/com.unity.modules.unitywebrequest@1.0.0)
[Subsystems] No new subsystems found in resolved package list.
Package Manager log level set to [2]
[Package Manager] Done registering packages in 0.24 seconds
Refreshing native plugins compatible for Editor in 19.12 ms, found 2 plugins.
Preloading 0 native plugins for Editor in 0.00 ms.
Initialize engine version: 2022.3.62f3 (96770f904ca7)
[Subsystems] Discovering subsystems at path /Applications/Unity/Hub/Editor/2022.3.62f3/Unity.app/Contents/Resources/UnitySubsystems
[Subsystems] Discovering subsystems at path /Users/chifankung/Desktop/StroopGame-handoff/StroopGame/game/Assets
GfxDevice: creating device client; threaded=0; jobified=0
 preferred device: Apple M1 (high power)
Metal devices available: 1
0: Apple M1 (high power)
Using device Apple M1 (high power)
Initializing Metal device caps: Apple M1
[Licensing::Client] Successfully resolved entitlement details
Initialize mono
Mono path[0] = '/Applications/Unity/Hub/Editor/2022.3.62f3/Unity.app/Contents/Managed'
Mono path[1] = '/Applications/Unity/Hub/Editor/2022.3.62f3/Unity.app/Contents/MonoBleedingEdge/lib/mono/unityjit-macos'
Mono config path = '/Applications/Unity/Hub/Editor/2022.3.62f3/Unity.app/Contents/MonoBleedingEdge/etc'
Using monoOptions --debugger-agent=transport=dt_socket,embedding=1,server=y,suspend=n,address=127.0.0.1:56433
Using cacheserver namespaces - metadata:defaultmetadata, artifacts:defaultartifacts
Using cacheserver namespaces - metadata:defaultmetadata, artifacts:defaultartifacts
ImportWorker Server TCP listen port: 0
Begin MonoManager ReloadAssembly
Registering precompiled unity dll's ...
Register platform support module: /Applications/Unity/Hub/Editor/2022.3.62f3/PlaybackEngines/WebGLSupport/UnityEditor.WebGL.Extensions.dll
Register platform support module: /Applications/Unity/Hub/Editor/2022.3.62f3/Unity.app/Contents/PlaybackEngines/MacStandaloneSupport/UnityEditor.OSXStandalone.Extensions.dll
Registered in 0.002443 seconds.
- Loaded All Assemblies, in  0.288 seconds
Native extension for OSXStandalone target not found
Native extension for WebGL target not found
Mono: successfully reloaded assembly
- Finished resetting the current domain, in  0.144 seconds
Domain Reload Profiling: 433ms
	BeginReloadAssembly (110ms)
		ExecutionOrderSort (0ms)
		DisableScriptedObjects (0ms)
		BackupInstance (0ms)
		ReleaseScriptingObjects (0ms)
		CreateAndSetChildDomain (1ms)
	RebuildCommonClasses (29ms)
	RebuildNativeTypeToScriptingClass (8ms)
	initialDomainReloadingComplete (37ms)
	LoadAllAssembliesAndSetupDomain (105ms)
		LoadAssemblies (110ms)
		RebuildTransferFunctionScriptingTraits (0ms)
		AnalyzeDomain (100ms)
			TypeCache.Refresh (99ms)
				TypeCache.ScanAssembly (86ms)
			ScanForSourceGeneratedMonoScriptInfo (0ms)
			ResolveRequiredComponents (1ms)
	FinalizeReload (145ms)
		ReleaseScriptCaches (0ms)
		RebuildScriptCaches (0ms)
		SetupLoadedEditorAssemblies (115ms)
			LogAssemblyErrors (0ms)
			InitializePlatformSupportModulesInManaged (7ms)
			SetLoadedEditorAssemblies (4ms)
			RefreshPlugins (0ms)
			BeforeProcessingInitializeOnLoad (2ms)
			ProcessInitializeOnLoadAttributes (80ms)
			ProcessInitializeOnLoadMethodAttributes (23ms)
			AfterProcessingInitializeOnLoad (0ms)
			EditorAssembliesLoaded (0ms)
		ExecutionOrderSort2 (0ms)
		AwakeInstancesAfterBackupRestoration (0ms)
[Licensing::Client] Successfully resolved entitlement details
Application.AssetDatabase Initial Refresh Start
[ScriptCompilation] Requested script compilation because: Assetdatabase observed changes in script compilation related files
[40m[32minfo[39m[22m[49m: Microsoft.Hosting.Lifetime[14]
      Now listening on: http://unix:/tmp/ilpp.sock-f9319c07a1184b25720ce7b604e44af7
[40m[32minfo[39m[22m[49m: Microsoft.Hosting.Lifetime[0]
      Application started. Press Ctrl+C to shut down.
[40m[32minfo[39m[22m[49m: Microsoft.Hosting.Lifetime[0]
      Hosting environment: Production
[40m[32minfo[39m[22m[49m: Microsoft.Hosting.Lifetime[0]
      Content root path: /Users/chifankung/Desktop/StroopGame-handoff/StroopGame/game/
[40m[32minfo[39m[22m[49m: Microsoft.AspNetCore.Hosting.Diagnostics[1]
      Request starting HTTP/2 POST http://ilpp/UnityILPP.PostProcessing/Ping application/grpc -
[40m[32minfo[39m[22m[49m: Microsoft.AspNetCore.Routing.EndpointMiddleware[0]
      Executing endpoint 'gRPC - /UnityILPP.PostProcessing/Ping'
[40m[32minfo[39m[22m[49m: Microsoft.AspNetCore.Routing.EndpointMiddleware[1]
      Executed endpoint 'gRPC - /UnityILPP.PostProcessing/Ping'
[40m[32minfo[39m[22m[49m: Microsoft.AspNetCore.Hosting.Diagnostics[2]
      Request finished HTTP/2 POST http://ilpp/UnityILPP.PostProcessing/Ping application/grpc - - 200 - application/grpc 47.3903ms
Starting: /Applications/Unity/Hub/Editor/2022.3.62f3/Unity.app/Contents/bee_backend --ipc --defer-dag-verification --dagfile="Library/Bee/200b0aE.dag" --continue-on-failure --profile="Library/Bee/backend1.traceevents" ScriptAssemblies
WorkingDir: /Users/chifankung/Desktop/StroopGame-handoff/StroopGame/game
DisplayProgressbar: Compiling Scripts
ExitCode: 4 Duration: 0s399ms
Rebuilding DAG because FileSignature timestamp changed: Library/Bee/200b0aE-inputdata.json
*** Tundra requires additional run (0.03 seconds), 0 items updated, 52 evaluated
Starting: /Applications/Unity/Hub/Editor/2022.3.62f3/Unity.app/Contents/Tools/netcorerun/netcorerun "/Applications/Unity/Hub/Editor/2022.3.62f3/Unity.app/Contents/Tools/BuildPipeline/ScriptCompilationBuildProgram.exe" "Library/Bee/200b0aE.dag.json" "Library/Bee/200b0aE-inputdata.json" "Library/Bee/buildprogram0.traceevents"
WorkingDir: /Users/chifankung/Desktop/StroopGame-handoff/StroopGame/game
ExitCode: 0 Duration: 0s547ms
Starting: /Applications/Unity/Hub/Editor/2022.3.62f3/Unity.app/Contents/bee_backend --ipc --defer-dag-verification --dagfile="Library/Bee/200b0aE.dag" --continue-on-failure --dagfilejson="Library/Bee/200b0aE.dag.json" --profile="Library/Bee/backend2.traceevents" ScriptAssemblies
WorkingDir: /Users/chifankung/Desktop/StroopGame-handoff/StroopGame/game
ExitCode: 0 Duration: 10s
Finished compiling graph: 498 nodes, 6046 flattened edges (5264 ToBuild, 90 ToUse), maximum node priority 375
[ 69/495    0s] WriteText Library/Bee/artifacts/200b0aE.dag/UnityEngine.UI.rsp2
[ 70/495    0s] WriteText Library/Bee/artifacts/200b0aE.dag/UnityEngine.UI.UnityAdditionalFile.txt
[ 72/495    0s] WriteText Library/Bee/artifacts/200b0aE.dag/UnityEngine.TestRunner.rsp2
[ 83/495    0s] WriteText Library/Bee/artifacts/200b0aE.dag/UnityEngine.TestRunner.rsp
[ 84/495    0s] WriteText Library/Bee/artifacts/200b0aE.dag/UnityEngine.UI.dll.mvfrm.rsp
[ 85/495    0s] WriteText Library/Bee/artifacts/200b0aE.dag/UnityEngine.TestRunner.UnityAdditionalFile.txt
[ 97/495    0s] WriteText Library/Bee/artifacts/200b0aE.dag/UnityEngine.TestRunner.dll.mvfrm.rsp
[ 98/495    0s] WriteText Library/Bee/artifacts/200b0aE.dag/UnityEngine.UI.rsp
[101/495    0s] WriteText Library/Bee/artifacts/200b0aE.dag/UnityEditor.TestRunner.rsp2
[102/495    0s] WriteText Library/Bee/artifacts/200b0aE.dag/UnityEditor.TestRunner.rsp
[103/495    0s] WriteText Library/Bee/artifacts/200b0aE.dag/UnityEditor.TestRunner.dll.mvfrm.rsp
[104/495    0s] WriteText Library/Bee/artifacts/200b0aE.dag/UnityEditor.TestRunner.UnityAdditionalFile.txt
[105/495    0s] WriteText Library/Bee/artifacts/200b0aE.dag/UnityEditor.UI.rsp
[106/495    0s] WriteText Library/Bee/artifacts/200b0aE.dag/Unity.Services.Core.rsp2
[107/495    0s] WriteText Library/Bee/artifacts/200b0aE.dag/UnityEditor.UI.UnityAdditionalFile.txt
[108/495    0s] WriteText Library/Bee/artifacts/200b0aE.dag/UnityEditor.UI.dll.mvfrm.rsp
[109/495    0s] WriteText Library/Bee/artifacts/200b0aE.dag/UnityEditor.UI.rsp2
[110/495    0s] WriteText Library/Bee/artifacts/200b0aE.dag/Unity.Services.Core.UnityAdditionalFile.txt
[111/495    0s] WriteText Library/Bee/artifacts/200b0aE.dag/Unity.VisualScripting.Core.UnityAdditionalFile.txt
[112/495    0s] WriteText Library/Bee/artifacts/200b0aE.dag/Unity.VisualScripting.Core.rsp2
[113/495    0s] WriteText Library/Bee/artifacts/200b0aE.dag/Unity.Services.Core.Internal.UnityAdditionalFile.txt
[114/495    0s] WriteText Library/Bee/artifacts/200b0aE.dag/Unity.Services.Core.dll.mvfrm.rsp
[115/495    0s] WriteText Library/Bee/artifacts/200b0aE.dag/Unity.Services.Core.Internal.rsp2
[116/495    0s] WriteText Library/Bee/artifacts/200b0aE.dag/Unity.VisualScripting.Flow.UnityAdditionalFile.txt
[117/495    0s] WriteText Library/Bee/artifacts/200b0aE.dag/Unity.VisualScripting.Core.rsp
[118/495    0s] WriteText Library/Bee/artifacts/200b0aE.dag/Unity.VisualScripting.Flow.rsp2
[119/495    0s] WriteText Library/Bee/artifacts/200b0aE.dag/Unity.Services.Core.Internal.dll.mvfrm.rsp
[120/495    0s] WriteText Library/Bee/artifacts/200b0aE.dag/Unity.VisualScripting.Core.dll.mvfrm.rsp
[121/495    0s] WriteText Library/Bee/artifacts/200b0aE.dag/Unity.Services.Core.Internal.rsp
[122/495    0s] WriteText Library/Bee/artifacts/200b0aE.dag/Unity.VisualScripting.Core.Editor.UnityAdditionalFile.txt
[123/495    0s] WriteText Library/Bee/artifacts/200b0aE.dag/Unity.Services.Core.rsp
[124/495    0s] WriteText Library/Bee/artifacts/200b0aE.dag/Unity.VisualScripting.Core.Editor.rsp2
[125/495    0s] WriteText Library/Bee/artifacts/200b0aE.dag/Unity.VisualScripting.Flow.dll.mvfrm.rsp
[126/495    0s] WriteText Library/Bee/artifacts/200b0aE.dag/Unity.VisualScripting.Core.Editor.rsp
[127/495    0s] WriteText Library/Bee/artifacts/200b0aE.dag/Unity.VisualScripting.Flow.Editor.UnityAdditionalFile.txt
[128/495    0s] WriteText Library/Bee/artifacts/200b0aE.dag/Unity.VisualScripting.State.rsp2
[129/495    0s] WriteText Library/Bee/artifacts/200b0aE.dag/Unity.VisualScripting.Flow.rsp
[130/495    0s] WriteText Library/Bee/artifacts/200b0aE.dag/Unity.VisualScripting.State.UnityAdditionalFile.txt
[131/495    0s] WriteText Library/Bee/artifacts/200b0aE.dag/Unity.VisualScripting.Flow.Editor.rsp2
[132/495    0s] WriteText Library/Bee/artifacts/200b0aE.dag/Unity.Services.Core.Environments.rsp2
[133/495    0s] WriteText Library/Bee/artifacts/200b0aE.dag/Unity.VisualScripting.Core.Editor.dll.mvfrm.rsp
[134/495    0s] WriteText Library/Bee/artifacts/200b0aE.dag/Unity.VisualScripting.Flow.Editor.dll.mvfrm.rsp
[135/495    0s] WriteText Library/Bee/artifacts/200b0aE.dag/Unity.Services.Core.Environments.UnityAdditionalFile.txt
[136/495    0s] WriteText Library/Bee/artifacts/200b0aE.dag/Unity.VisualScripting.State.dll.mvfrm.rsp
[137/495    0s] WriteText Library/Bee/artifacts/200b0aE.dag/Unity.VisualScripting.State.rsp
[138/495    0s] WriteText Library/Bee/artifacts/200b0aE.dag/Unity.Services.Core.Environments.dll.mvfrm.rsp
[139/495    0s] WriteText Library/Bee/artifacts/200b0aE.dag/Unity.Services.Core.Environments.rsp
[140/495    0s] WriteText Library/Bee/artifacts/200b0aE.dag/Unity.Services.Core.Configuration.rsp2
[141/495    0s] WriteText Library/Bee/artifacts/200b0aE.dag/Unity.VisualScripting.Flow.Editor.rsp
[142/495    0s] WriteText Library/Bee/artifacts/200b0aE.dag/Unity.Services.Core.Configuration.dll.mvfrm.rsp
[143/495    0s] WriteText Library/Bee/artifacts/200b0aE.dag/Unity.Services.Core.Scheduler.rsp2
[144/495    0s] WriteText Library/Bee/artifacts/200b0aE.dag/Unity.Settings.Editor.rsp2
[145/495    0s] WriteText Library/Bee/artifacts/200b0aE.dag/Unity.Services.Core.Configuration.UnityAdditionalFile.txt
[146/495    0s] WriteText Library/Bee/artifacts/200b0aE.dag/Unity.Services.Core.Telemetry.rsp2
[147/495    0s] WriteText Library/Bee/artifacts/200b0aE.dag/Unity.Services.Core.Scheduler.UnityAdditionalFile.txt
[148/495    0s] WriteText Library/Bee/artifacts/200b0aE.dag/Unity.TextMeshPro.rsp2
[149/495    0s] WriteText Library/Bee/artifacts/200b0aE.dag/Unity.Timeline.UnityAdditionalFile.txt
[150/495    0s] WriteText Library/Bee/artifacts/200b0aE.dag/Unity.Settings.Editor.UnityAdditionalFile.txt
[151/495    0s] WriteText Library/Bee/artifacts/200b0aE.dag/Unity.Services.Core.Telemetry.UnityAdditionalFile.txt
[152/495    0s] WriteText Library/Bee/artifacts/200b0aE.dag/Unity.Timeline.rsp2
[153/495    0s] WriteText Library/Bee/artifacts/200b0aE.dag/Unity.Services.Core.Configuration.rsp
[154/495    0s] WriteText Library/Bee/artifacts/200b0aE.dag/Unity.TestTools.CodeCoverage.Editor.OpenCover.Mono.Reflection.rsp2
[155/495    0s] WriteText Library/Bee/artifacts/200b0aE.dag/Unity.TextMeshPro.UnityAdditionalFile.txt
[156/495    0s] WriteText Library/Bee/artifacts/200b0aE.dag/Unity.TestTools.CodeCoverage.Editor.OpenCover.Model.rsp2
[157/495    0s] WriteText Library/Bee/artifacts/200b0aE.dag/Unity.TestTools.CodeCoverage.Editor.OpenCover.Model.UnityAdditionalFile.txt
[158/495    0s] WriteText Library/Bee/artifacts/200b0aE.dag/Unity.VisualScripting.State.Editor.rsp2
[159/495    0s] WriteText Library/Bee/artifacts/200b0aE.dag/Unity.Services.Core.Threading.rsp2
[160/495    0s] WriteText Library/Bee/artifacts/200b0aE.dag/Unity.VisualScripting.State.Editor.UnityAdditionalFile.txt
[161/495    0s] WriteText Library/Bee/artifacts/200b0aE.dag/Unity.Services.Core.Scheduler.dll.mvfrm.rsp
[162/495    0s] WriteText Library/Bee/artifacts/200b0aE.dag/Unity.Services.Core.Device.rsp2
[163/495    0s] WriteText Library/Bee/artifacts/200b0aE.dag/Unity.Services.Core.Device.UnityAdditionalFile.txt
[164/495    0s] WriteText Library/Bee/artifacts/200b0aE.dag/Unity.Services.Core.Environments.Internal.rsp2
[165/495    0s] WriteText Library/Bee/artifacts/200b0aE.dag/Unity.Services.Core.Telemetry.dll.mvfrm.rsp
[166/495    0s] WriteText Library/Bee/artifacts/200b0aE.dag/Unity.TestTools.CodeCoverage.Editor.OpenCover.Mono.Reflection.UnityAdditionalFile.txt
[167/495    0s] WriteText Library/Bee/artifacts/200b0aE.dag/Unity.Services.Core.Environments.Internal.UnityAdditionalFile.txt
[168/495    0s] WriteText Library/Bee/artifacts/200b0aE.dag/Unity.Services.Core.Threading.dll.mvfrm.rsp
[169/495    0s] WriteText Library/Bee/artifacts/200b0aE.dag/Unity.Services.Core.Environments.Internal.dll.mvfrm.rsp
[170/495    0s] WriteText Library/Bee/artifacts/200b0aE.dag/Unity.Settings.Editor.dll.mvfrm.rsp
[171/495    0s] WriteText Library/Bee/artifacts/200b0aE.dag/Unity.Services.Core.Device.dll.mvfrm.rsp
[172/495    0s] WriteText Library/Bee/artifacts/200b0aE.dag/Unity.Services.Core.Scheduler.rsp
[173/495    0s] WriteText Library/Bee/artifacts/200b0aE.dag/Unity.Services.Core.Threading.UnityAdditionalFile.txt
[174/495    0s] WriteText Library/Bee/artifacts/200b0aE.dag/Unity.Services.Core.Environments.Internal.rsp
[175/495    0s] WriteText Library/Bee/artifacts/200b0aE.dag/Unity.Services.Core.Telemetry.rsp
[176/495    0s] WriteText Library/Bee/artifacts/200b0aE.dag/Unity.Services.Core.Components.UnityAdditionalFile.txt
[177/495    0s] WriteText Library/Bee/artifacts/200b0aE.dag/Unity.TextMeshPro.dll.mvfrm.rsp
[178/495    0s] WriteText Library/Bee/artifacts/200b0aE.dag/Unity.Services.Core.Threading.rsp
[179/495    0s] WriteText Library/Bee/artifacts/200b0aE.dag/Unity.TestTools.CodeCoverage.Editor.OpenCover.Model.dll.mvfrm.rsp
[180/495    0s] WriteText Library/Bee/artifacts/200b0aE.dag/Unity.VisualScripting.State.Editor.dll.mvfrm.rsp
[181/495    0s] WriteText Library/Bee/artifacts/200b0aE.dag/Unity.Services.Core.Components.rsp2
[182/495    0s] WriteText Library/Bee/artifacts/200b0aE.dag/Unity.Services.Core.Device.rsp
[183/495    0s] WriteText Library/Bee/artifacts/200b0aE.dag/Unity.Settings.Editor.rsp
[184/495    0s] WriteText Library/Bee/artifacts/200b0aE.dag/Unity.TestTools.CodeCoverage.Editor.OpenCover.Mono.Reflection.dll.mvfrm.rsp
[185/495    0s] WriteText Library/Bee/artifacts/200b0aE.dag/Unity.Timeline.dll.mvfrm.rsp
[186/495    0s] WriteText Library/Bee/artifacts/200b0aE.dag/Unity.Services.Core.Configuration.Editor.rsp2
[187/495    0s] WriteText Library/Bee/artifacts/200b0aE.dag/Unity.Services.Core.Configuration.Editor.UnityAdditionalFile.txt
[188/495    0s] WriteText Library/Bee/artifacts/200b0aE.dag/Unity.VisualScripting.State.Editor.rsp
[189/495    0s] WriteText Library/Bee/artifacts/200b0aE.dag/Unity.TextMeshPro.rsp
[190/495    0s] WriteText Library/Bee/artifacts/200b0aE.dag/Unity.TestTools.CodeCoverage.Editor.OpenCover.Model.rsp
[191/495    0s] WriteText Library/Bee/artifacts/200b0aE.dag/Unity.Services.Core.Networking.UnityAdditionalFile.txt
[192/495    0s] WriteText Library/Bee/artifacts/200b0aE.dag/Unity.Services.Core.Components.dll.mvfrm.rsp
[193/495    0s] WriteText Library/Bee/artifacts/200b0aE.dag/Unity.TestTools.CodeCoverage.Editor.OpenCover.Mono.Reflection.rsp
[194/495    0s] WriteText Library/Bee/artifacts/200b0aE.dag/Unity.Services.Core.Networking.rsp2
[195/495    0s] WriteText Library/Bee/artifacts/200b0aE.dag/Unity.Timeline.rsp
[196/495    0s] WriteText Library/Bee/artifacts/200b0aE.dag/Unity.Services.Core.Components.rsp
[197/495    0s] WriteText Library/Bee/artifacts/200b0aE.dag/Unity.Services.Core.Registration.UnityAdditionalFile.txt
[198/495    0s] WriteText Library/Bee/artifacts/200b0aE.dag/Unity.Services.Core.Registration.rsp2
[199/495    0s] WriteText Library/Bee/artifacts/200b0aE.dag/Unity.PlasticSCM.Editor.rsp2
[200/495    0s] WriteText Library/Bee/artifacts/200b0aE.dag/Unity.Services.Core.Registration.dll.mvfrm.rsp
[201/495    0s] WriteText Library/Bee/artifacts/200b0aE.dag/Unity.PlasticSCM.Editor.UnityAdditionalFile.txt
[202/495    0s] WriteText Library/Bee/artifacts/200b0aE.dag/Unity.Services.Core.Configuration.Editor.dll.mvfrm.rsp
[203/495    0s] WriteText Library/Bee/artifacts/200b0aE.dag/Unity.Services.Core.Networking.dll.mvfrm.rsp
[204/495    0s] WriteText Library/Bee/artifacts/200b0aE.dag/Unity.Services.Core.Configuration.Editor.rsp
[205/495    0s] WriteText Library/Bee/artifacts/200b0aE.dag/Unity.Services.Core.Registration.rsp
[206/495    0s] WriteText Library/Bee/artifacts/200b0aE.dag/Unity.Services.Core.Networking.rsp
[207/495    0s] WriteText Library/Bee/artifacts/200b0aE.dag/Unity.VisualScripting.Shared.Editor.rsp2
[208/495    0s] WriteText Library/Bee/artifacts/200b0aE.dag/Unity.Performance.Profile-Analyzer.Editor.UnityAdditionalFile.txt
[209/495    0s] WriteText Library/Bee/artifacts/200b0aE.dag/Unity.VisualStudio.Editor.rsp2
[210/495    0s] WriteText Library/Bee/artifacts/200b0aE.dag/Unity.VisualStudio.Editor.UnityAdditionalFile.txt
[211/495    0s] WriteText Library/Bee/artifacts/200b0aE.dag/Unity.EditorCoroutines.Editor.rsp2
[212/495    0s] WriteText Library/Bee/artifacts/200b0aE.dag/Unity.VisualScripting.Shared.Editor.UnityAdditionalFile.txt
[213/495    0s] WriteText Library/Bee/artifacts/200b0aE.dag/Unity.VisualScripting.SettingsProvider.Editor.rsp2
[214/495    0s] WriteText Library/Bee/artifacts/200b0aE.dag/Unity.Performance.Profile-Analyzer.Editor.rsp2
[215/495    0s] WriteText Library/Bee/artifacts/200b0aE.dag/Unity.VSCode.Editor.rsp2
[216/495    0s] WriteText Library/Bee/artifacts/200b0aE.dag/Unity.VSCode.Editor.UnityAdditionalFile.txt
[217/495    0s] WriteText Library/Bee/artifacts/200b0aE.dag/Unity.Rider.Editor.rsp2
[218/495    0s] WriteText Library/Bee/artifacts/200b0aE.dag/Unity.EditorCoroutines.Editor.UnityAdditionalFile.txt
[219/495    0s] WriteText Library/Bee/artifacts/200b0aE.dag/Unity.Rider.Editor.UnityAdditionalFile.txt
[220/495    0s] WriteText Library/Bee/artifacts/200b0aE.dag/Unity.VisualScripting.SettingsProvider.Editor.UnityAdditionalFile.txt
[221/495    0s] WriteText Library/Bee/artifacts/200b0aE.dag/Unity.TextMeshPro.Editor.rsp2
[222/495    0s] WriteText Library/Bee/artifacts/200b0aE.dag/Unity.TestTools.CodeCoverage.Editor.rsp2
[223/495    0s] WriteText Library/Bee/artifacts/200b0aE.dag/Unity.TextMeshPro.Editor.UnityAdditionalFile.txt
[224/495    0s] WriteText Library/Bee/artifacts/200b0aE.dag/Unity.Timeline.Editor.rsp2
[225/495    0s] WriteText Library/Bee/artifacts/200b0aE.dag/Unity.Services.Core.Analytics.rsp2
[226/495    0s] WriteText Library/Bee/artifacts/200b0aE.dag/Unity.Services.Core.Analytics.UnityAdditionalFile.txt
[227/495    0s] WriteText Library/Bee/artifacts/200b0aE.dag/Unity.TestTools.CodeCoverage.Editor.UnityAdditionalFile.txt
[228/495    0s] WriteText Library/Bee/artifacts/200b0aE.dag/Unity.Timeline.Editor.UnityAdditionalFile.txt
[229/495    0s] WriteText Library/Bee/artifacts/200b0aE.dag/Unity.PlasticSCM.Editor.dll.mvfrm.rsp
[230/495    0s] WriteText Library/Bee/artifacts/200b0aE.dag/Unity.TestTools.CodeCoverage.Editor.dll.mvfrm.rsp
[231/495    0s] WriteText Library/Bee/artifacts/200b0aE.dag/Unity.TextMeshPro.Editor.dll.mvfrm.rsp
[232/495    0s] WriteText Library/Bee/artifacts/200b0aE.dag/Unity.Rider.Editor.dll.mvfrm.rsp
[233/495    0s] WriteText Library/Bee/artifacts/200b0aE.dag/Unity.VisualScripting.SettingsProvider.Editor.dll.mvfrm.rsp
[234/495    0s] WriteText Library/Bee/artifacts/200b0aE.dag/Unity.Services.Core.Analytics.dll.mvfrm.rsp
[235/495    0s] WriteText Library/Bee/artifacts/200b0aE.dag/Unity.Timeline.Editor.dll.mvfrm.rsp
[236/495    0s] WriteText Library/Bee/artifacts/200b0aE.dag/Unity.Performance.Profile-Analyzer.Editor.dll.mvfrm.rsp
[237/495    0s] WriteText Library/Bee/artifacts/200b0aE.dag/Unity.EditorCoroutines.Editor.dll.mvfrm.rsp
[238/495    0s] WriteText Library/Bee/artifacts/200b0aE.dag/Unity.Services.Core.Editor.rsp2
[239/495    0s] WriteText Library/Bee/artifacts/200b0aE.dag/Unity.Services.Core.Editor.UnityAdditionalFile.txt
[240/495    0s] WriteText Library/Bee/artifacts/200b0aE.dag/Unity.VisualStudio.Editor.dll.mvfrm.rsp
[241/495    0s] WriteText Library/Bee/artifacts/200b0aE.dag/Unity.PlasticSCM.Editor.rsp
[242/495    0s] WriteText Library/Bee/artifacts/200b0aE.dag/Unity.VSCode.Editor.dll.mvfrm.rsp
[243/495    0s] WriteText Library/Bee/artifacts/200b0aE.dag/Unity.VisualScripting.Shared.Editor.dll.mvfrm.rsp
[244/495    0s] WriteText Library/Bee/artifacts/200b0aE.dag/Unity.Rider.Editor.rsp
[245/495    0s] WriteText Library/Bee/artifacts/200b0aE.dag/Unity.TestTools.CodeCoverage.Editor.rsp
[246/495    0s] WriteText Library/Bee/artifacts/200b0aE.dag/Unity.TextMeshPro.Editor.rsp
[247/495    0s] WriteText Library/Bee/artifacts/200b0aE.dag/Unity.Timeline.Editor.rsp
[248/495    0s] WriteText Library/Bee/artifacts/200b0aE.dag/Unity.VSCode.Editor.rsp
[249/495    0s] WriteText Library/Bee/artifacts/200b0aE.dag/Unity.Performance.Profile-Analyzer.Editor.rsp
[250/495    0s] WriteText Library/Bee/artifacts/200b0aE.dag/Unity.EditorCoroutines.Editor.rsp
[251/495    0s] WriteText Library/Bee/artifacts/200b0aE.dag/Unity.VisualScripting.Shared.Editor.rsp
[255/495    0s] WriteText Library/Bee/artifacts/200b0aE.dag/Unity.VisualScripting.SettingsProvider.Editor.rsp
[256/495    0s] WriteText Library/Bee/artifacts/200b0aE.dag/Assembly-CSharp.UnityAdditionalFile.txt
[257/495    0s] WriteText Library/Bee/artifacts/200b0aE.dag/Unity.CollabProxy.Editor.rsp2
[258/495    0s] WriteText Library/Bee/artifacts/200b0aE.dag/Unity.CollabProxy.Editor.dll.mvfrm.rsp
[259/495    0s] WriteText Library/Bee/artifacts/200b0aE.dag/Unity.Services.Core.Environments.Editor.rsp2
[260/495    0s] WriteText Library/Bee/artifacts/200b0aE.dag/Unity.Services.Core.Analytics.rsp
[261/495    0s] WriteText Library/Bee/artifacts/200b0aE.dag/Unity.Services.Core.Editor.rsp
[263/495    0s] WriteText Library/Bee/artifacts/200b0aE.dag/Unity.VisualStudio.Editor.rsp
[264/495    0s] WriteText Library/Bee/artifacts/200b0aE.dag/Assembly-CSharp-Editor.UnityAdditionalFile.txt
[265/495    0s] WriteText Library/Bee/artifacts/200b0aE.dag/Unity.Services.Core.Environments.Editor.UnityAdditionalFile.txt
[266/495    0s] WriteText Library/Bee/artifacts/200b0aE.dag/Unity.Services.Core.Environments.Editor.dll.mvfrm.rsp
[267/495    0s] WriteText Library/Bee/artifacts/200b0aE.dag/Assembly-CSharp-Editor.dll.mvfrm.rsp
[268/495    0s] WriteText Library/Bee/artifacts/200b0aE.dag/Unity.CollabProxy.Editor.UnityAdditionalFile.txt
[269/495    0s] WriteText Library/Bee/artifacts/200b0aE.dag/Unity.Services.Core.Editor.dll.mvfrm.rsp
[270/495    0s] WriteText Library/Bee/artifacts/200b0aE.dag/Unity.CollabProxy.Editor.rsp
[271/495    0s] WriteText Library/Bee/artifacts/200b0aE.dag/Unity.Services.Core.Environments.Editor.rsp
[272/495    0s] WriteText Library/Bee/artifacts/200b0aE.dag/Assembly-CSharp-Editor.rsp
[273/495    0s] MovedFromExtractor Library/Bee/artifacts/mvdfrm/UnityEditor.WebGL.Extensions.dll_88E7BBF9D35FE78F.mvfrm
[274/495    0s] MovedFromExtractorCombine Library/Bee/artifacts/200b0aE.dag/UnityEngine.TestRunner.dll.mvfrm
[275/495    0s] MovedFromExtractorCombine Library/Bee/artifacts/200b0aE.dag/UnityEngine.UI.dll.mvfrm
[276/495    2s] Csc Library/Bee/artifacts/200b0aE.dag/UnityEngine.UI.dll (+2 others)
[           0s] Csc Library/Bee/artifacts/200b0aE.dag/UnityEngine.UI.dll (+2 others) [CacheWrite 00000000000000000000000000000003]
[278/495    0s] CopyFiles Library/ScriptAssemblies/UnityEngine.UI.pdb
[279/495    0s] CopyFiles Library/ScriptAssemblies/UnityEngine.UI.dll
[280/495    3s] Csc Library/Bee/artifacts/200b0aE.dag/UnityEngine.TestRunner.dll (+2 others)
[           0s] Csc Library/Bee/artifacts/200b0aE.dag/UnityEngine.TestRunner.dll (+2 others) [CacheWrite 00000000000000000000000000000003]
[282/495    0s] CopyFiles Library/ScriptAssemblies/UnityEngine.TestRunner.dll
[283/495    0s] CopyFiles Library/ScriptAssemblies/UnityEngine.TestRunner.pdb
[284/495    0s] MovedFromExtractorCombine Library/Bee/artifacts/200b0aE.dag/UnityEditor.TestRunner.dll.mvfrm
[285/495    0s] Csc Library/Bee/artifacts/200b0aE.dag/UnityEditor.TestRunner.dll (+2 others)
[           0s] Csc Library/Bee/artifacts/200b0aE.dag/UnityEditor.TestRunner.dll (+2 others) [CacheWrite 00000000000000000000000000000003]
[287/495    0s] CopyFiles Library/ScriptAssemblies/UnityEditor.TestRunner.pdb
[288/495    0s] CopyFiles Library/ScriptAssemblies/UnityEditor.TestRunner.dll
[289/495    0s] MovedFromExtractorCombine Library/Bee/artifacts/200b0aE.dag/UnityEditor.UI.dll.mvfrm
[290/495    0s] Csc Library/Bee/artifacts/200b0aE.dag/UnityEditor.UI.dll (+2 others)
[           0s] Csc Library/Bee/artifacts/200b0aE.dag/UnityEditor.UI.dll (+2 others) [CacheWrite 00000000000000000000000000000003]
[292/495    0s] CopyFiles Library/ScriptAssemblies/UnityEditor.UI.dll
[293/495    0s] CopyFiles Library/ScriptAssemblies/UnityEditor.UI.pdb
[294/495    0s] MovedFromExtractorCombine Library/Bee/artifacts/200b0aE.dag/Unity.TestTools.CodeCoverage.Editor.OpenCover.Mono.Reflection.dll.mvfrm
[295/495    0s] MovedFromExtractorCombine Library/Bee/artifacts/200b0aE.dag/Unity.Timeline.dll.mvfrm
[296/495    0s] MovedFromExtractorCombine Library/Bee/artifacts/200b0aE.dag/Unity.Settings.Editor.dll.mvfrm
[297/495    0s] MovedFromExtractorCombine Library/Bee/artifacts/200b0aE.dag/Unity.PlasticSCM.Editor.dll.mvfrm
[298/495    0s] MovedFromExtractorCombine Library/Bee/artifacts/200b0aE.dag/Unity.TestTools.CodeCoverage.Editor.OpenCover.Model.dll.mvfrm
[299/495    0s] MovedFromExtractorCombine Library/Bee/artifacts/200b0aE.dag/Unity.TextMeshPro.dll.mvfrm
[300/495    0s] MovedFromExtractorCombine Library/Bee/artifacts/200b0aE.dag/Unity.VisualScripting.Core.dll.mvfrm
[301/495    0s] MovedFromExtractorCombine Library/Bee/artifacts/200b0aE.dag/Unity.Services.Core.dll.mvfrm
[302/495    0s] Csc Library/Bee/artifacts/200b0aE.dag/Unity.TestTools.CodeCoverage.Editor.OpenCover.Mono.Reflection.dll (+2 others)
[           0s] Csc Library/Bee/artifacts/200b0aE.dag/Unity.TestTools.CodeCoverage.Editor.OpenCover.Mono.Reflection.dll (+2 others) [CacheWrite 00000000000000000000000000000003]
[304/495    0s] Csc Library/Bee/artifacts/200b0aE.dag/Unity.TestTools.CodeCoverage.Editor.OpenCover.Model.dll (+2 others)
[305/495    0s] Csc Library/Bee/artifacts/200b0aE.dag/Unity.Settings.Editor.dll (+2 others)
[           0s] Csc Library/Bee/artifacts/200b0aE.dag/Unity.TestTools.CodeCoverage.Editor.OpenCover.Model.dll (+2 others) [CacheWrite 00000000000000000000000000000003]
[           0s] Csc Library/Bee/artifacts/200b0aE.dag/Unity.Settings.Editor.dll (+2 others) [CacheWrite 00000000000000000000000000000003]
[308/495    0s] MovedFromExtractorCombine Library/Bee/artifacts/200b0aE.dag/Unity.Performance.Profile-Analyzer.Editor.dll.mvfrm
[309/495    0s] MovedFromExtractorCombine Library/Bee/artifacts/200b0aE.dag/Unity.TestTools.CodeCoverage.Editor.dll.mvfrm
[310/495    0s] MovedFromExtractorCombine Library/Bee/artifacts/200b0aE.dag/Unity.EditorCoroutines.Editor.dll.mvfrm
[311/495    0s] MovedFromExtractorCombine Library/Bee/artifacts/200b0aE.dag/Unity.VisualStudio.Editor.dll.mvfrm
[312/495    0s] MovedFromExtractorCombine Library/Bee/artifacts/200b0aE.dag/Unity.Rider.Editor.dll.mvfrm
[313/495    0s] Csc Library/Bee/artifacts/200b0aE.dag/Unity.Timeline.dll (+2 others)
[           0s] Csc Library/Bee/artifacts/200b0aE.dag/Unity.Timeline.dll (+2 others) [CacheWrite 00000000000000000000000000000003]
[315/495    0s] MovedFromExtractorCombine Library/Bee/artifacts/200b0aE.dag/Unity.VSCode.Editor.dll.mvfrm
[316/495    0s] MovedFromExtractorCombine Library/Bee/artifacts/200b0aE.dag/Unity.Timeline.Editor.dll.mvfrm
[317/495    0s] Csc Library/Bee/artifacts/200b0aE.dag/Unity.Services.Core.dll (+2 others)
[           0s] Csc Library/Bee/artifacts/200b0aE.dag/Unity.Services.Core.dll (+2 others) [CacheWrite 00000000000000000000000000000003]
[319/495    0s] Csc Library/Bee/artifacts/200b0aE.dag/Unity.Rider.Editor.dll (+2 others)
[           0s] Csc Library/Bee/artifacts/200b0aE.dag/Unity.Rider.Editor.dll (+2 others) [CacheWrite 00000000000000000000000000000003]
[320/495    0s] Csc Library/Bee/artifacts/200b0aE.dag/Unity.VSCode.Editor.dll (+2 others)
[           0s] Csc Library/Bee/artifacts/200b0aE.dag/Unity.VSCode.Editor.dll (+2 others) [CacheWrite 00000000000000000000000000000003]
[321/495    0s] MovedFromExtractorCombine Library/Bee/artifacts/200b0aE.dag/Unity.Services.Core.Internal.dll.mvfrm
[322/495    0s] MovedFromExtractorCombine Library/Bee/artifacts/200b0aE.dag/Unity.Services.Core.Analytics.dll.mvfrm
[323/495    1s] Csc Library/Bee/artifacts/200b0aE.dag/Unity.VisualStudio.Editor.dll (+2 others)
[           0s] Csc Library/Bee/artifacts/200b0aE.dag/Unity.VisualStudio.Editor.dll (+2 others) [CacheWrite 00000000000000000000000000000003]
[324/495    0s] Csc Library/Bee/artifacts/200b0aE.dag/Unity.Services.Core.Analytics.dll (+2 others)
[325/495    0s] Csc Library/Bee/artifacts/200b0aE.dag/Unity.EditorCoroutines.Editor.dll (+2 others)
[           0s] Csc Library/Bee/artifacts/200b0aE.dag/Unity.EditorCoroutines.Editor.dll (+2 others) [CacheWrite 00000000000000000000000000000003]
[           0s] Csc Library/Bee/artifacts/200b0aE.dag/Unity.Services.Core.Analytics.dll (+2 others) [CacheWrite 00000000000000000000000000000003]
[331/495    0s] CopyFiles Library/ScriptAssemblies/Unity.Services.Core.Analytics.dll
[332/495    0s] CopyFiles Library/ScriptAssemblies/Unity.Services.Core.dll
[333/495    0s] CopyFiles Library/ScriptAssemblies/Unity.Timeline.dll
[334/495    0s] CopyFiles Library/ScriptAssemblies/Unity.Services.Core.Analytics.pdb
[335/495    0s] CopyFiles Library/ScriptAssemblies/Unity.EditorCoroutines.Editor.dll
[336/495    0s] CopyFiles Library/ScriptAssemblies/Unity.EditorCoroutines.Editor.pdb
[337/495    0s] CopyFiles Library/ScriptAssemblies/Unity.VisualStudio.Editor.pdb
[338/495    0s] CopyFiles Library/ScriptAssemblies/Unity.VisualStudio.Editor.dll
[339/495    0s] CopyFiles Library/ScriptAssemblies/Unity.VSCode.Editor.pdb
[340/495    0s] CopyFiles Library/ScriptAssemblies/Unity.VSCode.Editor.dll
[341/495    0s] CopyFiles Library/ScriptAssemblies/Unity.Rider.Editor.dll
[342/495    0s] CopyFiles Library/ScriptAssemblies/Unity.Rider.Editor.pdb
[343/495    0s] CopyFiles Library/ScriptAssemblies/Unity.Services.Core.pdb
[344/495    0s] CopyFiles Library/ScriptAssemblies/Unity.Timeline.pdb
[345/495    0s] CopyFiles Library/ScriptAssemblies/Unity.Settings.Editor.dll
[346/495    0s] CopyFiles Library/ScriptAssemblies/Unity.Settings.Editor.pdb
[347/495    0s] CopyFiles Library/ScriptAssemblies/Unity.TestTools.CodeCoverage.Editor.OpenCover.Model.dll
[348/495    0s] CopyFiles Library/ScriptAssemblies/Unity.TestTools.CodeCoverage.Editor.OpenCover.Model.pdb
[349/495    0s] CopyFiles Library/ScriptAssemblies/Unity.TestTools.CodeCoverage.Editor.OpenCover.Mono.Reflection.dll
[350/495    0s] CopyFiles Library/ScriptAssemblies/Unity.TestTools.CodeCoverage.Editor.OpenCover.Mono.Reflection.pdb
[351/495    2s] Csc Library/Bee/artifacts/200b0aE.dag/Unity.TextMeshPro.dll (+2 others)
[           0s] Csc Library/Bee/artifacts/200b0aE.dag/Unity.TextMeshPro.dll (+2 others) [CacheWrite 00000000000000000000000000000003]
[353/495    0s] CopyFiles Library/ScriptAssemblies/Unity.TextMeshPro.dll
[354/495    0s] CopyFiles Library/ScriptAssemblies/Unity.TextMeshPro.pdb
[355/495    0s] Csc Library/Bee/artifacts/200b0aE.dag/Unity.Services.Core.Internal.dll (+2 others)
[           0s] Csc Library/Bee/artifacts/200b0aE.dag/Unity.Services.Core.Internal.dll (+2 others) [CacheWrite 00000000000000000000000000000003]
[357/495    0s] CopyFiles Library/ScriptAssemblies/Unity.Services.Core.Internal.dll
[358/495    0s] MovedFromExtractorCombine Library/Bee/artifacts/200b0aE.dag/Unity.TextMeshPro.Editor.dll.mvfrm
[359/495    2s] Csc Library/Bee/artifacts/200b0aE.dag/Unity.PlasticSCM.Editor.dll (+2 others)
[           0s] Csc Library/Bee/artifacts/200b0aE.dag/Unity.PlasticSCM.Editor.dll (+2 others) [CacheWrite 00000000000000000000000000000003]
[360/495    0s] MovedFromExtractorCombine Library/Bee/artifacts/200b0aE.dag/Unity.Services.Core.Telemetry.dll.mvfrm
[361/495    0s] MovedFromExtractorCombine Library/Bee/artifacts/200b0aE.dag/Unity.Services.Core.Environments.dll.mvfrm
[362/495    0s] MovedFromExtractorCombine Library/Bee/artifacts/200b0aE.dag/Unity.Services.Core.Configuration.dll.mvfrm
[363/495    0s] Csc Library/Bee/artifacts/200b0aE.dag/Unity.TestTools.CodeCoverage.Editor.dll (+2 others)
[           0s] Csc Library/Bee/artifacts/200b0aE.dag/Unity.TestTools.CodeCoverage.Editor.dll (+2 others) [CacheWrite 00000000000000000000000000000003]
[364/495    0s] MovedFromExtractorCombine Library/Bee/artifacts/200b0aE.dag/Unity.Services.Core.Scheduler.dll.mvfrm
[365/495    0s] MovedFromExtractorCombine Library/Bee/artifacts/200b0aE.dag/Unity.Services.Core.Environments.Internal.dll.mvfrm
[366/495    0s] Csc Library/Bee/artifacts/200b0aE.dag/Unity.Services.Core.Telemetry.dll (+2 others)
[           0s] Csc Library/Bee/artifacts/200b0aE.dag/Unity.Services.Core.Telemetry.dll (+2 others) [CacheWrite 00000000000000000000000000000003]
[367/495    0s] MovedFromExtractorCombine Library/Bee/artifacts/200b0aE.dag/Unity.Services.Core.Threading.dll.mvfrm
[368/495    0s] Csc Library/Bee/artifacts/200b0aE.dag/Unity.Services.Core.Configuration.dll (+2 others)
[369/495    0s] Csc Library/Bee/artifacts/200b0aE.dag/Unity.Services.Core.Environments.dll (+2 others)
[370/495    0s] MovedFromExtractorCombine Library/Bee/artifacts/200b0aE.dag/Unity.Services.Core.Device.dll.mvfrm
[           0s] Csc Library/Bee/artifacts/200b0aE.dag/Unity.Services.Core.Configuration.dll (+2 others) [CacheWrite 00000000000000000000000000000003]
[           0s] Csc Library/Bee/artifacts/200b0aE.dag/Unity.Services.Core.Environments.dll (+2 others) [CacheWrite 00000000000000000000000000000003]
[371/495    3s] Csc Library/Bee/artifacts/200b0aE.dag/Unity.VisualScripting.Core.dll (+2 others)
[           0s] Csc Library/Bee/artifacts/200b0aE.dag/Unity.VisualScripting.Core.dll (+2 others) [CacheWrite 00000000000000000000000000000003]
[375/495    0s] MovedFromExtractorCombine Library/Bee/artifacts/200b0aE.dag/Unity.Services.Core.Components.dll.mvfrm
[376/495    0s] MovedFromExtractorCombine Library/Bee/artifacts/200b0aE.dag/Unity.VisualScripting.Flow.dll.mvfrm
[377/495    0s] Csc Library/Bee/artifacts/200b0aE.dag/Unity.Services.Core.Scheduler.dll (+2 others)
[           0s] Csc Library/Bee/artifacts/200b0aE.dag/Unity.Services.Core.Scheduler.dll (+2 others) [CacheWrite 00000000000000000000000000000003]
[380/495    0s] Csc Library/Bee/artifacts/200b0aE.dag/Unity.Services.Core.Threading.dll (+2 others)
[           0s] Csc Library/Bee/artifacts/200b0aE.dag/Unity.Services.Core.Threading.dll (+2 others) [CacheWrite 00000000000000000000000000000003]
[382/495    1s] Csc Library/Bee/artifacts/200b0aE.dag/Unity.Performance.Profile-Analyzer.Editor.dll (+2 others)
[383/495    0s] Csc Library/Bee/artifacts/200b0aE.dag/Unity.Services.Core.Device.dll (+2 others)
[           0s] Csc Library/Bee/artifacts/200b0aE.dag/Unity.Performance.Profile-Analyzer.Editor.dll (+2 others) [CacheWrite 00000000000000000000000000000003]
[           0s] Csc Library/Bee/artifacts/200b0aE.dag/Unity.Services.Core.Device.dll (+2 others) [CacheWrite 00000000000000000000000000000003]
[385/495    0s] MovedFromExtractorCombine Library/Bee/artifacts/200b0aE.dag/Unity.VisualScripting.Core.Editor.dll.mvfrm
[386/495    0s] Csc Library/Bee/artifacts/200b0aE.dag/Unity.Services.Core.Environments.Internal.dll (+2 others)
[           0s] Csc Library/Bee/artifacts/200b0aE.dag/Unity.Services.Core.Environments.Internal.dll (+2 others) [CacheWrite 00000000000000000000000000000003]
[388/495    2s] Csc Library/Bee/artifacts/200b0aE.dag/Unity.Timeline.Editor.dll (+2 others)
[           0s] Csc Library/Bee/artifacts/200b0aE.dag/Unity.Timeline.Editor.dll (+2 others) [CacheWrite 00000000000000000000000000000003]
[389/495    0s] MovedFromExtractorCombine Library/Bee/artifacts/200b0aE.dag/Unity.Services.Core.Configuration.Editor.dll.mvfrm
[394/495    0s] CopyFiles Library/ScriptAssemblies/Unity.Services.Core.Environments.Internal.dll
[395/495    0s] CopyFiles Library/ScriptAssemblies/Unity.Services.Core.Device.dll
[396/495    0s] CopyFiles Library/ScriptAssemblies/Unity.Services.Core.Threading.dll
[397/495    0s] CopyFiles Library/ScriptAssemblies/Unity.Services.Core.Scheduler.dll
[398/495    0s] CopyFiles Library/ScriptAssemblies/Unity.VisualScripting.Core.dll
[399/495    0s] CopyFiles Library/ScriptAssemblies/Unity.Services.Core.Environments.dll
[400/495    0s] CopyFiles Library/ScriptAssemblies/Unity.Services.Core.Configuration.dll
[401/495    0s] CopyFiles Library/ScriptAssemblies/Unity.Services.Core.Telemetry.dll
[402/495    0s] CopyFiles Library/ScriptAssemblies/Unity.Timeline.Editor.dll
[403/495    0s] CopyFiles Library/ScriptAssemblies/Unity.Timeline.Editor.pdb
[404/495    0s] CopyFiles Library/ScriptAssemblies/Unity.Services.Core.Environments.Internal.pdb
[405/495    0s] CopyFiles Library/ScriptAssemblies/Unity.Services.Core.Device.pdb
[406/495    0s] CopyFiles Library/ScriptAssemblies/Unity.Performance.Profile-Analyzer.Editor.dll
[407/495    0s] CopyFiles Library/ScriptAssemblies/Unity.Performance.Profile-Analyzer.Editor.pdb
[408/495    0s] CopyFiles Library/ScriptAssemblies/Unity.Services.Core.Threading.pdb
[409/495    0s] CopyFiles Library/ScriptAssemblies/Unity.Services.Core.Scheduler.pdb
[410/495    0s] CopyFiles Library/ScriptAssemblies/Unity.VisualScripting.Core.pdb
[411/495    0s] CopyFiles Library/ScriptAssemblies/Unity.Services.Core.Environments.pdb
[412/495    0s] CopyFiles Library/ScriptAssemblies/Unity.Services.Core.Configuration.pdb
[413/495    0s] CopyFiles Library/ScriptAssemblies/Unity.Services.Core.Telemetry.pdb
[414/495    0s] CopyFiles Library/ScriptAssemblies/Unity.TestTools.CodeCoverage.Editor.pdb
[415/495    0s] CopyFiles Library/ScriptAssemblies/Unity.TestTools.CodeCoverage.Editor.dll
[416/495    0s] CopyFiles Library/ScriptAssemblies/Unity.PlasticSCM.Editor.pdb
[417/495    0s] CopyFiles Library/ScriptAssemblies/Unity.PlasticSCM.Editor.dll
[418/495    0s] CopyFiles Library/ScriptAssemblies/Unity.Services.Core.Internal.pdb
[419/495    0s] MovedFromExtractorCombine Library/Bee/artifacts/200b0aE.dag/Unity.Services.Core.Networking.dll.mvfrm
[420/495    0s] MovedFromExtractorCombine Library/Bee/artifacts/200b0aE.dag/Unity.Services.Core.Registration.dll.mvfrm
[421/495    0s] Csc Library/Bee/artifacts/200b0aE.dag/Unity.Services.Core.Components.dll (+2 others)
[422/495    0s] Csc Library/Bee/artifacts/200b0aE.dag/Unity.Services.Core.Networking.dll (+2 others)
[           0s] Csc Library/Bee/artifacts/200b0aE.dag/Unity.Services.Core.Components.dll (+2 others) [CacheWrite 00000000000000000000000000000003]
[424/495    0s] CopyFiles Library/ScriptAssemblies/Unity.Services.Core.Components.dll
[425/495    0s] CopyFiles Library/ScriptAssemblies/Unity.Services.Core.Components.pdb
[           0s] Csc Library/Bee/artifacts/200b0aE.dag/Unity.Services.Core.Networking.dll (+2 others) [CacheWrite 00000000000000000000000000000003]
[427/495    0s] CopyFiles Library/ScriptAssemblies/Unity.Services.Core.Networking.pdb
[428/495    0s] CopyFiles Library/ScriptAssemblies/Unity.Services.Core.Networking.dll
[429/495    0s] Csc Library/Bee/artifacts/200b0aE.dag/Unity.Services.Core.Registration.dll (+2 others)
[           0s] Csc Library/Bee/artifacts/200b0aE.dag/Unity.Services.Core.Registration.dll (+2 others) [CacheWrite 00000000000000000000000000000003]
[431/495    0s] CopyFiles Library/ScriptAssemblies/Unity.Services.Core.Registration.pdb
[432/495    0s] CopyFiles Library/ScriptAssemblies/Unity.Services.Core.Registration.dll
[433/495    0s] Csc Library/Bee/artifacts/200b0aE.dag/Unity.Services.Core.Configuration.Editor.dll (+2 others)
[           0s] Csc Library/Bee/artifacts/200b0aE.dag/Unity.Services.Core.Configuration.Editor.dll (+2 others) [CacheWrite 00000000000000000000000000000003]
[435/495    0s] CopyFiles Library/ScriptAssemblies/Unity.Services.Core.Configuration.Editor.dll
[436/495    0s] CopyFiles Library/ScriptAssemblies/Unity.Services.Core.Configuration.Editor.pdb
[437/495    0s] Csc Library/Bee/artifacts/200b0aE.dag/Unity.TextMeshPro.Editor.dll (+2 others)
[438/495    0s] MovedFromExtractorCombine Library/Bee/artifacts/200b0aE.dag/Unity.Services.Core.Editor.dll.mvfrm
[           0s] Csc Library/Bee/artifacts/200b0aE.dag/Unity.TextMeshPro.Editor.dll (+2 others) [CacheWrite 00000000000000000000000000000003]
[440/495    0s] CopyFiles Library/ScriptAssemblies/Unity.TextMeshPro.Editor.dll
[441/495    0s] CopyFiles Library/ScriptAssemblies/Unity.TextMeshPro.Editor.pdb
[442/495    1s] Csc Library/Bee/artifacts/200b0aE.dag/Unity.VisualScripting.Flow.dll (+2 others)
[           0s] Csc Library/Bee/artifacts/200b0aE.dag/Unity.VisualScripting.Flow.dll (+2 others) [CacheWrite 00000000000000000000000000000003]
[444/495    0s] CopyFiles Library/ScriptAssemblies/Unity.VisualScripting.Flow.dll
[445/495    0s] CopyFiles Library/ScriptAssemblies/Unity.VisualScripting.Flow.pdb
[446/495    0s] MovedFromExtractorCombine Library/Bee/artifacts/200b0aE.dag/Unity.VisualScripting.State.dll.mvfrm
[447/495    0s] Csc Library/Bee/artifacts/200b0aE.dag/Unity.Services.Core.Editor.dll (+2 others)
[           0s] Csc Library/Bee/artifacts/200b0aE.dag/Unity.Services.Core.Editor.dll (+2 others) [CacheWrite 00000000000000000000000000000003]
[449/495    0s] CopyFiles Library/ScriptAssemblies/Unity.Services.Core.Editor.pdb
[450/495    0s] CopyFiles Library/ScriptAssemblies/Unity.Services.Core.Editor.dll
[451/495    0s] MovedFromExtractorCombine Library/Bee/artifacts/200b0aE.dag/Unity.CollabProxy.Editor.dll.mvfrm
[452/495    0s] MovedFromExtractorCombine Library/Bee/artifacts/200b0aE.dag/Unity.Services.Core.Environments.Editor.dll.mvfrm
[453/495    0s] Csc Library/Bee/artifacts/200b0aE.dag/Unity.VisualScripting.State.dll (+2 others)
[           0s] Csc Library/Bee/artifacts/200b0aE.dag/Unity.VisualScripting.State.dll (+2 others) [CacheWrite 00000000000000000000000000000003]
[455/495    0s] CopyFiles Library/ScriptAssemblies/Unity.VisualScripting.State.dll
[456/495    0s] CopyFiles Library/ScriptAssemblies/Unity.VisualScripting.State.pdb
[457/495    1s] Csc Library/Bee/artifacts/200b0aE.dag/Unity.VisualScripting.Core.Editor.dll (+2 others)
[           0s] Csc Library/Bee/artifacts/200b0aE.dag/Unity.VisualScripting.Core.Editor.dll (+2 others) [CacheWrite 00000000000000000000000000000003]
[459/495    0s] CopyFiles Library/ScriptAssemblies/Unity.VisualScripting.Core.Editor.pdb
[460/495    0s] CopyFiles Library/ScriptAssemblies/Unity.VisualScripting.Core.Editor.dll
[461/495    0s] MovedFromExtractorCombine Library/Bee/artifacts/200b0aE.dag/Unity.VisualScripting.Flow.Editor.dll.mvfrm
[462/495    0s] Csc Library/Bee/artifacts/200b0aE.dag/Unity.Services.Core.Environments.Editor.dll (+2 others)
[463/495    0s] Csc Library/Bee/artifacts/200b0aE.dag/Unity.CollabProxy.Editor.dll (+2 others)
[           0s] Csc Library/Bee/artifacts/200b0aE.dag/Unity.CollabProxy.Editor.dll (+2 others) [CacheWrite 00000000000000000000000000000003]
[           0s] Csc Library/Bee/artifacts/200b0aE.dag/Unity.Services.Core.Environments.Editor.dll (+2 others) [CacheWrite 00000000000000000000000000000003]
[464/495    0s] CopyFiles Library/ScriptAssemblies/Unity.Services.Core.Environments.Editor.dll
[465/495    0s] CopyFiles Library/ScriptAssemblies/Unity.Services.Core.Environments.Editor.pdb
[466/495    0s] CopyFiles Library/ScriptAssemblies/Unity.CollabProxy.Editor.dll
[467/495    0s] CopyFiles Library/ScriptAssemblies/Unity.CollabProxy.Editor.pdb
[468/495    0s] Csc Library/Bee/artifacts/200b0aE.dag/Unity.VisualScripting.Flow.Editor.dll (+2 others)
[           0s] Csc Library/Bee/artifacts/200b0aE.dag/Unity.VisualScripting.Flow.Editor.dll (+2 others) [CacheWrite 00000000000000000000000000000003]
[470/495    0s] CopyFiles Library/ScriptAssemblies/Unity.VisualScripting.Flow.Editor.pdb
[471/495    0s] CopyFiles Library/ScriptAssemblies/Unity.VisualScripting.Flow.Editor.dll
[472/495    0s] MovedFromExtractorCombine Library/Bee/artifacts/200b0aE.dag/Unity.VisualScripting.State.Editor.dll.mvfrm
[473/495    0s] MovedFromExtractorCombine Library/Bee/artifacts/200b0aE.dag/Unity.VisualScripting.SettingsProvider.Editor.dll.mvfrm
[474/495    0s] Csc Library/Bee/artifacts/200b0aE.dag/Unity.VisualScripting.SettingsProvider.Editor.dll (+2 others)
[475/495    0s] Csc Library/Bee/artifacts/200b0aE.dag/Unity.VisualScripting.State.Editor.dll (+2 others)
[           0s] Csc Library/Bee/artifacts/200b0aE.dag/Unity.VisualScripting.SettingsProvider.Editor.dll (+2 others) [CacheWrite 00000000000000000000000000000003]
[           0s] Csc Library/Bee/artifacts/200b0aE.dag/Unity.VisualScripting.State.Editor.dll (+2 others) [CacheWrite 00000000000000000000000000000003]
[478/495    0s] CopyFiles Library/ScriptAssemblies/Unity.VisualScripting.SettingsProvider.Editor.dll
[479/495    0s] CopyFiles Library/ScriptAssemblies/Unity.VisualScripting.SettingsProvider.Editor.pdb
[480/495    0s] CopyFiles Library/ScriptAssemblies/Unity.VisualScripting.State.Editor.pdb
[481/495    0s] CopyFiles Library/ScriptAssemblies/Unity.VisualScripting.State.Editor.dll
[482/495    0s] MovedFromExtractorCombine Library/Bee/artifacts/200b0aE.dag/Unity.VisualScripting.Shared.Editor.dll.mvfrm
[483/495    0s] Csc Library/Bee/artifacts/200b0aE.dag/Unity.VisualScripting.Shared.Editor.dll (+2 others)
[           0s] Csc Library/Bee/artifacts/200b0aE.dag/Unity.VisualScripting.Shared.Editor.dll (+2 others) [CacheWrite 00000000000000000000000000000003]
[486/495    0s] CopyFiles Library/ScriptAssemblies/Unity.VisualScripting.Shared.Editor.pdb
[487/495    0s] CopyFiles Library/ScriptAssemblies/Unity.VisualScripting.Shared.Editor.dll
[491/495    0s] MovedFromExtractorCombine Library/Bee/artifacts/200b0aE.dag/Assembly-CSharp-Editor.dll.mvfrm
[492/495    0s] Csc Library/Bee/artifacts/200b0aE.dag/Assembly-CSharp-Editor.dll (+2 others)
[493/495    0s] CopyFiles Library/ScriptAssemblies/Assembly-CSharp-Editor.pdb
[494/495    0s] CopyFiles Library/ScriptAssemblies/Assembly-CSharp-Editor.dll
*** Tundra build success (10.13 seconds), 353 items updated, 495 evaluated
Total cache size 41101212
Total cache size after purge 41101212
AssetDatabase: script compilation time: 11.866181s
Begin MonoManager ReloadAssembly
Symbol file LoadedFromMemory doesn't match image /Users/chifankung/Desktop/StroopGame-handoff/StroopGame/game/Library/PackageCache/com.unity.visualscripting@1.7.6/Editor/VisualScripting.Core/Dependencies/YamlDotNet/Unity.VisualScripting.YamlDotNet.dll
Symbol file LoadedFromMemory doesn't match image /Users/chifankung/Desktop/StroopGame-handoff/StroopGame/game/Library/PackageCache/com.unity.visualscripting@1.7.6/Editor/VisualScripting.Core/Dependencies/DotNetZip/Unity.VisualScripting.IonicZip.dll
Symbol file LoadedFromMemory is not a mono symbol file
- Loaded All Assemblies, in  0.558 seconds
Refreshing native plugins compatible for Editor in 2.19 ms, found 2 plugins.
Preloading 0 native plugins for Editor in 0.00 ms.
Start importing Assets/Editor/WebGLBuilder.cs using Guid(565c3e412c45c4d93bb555a144d8f227) Importer(-1,00000000000000000000000000000000) [PhysX] Initialized MultithreadedTaskDispatcher with 8 workers.
 -> (artifact id: 'fe242f504dd876e15d1c017cc0e6ee78') in 0.031552 seconds
Refreshing native plugins compatible for Editor in 1.00 ms, found 2 plugins.
Native extension for OSXStandalone target not found
Native extension for WebGL target not found
Mono: successfully reloaded assembly
- Finished resetting the current domain, in  0.797 seconds
Domain Reload Profiling: 1356ms
	BeginReloadAssembly (167ms)
		ExecutionOrderSort (0ms)
		DisableScriptedObjects (5ms)
		BackupInstance (0ms)
		ReleaseScriptingObjects (0ms)
		CreateAndSetChildDomain (27ms)
	RebuildCommonClasses (23ms)
	RebuildNativeTypeToScriptingClass (8ms)
	initialDomainReloadingComplete (31ms)
	LoadAllAssembliesAndSetupDomain (330ms)
		LoadAssemblies (294ms)
		RebuildTransferFunctionScriptingTraits (0ms)
		AnalyzeDomain (129ms)
			TypeCache.Refresh (118ms)
				TypeCache.ScanAssembly (103ms)
			ScanForSourceGeneratedMonoScriptInfo (8ms)
			ResolveRequiredComponents (2ms)
	FinalizeReload (798ms)
		ReleaseScriptCaches (0ms)
		RebuildScriptCaches (0ms)
		SetupLoadedEditorAssemblies (724ms)
			LogAssemblyErrors (0ms)
			InitializePlatformSupportModulesInManaged (3ms)
			SetLoadedEditorAssemblies (2ms)
			RefreshPlugins (0ms)
			BeforeProcessingInitializeOnLoad (22ms)
			ProcessInitializeOnLoadAttributes (676ms)
			ProcessInitializeOnLoadMethodAttributes (20ms)
			AfterProcessingInitializeOnLoad (1ms)
			EditorAssembliesLoaded (1ms)
		ExecutionOrderSort2 (0ms)
		AwakeInstancesAfterBackupRestoration (2ms)
Refreshing native plugins compatible for Editor in 1.03 ms, found 2 plugins.
Preloading 0 native plugins for Editor in 0.00 ms.
Asset Pipeline Refresh (id=60b582f2c93554c9a8e91f463603768c): Total: 14.692 seconds - Initiated by InitialRefreshV2(ForceSynchronousImport)
	Summary:
		Imports: total=929 (actual=1, local cache=928, cache server=0)
		Asset DB Process Time: managed=2 ms, native=1308 ms
		Asset DB Callback time: managed=90 ms, native=11 ms
		Scripting: domain reloads=1, domain reload time=1391 ms, compile time=11868 ms, other=19 ms
		Project Asset Count: scripts=4295, non-scripts=859
		Asset File Changes: new=1, changed=1, moved=0, deleted=0
		Scan Filter Count: 1
	InvokeBeforeRefreshCallbacks: 0.188ms
	ApplyChangesToAssetFolders: 0.020ms
	Scan: 180.696ms
	OnSourceAssetsModified: 1.282ms
	GetAllGuidsForCategorization: 0.340ms
	CategorizeAssets: 138.598ms
	ImportOutOfDateAssets: 860.177ms (-11056.511ms without children)
		ImportManagerImport: 36.928ms (4.315ms without children)
			ImportInProcess: 32.600ms
			UpdateCategorizedAssets: 0.013ms
		CompileScripts: 11868.219ms
		ReloadNativeAssets: 0.000ms
		UnloadImportedAssets: 9.714ms
		ReloadImportedAssets: 0.000ms
		EnsureUptoDateAssetsAreRegisteredWithGuidPM: 1.130ms
		InitializingProgressBar: 0.000ms
		PostProcessAllAssetNotificationsAddChangedAssets: 0.000ms
		OnDemandSchedulerStart: 0.697ms
	PostProcessAllAssets: 94.942ms
	Hotreload: 5.502ms
	GatherAllCurrentPrimaryArtifactRevisions: 0.000ms
	UnloadStreamsBegin: 0.204ms
	PersistCurrentRevisions: 0.371ms
	UnloadStreamsEnd: 0.015ms
	GenerateScriptTypeHashes: 0.786ms
	Untracked: 13409.441ms
Application.AssetDatabase Initial Refresh End
Launching external process: /Applications/Unity/Hub/Editor/2022.3.62f3/Unity.app/Contents/Tools/UnityShaderCompiler
Launched and connected shader compiler UnityShaderCompiler after 0.32 seconds
Scanning for USB devices : 0.032ms
Initializing Unity extensions:
[Licensing::Client] Successfully resolved entitlement details
[MODES] ModeService[none].Initialize
[MODES] ModeService[none].LoadModes
[MODES] Loading mode Default (0) for mode-current-id-My project (1)
2026-06-04 18:34:09.318 Unity[8433:315981] NSEventModifierFlagFunction specified to -setKeyEquivalentModifierMask: for item <NSMenuItem: 0xc5edc38e0 Font Asset, ke='Command-F12'>, but is only supported for system-provided menu items; will not be used
[PhysX] Initialized MultithreadedTaskDispatcher with 8 workers.
ProgressiveSceneManager::Cancel()
-- Listing OpenCL platforms(s) --
 * OpenCL platform 0
	PROFILE = FULL_PROFILE
	VERSION = OpenCL 1.2 (Jan 16 2026 07:22:26)
	NAME = Apple
	VENDOR = Apple
-- Listing OpenCL device(s) --
 * OpenCL platform 0, device 0 
	DEVICE_TYPE = 4
	DEVICE_NAME = Apple M1
	DEVICE_VENDOR = Apple
	DEVICE_VERSION = OpenCL 1.2 
	DRIVER_VERSION = 1.2 1.0
	DEVICE_MAX_COMPUTE_UNITS = 8
	DEVICE_MAX_CLOCK_FREQUENCY = 1000
	CL_DEVICE_MAX_CONSTANT_BUFFER_SIZE = 1073741824
	CL_DEVICE_HOST_UNIFIED_MEMORY = true
	CL_DEVICE_MAX_MEM_ALLOC_SIZE = 1073741824
	DEVICE_GLOBAL_MEM_SIZE = 5726633984
-- GPU Progressive lightmapper will use OpenCL device 'Apple M1' from 'Apple'--
   use -OpenCL-PlatformAndDeviceIndices <platformIdx> <deviceIdx> as command line arguments if you want to select a specific adapter for OpenCL.
Unloading 3 Unused Serialized files (Serialized files now loaded: 0)
Unloading 46 unused Assets / (381.0 KB). Loaded Objects now: 4079.
Memory consumption went from 118.2 MB to 117.8 MB.
Total: 5.910666 ms (FindLiveObjects: 0.200667 ms CreateObjectMapping: 0.046833 ms MarkObjects: 5.332166 ms  DeleteObjects: 0.330416 ms)

2026-06-04 18:34:09.504 Unity[8433:315981] NSEventModifierFlagFunction specified to -setKeyEquivalentModifierMask: for item <NSMenuItem: 0xc5edc2f80 Font Asset, ke='Command-F12'>, but is only supported for system-provided menu items; will not be used
[WebGLBuilder] Build Settings 沒場景，改用 Assets/Scenes/SampleScene.unity
UnityEngine.StackTraceUtility:ExtractStackTrace () (at /Users/bokken/build/output/unity/unity/Runtime/Export/Scripting/StackTrace.cs:37)
UnityEngine.DebugLogHandler:LogFormat (UnityEngine.LogType,UnityEngine.Object,string,object[])
UnityEngine.Logger:Log (UnityEngine.LogType,object)
UnityEngine.Debug:LogWarning (object)
StroopGame.EditorTools.WebGLBuilder:Build (string) (at Assets/Editor/WebGLBuilder.cs:61)
StroopGame.EditorTools.WebGLBuilder:BuildFromCommandLine () (at Assets/Editor/WebGLBuilder.cs:42)

(Filename: Assets/Editor/WebGLBuilder.cs Line: 61)

[WebGLBuilder] 開始 build → /Users/chifankung/Desktop/StroopGame-handoff/StroopGame/game/Build/WebGL
UnityEngine.StackTraceUtility:ExtractStackTrace () (at /Users/bokken/build/output/unity/unity/Runtime/Export/Scripting/StackTrace.cs:37)
UnityEngine.DebugLogHandler:LogFormat (UnityEngine.LogType,UnityEngine.Object,string,object[])
UnityEngine.Logger:Log (UnityEngine.LogType,object)
UnityEngine.Debug:Log (object)
StroopGame.EditorTools.WebGLBuilder:Build (string) (at Assets/Editor/WebGLBuilder.cs:93)
StroopGame.EditorTools.WebGLBuilder:BuildFromCommandLine () (at Assets/Editor/WebGLBuilder.cs:42)

(Filename: Assets/Editor/WebGLBuilder.cs Line: 93)

[ServicesCore]: To use Unity's dashboard services, you need to link your Unity project to a project ID. To do this, go to Project Settings to select your organization, select your project and then link a project ID. You also need to make sure your organization has access to the required products. Visit https://dashboard.unity3d.com to sign up.
UnityEngine.StackTraceUtility:ExtractStackTrace () (at /Users/bokken/build/output/unity/unity/Runtime/Export/Scripting/StackTrace.cs:37)
UnityEngine.DebugLogHandler:LogFormat (UnityEngine.LogType,UnityEngine.Object,string,object[])
UnityEngine.Logger:LogWarning (string,object)
Unity.Services.Core.Internal.CoreLogger:LogWarning (object) (at ./Library/PackageCache/com.unity.services.core@1.14.0/Runtime/Core.Internal/Logging/CoreLogger.cs:15)
Unity.Services.Core.Editor.ProjectUnlinkBuildWarning:OnPreprocessBuild (UnityEditor.Build.Reporting.BuildReport) (at ./Library/PackageCache/com.unity.services.core@1.14.0/Editor/Core/Build/ProjectUnlinkBuildWarning.cs:29)
UnityEditor.Build.BuildPipelineInterfaces/<>c__DisplayClass16_0:<OnBuildPreProcess>b__1 (UnityEditor.Build.IPreprocessBuildWithReport) (at /Users/bokken/build/output/unity/unity/Editor/Mono/BuildPipeline/BuildPipelineInterfaces.cs:499)
UnityEditor.Build.BuildPipelineInterfaces:InvokeCallbackInterfacesPair<UnityEditor.Build.IPreprocessBuild, UnityEditor.Build.IPreprocessBuildWithReport> (System.Collections.Generic.List`1<UnityEditor.Build.IPreprocessBuild>,System.Action`1<UnityEditor.Build.IPreprocessBuild>,System.Collections.Generic.List`1<UnityEditor.Build.IPreprocessBuildWithReport>,System.Action`1<UnityEditor.Build.IPreprocessBuildWithReport>,bool) (at /Users/bokken/build/output/unity/unity/Editor/Mono/BuildPipeline/BuildPipelineInterfaces.cs:465)
UnityEditor.Build.BuildPipelineInterfaces:OnBuildPreProcess (UnityEditor.Build.Reporting.BuildReport) (at /Users/bokken/build/output/unity/unity/Editor/Mono/BuildPipeline/BuildPipelineInterfaces.cs:497)
UnityEditor.BuildPipeline:BuildPlayerInternal (string[],string,string,UnityEditor.BuildTargetGroup,UnityEditor.BuildTarget,int,UnityEditor.BuildOptions,string[]) (at /Users/bokken/build/output/unity/unity/Editor/Mono/BuildPipeline.bindings.cs:531)
UnityEditor.BuildPipeline:BuildPlayer (string[],string,string,UnityEditor.BuildTargetGroup,UnityEditor.BuildTarget,int,UnityEditor.BuildOptions,string[]) (at /Users/bokken/build/output/unity/unity/Editor/Mono/BuildPipeline.bindings.cs:396)
UnityEditor.BuildPipeline:BuildPlayer (UnityEditor.BuildPlayerOptions) (at /Users/bokken/build/output/unity/unity/Editor/Mono/BuildPipeline.bindings.cs:342)
StroopGame.EditorTools.WebGLBuilder:Build (string) (at Assets/Editor/WebGLBuilder.cs:94)
StroopGame.EditorTools.WebGLBuilder:BuildFromCommandLine () (at Assets/Editor/WebGLBuilder.cs:42)

(Filename: ./Library/PackageCache/com.unity.services.core@1.14.0/Editor/Core/Build/ProjectUnlinkBuildWarning.cs Line: 29)

Start importing ProjectSettings/ProjectSettings.asset using Guid(00000000000000004000000000000000) Importer(-1,00000000000000000000000000000000) [PhysX] Initialized MultithreadedTaskDispatcher with 8 workers.
 -> (artifact id: 'f3517242a6b17d61c13f4761445181b7') in 0.003943 seconds
Refreshing native plugins compatible for Editor in 0.96 ms, found 2 plugins.
Preloading 0 native plugins for Editor in 0.00 ms.
Asset Pipeline Refresh (id=5ccc955eca72c440ba3e7714420acaae): Total: 0.030 seconds - Initiated by StopAssetImportingV2(NoUpdateAssetOptions)
[40m[32minfo[39m[22m[49m: Microsoft.AspNetCore.Hosting.Diagnostics[1]
      Request starting HTTP/2 POST http://ilpp/UnityILPP.PostProcessing/Ping application/grpc -
[40m[32minfo[39m[22m[49m: Microsoft.AspNetCore.Routing.EndpointMiddleware[0]
      Executing endpoint 'gRPC - /UnityILPP.PostProcessing/Ping'
[40m[32minfo[39m[22m[49m: Microsoft.AspNetCore.Routing.EndpointMiddleware[1]
      Executed endpoint 'gRPC - /UnityILPP.PostProcessing/Ping'
[40m[32minfo[39m[22m[49m: Microsoft.AspNetCore.Hosting.Diagnostics[2]
      Request finished HTTP/2 POST http://ilpp/UnityILPP.PostProcessing/Ping application/grpc - - 200 - application/grpc 5.3199ms
Starting: /Applications/Unity/Hub/Editor/2022.3.62f3/Unity.app/Contents/bee_backend --ipc --defer-dag-verification --dagfile="Library/Bee/200b0aESkipCompile.dag" --continue-on-failure --profile="Library/Bee/backend1.traceevents" ScriptAssembliesAndTypeDB
WorkingDir: /Users/chifankung/Desktop/StroopGame-handoff/StroopGame/game
ExitCode: 4 Duration: 0s27ms
[             ] Require frontend run.  Library/Bee/200b0aESkipCompile.dag couldn't be loaded
Starting: /Applications/Unity/Hub/Editor/2022.3.62f3/Unity.app/Contents/Tools/netcorerun/netcorerun "/Applications/Unity/Hub/Editor/2022.3.62f3/Unity.app/Contents/Tools/BuildPipeline/ScriptCompilationBuildProgram.exe" "Library/Bee/200b0aESkipCompile.dag.json" "Library/Bee/200b0aESkipCompile-inputdata.json" "Library/Bee/buildprogram0.traceevents"
WorkingDir: /Users/chifankung/Desktop/StroopGame-handoff/StroopGame/game
ExitCode: 0 Duration: 0s289ms
Starting: /Applications/Unity/Hub/Editor/2022.3.62f3/Unity.app/Contents/bee_backend --ipc --defer-dag-verification --dagfile="Library/Bee/200b0aESkipCompile.dag" --continue-on-failure --dagfilejson="Library/Bee/200b0aESkipCompile.dag.json" --profile="Library/Bee/backend2.traceevents" ScriptAssembliesAndTypeDB
WorkingDir: /Users/chifankung/Desktop/StroopGame-handoff/StroopGame/game
ExitCode: 0 Duration: 0s503ms
Finished compiling graph: 4 nodes, 5 flattened edges (5 ToBuild, 0 ToUse), maximum node priority 3
[2/3        0s] BuildPlayerDataGenerator Library/BuildPlayerData/Editor/TypeDb-All.json
Field 'System.Numerics.Vector2 SixLabors.Fonts.GlyphInstance/ControlPointCollection::SecondControlPoint' from '/Users/chifankung/Desktop/StroopGame-handoff/StroopGame/game/Library/PackageCache/com.unity.testtools.codecoverage@1.2.6/lib/ReportGenerator/ReportGeneratorMerged.dll', exception Failed to resolve System.Numerics.Vector2
Field 'System.Numerics.Vector2 SixLabors.Fonts.GlyphInstance/ControlPointCollection::ThirdControlPoint' from '/Users/chifankung/Desktop/StroopGame-handoff/StroopGame/game/Library/PackageCache/com.unity.testtools.codecoverage@1.2.6/lib/ReportGenerator/ReportGeneratorMerged.dll', exception Failed to resolve System.Numerics.Vector2
Field 'System.Numerics.Vector4 SixLabors.ImageSharp.ComplexVector4::Real' from '/Users/chifankung/Desktop/StroopGame-handoff/StroopGame/game/Library/PackageCache/com.unity.testtools.codecoverage@1.2.6/lib/ReportGenerator/ReportGeneratorMerged.dll', exception Failed to resolve System.Numerics.Vector4
Field 'System.Numerics.Vector4 SixLabors.ImageSharp.ComplexVector4::Imaginary' from '/Users/chifankung/Desktop/StroopGame-handoff/StroopGame/game/Library/PackageCache/com.unity.testtools.codecoverage@1.2.6/lib/ReportGenerator/ReportGeneratorMerged.dll', exception Failed to resolve System.Numerics.Vector4
Field 'System.Numerics.Vector4 SixLabors.ImageSharp.Formats.Jpeg.Components.Block8x8F::V0L' from '/Users/chifankung/Desktop/StroopGame-handoff/StroopGame/game/Library/PackageCache/com.unity.testtools.codecoverage@1.2.6/lib/ReportGenerator/ReportGeneratorMerged.dll', exception Failed to resolve System.Numerics.Vector4
Field 'System.Numerics.Vector4 SixLabors.ImageSharp.Formats.Jpeg.Components.Block8x8F::V0R' from '/Users/chifankung/Desktop/StroopGame-handoff/StroopGame/game/Library/PackageCache/com.unity.testtools.codecoverage@1.2.6/lib/ReportGenerator/ReportGeneratorMerged.dll', exception Failed to resolve System.Numerics.Vector4
Field 'System.Numerics.Vector4 SixLabors.ImageSharp.Formats.Jpeg.Components.Block8x8F::V1L' from '/Users/chifankung/Desktop/StroopGame-handoff/StroopGame/game/Library/PackageCache/com.unity.testtools.codecoverage@1.2.6/lib/ReportGenerator/ReportGeneratorMerged.dll', exception Failed to resolve System.Numerics.Vector4
Field 'System.Numerics.Vector4 SixLabors.ImageSharp.Formats.Jpeg.Components.Block8x8F::V1R' from '/Users/chifankung/Desktop/StroopGame-handoff/StroopGame/game/Library/PackageCache/com.unity.testtools.codecoverage@1.2.6/lib/ReportGenerator/ReportGeneratorMerged.dll', exception Failed to resolve System.Numerics.Vector4
Field 'System.Numerics.Vector4 SixLabors.ImageSharp.Formats.Jpeg.Components.Block8x8F::V2L' from '/Users/chifankung/Desktop/StroopGame-handoff/StroopGame/game/Library/PackageCache/com.unity.testtools.codecoverage@1.2.6/lib/ReportGenerator/ReportGeneratorMerged.dll', exception Failed to resolve System.Numerics.Vector4
Field 'System.Numerics.Vector4 SixLabors.ImageSharp.Formats.Jpeg.Components.Block8x8F::V2R' from '/Users/chifankung/Desktop/StroopGame-handoff/StroopGame/game/Library/PackageCache/com.unity.testtools.codecoverage@1.2.6/lib/ReportGenerator/ReportGeneratorMerged.dll', exception Failed to resolve System.Numerics.Vector4
Field 'System.Numerics.Vector4 SixLabors.ImageSharp.Formats.Jpeg.Components.Block8x8F::V3L' from '/Users/chifankung/Desktop/StroopGame-handoff/StroopGame/game/Library/PackageCache/com.unity.testtools.codecoverage@1.2.6/lib/ReportGenerator/ReportGeneratorMerged.dll', exception Failed to resolve System.Numerics.Vector4
Field 'System.Numerics.Vector4 SixLabors.ImageSharp.Formats.Jpeg.Components.Block8x8F::V3R' from '/Users/chifankung/Desktop/StroopGame-handoff/StroopGame/game/Library/PackageCache/com.unity.testtools.codecoverage@1.2.6/lib/ReportGenerator/ReportGeneratorMerged.dll', exception Failed to resolve System.Numerics.Vector4
Field 'System.Numerics.Vector4 SixLabors.ImageSharp.Formats.Jpeg.Components.Block8x8F::V4L' from '/Users/chifankung/Desktop/StroopGame-handoff/StroopGame/game/Library/PackageCache/com.unity.testtools.codecoverage@1.2.6/lib/ReportGenerator/ReportGeneratorMerged.dll', exception Failed to resolve System.Numerics.Vector4
Field 'System.Numerics.Vector4 SixLabors.ImageSharp.Formats.Jpeg.Components.Block8x8F::V4R' from '/Users/chifankung/Desktop/StroopGame-handoff/StroopGame/game/Library/PackageCache/com.unity.testtools.codecoverage@1.2.6/lib/ReportGenerator/ReportGeneratorMerged.dll', exception Failed to resolve System.Numerics.Vector4
Field 'System.Numerics.Vector4 SixLabors.ImageSharp.Formats.Jpeg.Components.Block8x8F::V5L' from '/Users/chifankung/Desktop/StroopGame-handoff/StroopGame/game/Library/PackageCache/com.unity.testtools.codecoverage@1.2.6/lib/ReportGenerator/ReportGeneratorMerged.dll', exception Failed to resolve System.Numerics.Vector4
Field 'System.Numerics.Vector4 SixLabors.ImageSharp.Formats.Jpeg.Components.Block8x8F::V5R' from '/Users/chifankung/Desktop/StroopGame-handoff/StroopGame/game/Library/PackageCache/com.unity.testtools.codecoverage@1.2.6/lib/ReportGenerator/ReportGeneratorMerged.dll', exception Failed to resolve System.Numerics.Vector4
Field 'System.Numerics.Vector4 SixLabors.ImageSharp.Formats.Jpeg.Components.Block8x8F::V6L' from '/Users/chifankung/Desktop/StroopGame-handoff/StroopGame/game/Library/PackageCache/com.unity.testtools.codecoverage@1.2.6/lib/ReportGenerator/ReportGeneratorMerged.dll', exception Failed to resolve System.Numerics.Vector4
Field 'System.Numerics.Vector4 SixLabors.ImageSharp.Formats.Jpeg.Components.Block8x8F::V6R' from '/Users/chifankung/Desktop/StroopGame-handoff/StroopGame/game/Library/PackageCache/com.unity.testtools.codecoverage@1.2.6/lib/ReportGenerator/ReportGeneratorMerged.dll', exception Failed to resolve System.Numerics.Vector4
Field 'System.Numerics.Vector4 SixLabors.ImageSharp.Formats.Jpeg.Components.Block8x8F::V7L' from '/Users/chifankung/Desktop/StroopGame-handoff/StroopGame/game/Library/PackageCache/com.unity.testtools.codecoverage@1.2.6/lib/ReportGenerator/ReportGeneratorMerged.dll', exception Failed to resolve System.Numerics.Vector4
Field 'System.Numerics.Vector4 SixLabors.ImageSharp.Formats.Jpeg.Components.Block8x8F::V7R' from '/Users/chifankung/Desktop/StroopGame-handoff/StroopGame/game/Library/PackageCache/com.unity.testtools.codecoverage@1.2.6/lib/ReportGenerator/ReportGeneratorMerged.dll', exception Failed to resolve System.Numerics.Vector4
Field 'System.Numerics.Vector4 SixLabors.ImageSharp.Formats.Jpeg.Components.Decoder.ColorConverters.JpegColorConverter/Vector4Octet::V0' from '/Users/chifankung/Desktop/StroopGame-handoff/StroopGame/game/Library/PackageCache/com.unity.testtools.codecoverage@1.2.6/lib/ReportGenerator/ReportGeneratorMerged.dll', exception Failed to resolve System.Numerics.Vector4
Field 'System.Numerics.Vector4 SixLabors.ImageSharp.Formats.Jpeg.Components.Decoder.ColorConverters.JpegColorConverter/Vector4Octet::V1' from '/Users/chifankung/Desktop/StroopGame-handoff/StroopGame/game/Library/PackageCache/com.unity.testtools.codecoverage@1.2.6/lib/ReportGenerator/ReportGeneratorMerged.dll', exception Failed to resolve System.Numerics.Vector4
Field 'System.Numerics.Vector4 SixLabors.ImageSharp.Formats.Jpeg.Components.Decoder.ColorConverters.JpegColorConverter/Vector4Octet::V2' from '/Users/chifankung/Desktop/StroopGame-handoff/StroopGame/game/Library/PackageCache/com.unity.testtools.codecoverage@1.2.6/lib/ReportGenerator/ReportGeneratorMerged.dll', exception Failed to resolve System.Numerics.Vector4
Field 'System.Numerics.Vector4 SixLabors.ImageSharp.Formats.Jpeg.Components.Decoder.ColorConverters.JpegColorConverter/Vector4Octet::V3' from '/Users/chifankung/Desktop/StroopGame-handoff/StroopGame/game/Library/PackageCache/com.unity.testtools.codecoverage@1.2.6/lib/ReportGenerator/ReportGeneratorMerged.dll', exception Failed to resolve System.Numerics.Vector4
Field 'System.Numerics.Vector4 SixLabors.ImageSharp.Formats.Jpeg.Components.Decoder.ColorConverters.JpegColorConverter/Vector4Octet::V4' from '/Users/chifankung/Desktop/StroopGame-handoff/StroopGame/game/Library/PackageCache/com.unity.testtools.codecoverage@1.2.6/lib/ReportGenerator/ReportGeneratorMerged.dll', exception Failed to resolve System.Numerics.Vector4
Field 'System.Numerics.Vector4 SixLabors.ImageSharp.Formats.Jpeg.Components.Decoder.ColorConverters.JpegColorConverter/Vector4Octet::V5' from '/Users/chifankung/Desktop/StroopGame-handoff/StroopGame/game/Library/PackageCache/com.unity.testtools.codecoverage@1.2.6/lib/ReportGenerator/ReportGeneratorMerged.dll', exception Failed to resolve System.Numerics.Vector4
Field 'System.Numerics.Vector4 SixLabors.ImageSharp.Formats.Jpeg.Components.Decoder.ColorConverters.JpegColorConverter/Vector4Octet::V6' from '/Users/chifankung/Desktop/StroopGame-handoff/StroopGame/game/Library/PackageCache/com.unity.testtools.codecoverage@1.2.6/lib/ReportGenerator/ReportGeneratorMerged.dll', exception Failed to resolve System.Numerics.Vector4
Field 'System.Numerics.Vector4 SixLabors.ImageSharp.Formats.Jpeg.Components.Decoder.ColorConverters.JpegColorConverter/Vector4Octet::V7' from '/Users/chifankung/Desktop/StroopGame-handoff/StroopGame/game/Library/PackageCache/com.unity.testtools.codecoverage@1.2.6/lib/ReportGenerator/ReportGeneratorMerged.dll', exception Failed to resolve System.Numerics.Vector4
Field 'System.Numerics.Vector4 SixLabors.ImageSharp.Tuples.Vector4Pair::A' from '/Users/chifankung/Desktop/StroopGame-handoff/StroopGame/game/Library/PackageCache/com.unity.testtools.codecoverage@1.2.6/lib/ReportGenerator/ReportGeneratorMerged.dll', exception Failed to resolve System.Numerics.Vector4
Field 'System.Numerics.Vector4 SixLabors.ImageSharp.Tuples.Vector4Pair::B' from '/Users/chifankung/Desktop/StroopGame-handoff/StroopGame/game/Library/PackageCache/com.unity.testtools.codecoverage@1.2.6/lib/ReportGenerator/ReportGeneratorMerged.dll', exception Failed to resolve System.Numerics.Vector4
*** Tundra build success (0.49 seconds), 1 items updated, 3 evaluated
Total cache size 41101212
Total cache size after purge 41101212
Asset Pipeline Refresh (id=0a156a54beef0449d8b0f4109a64a3d6): Total: 0.064 seconds - Initiated by RefreshV2(NoUpdateAssetOptions)
[ScriptCompilation] Requested script compilation because: Recompiling scripts for player build.
BuildPlayer: start building target 20
[40m[32minfo[39m[22m[49m: Microsoft.AspNetCore.Hosting.Diagnostics[1]
      Request starting HTTP/2 POST http://ilpp/UnityILPP.PostProcessing/Ping application/grpc -
[40m[32minfo[39m[22m[49m: Microsoft.AspNetCore.Routing.EndpointMiddleware[0]
      Executing endpoint 'gRPC - /UnityILPP.PostProcessing/Ping'
[40m[32minfo[39m[22m[49m: Microsoft.AspNetCore.Routing.EndpointMiddleware[1]
      Executed endpoint 'gRPC - /UnityILPP.PostProcessing/Ping'
[40m[32minfo[39m[22m[49m: Microsoft.AspNetCore.Hosting.Diagnostics[2]
      Request finished HTTP/2 POST http://ilpp/UnityILPP.PostProcessing/Ping application/grpc - - 200 - application/grpc 0.5882ms
Starting: /Applications/Unity/Hub/Editor/2022.3.62f3/Unity.app/Contents/bee_backend --ipc --defer-dag-verification --dagfile="Library/Bee/2000b0aP.dag" --continue-on-failure --profile="Library/Bee/backend1.traceevents" ScriptAssembliesAndTypeDB
WorkingDir: /Users/chifankung/Desktop/StroopGame-handoff/StroopGame/game
ExitCode: 4 Duration: 0s14ms
[             ] Require frontend run.  Library/Bee/2000b0aP.dag couldn't be loaded
Starting: /Applications/Unity/Hub/Editor/2022.3.62f3/Unity.app/Contents/Tools/netcorerun/netcorerun "/Applications/Unity/Hub/Editor/2022.3.62f3/Unity.app/Contents/Tools/BuildPipeline/ScriptCompilationBuildProgram.exe" "Library/Bee/2000b0aP.dag.json" "Library/Bee/2000b0aP-inputdata.json" "Library/Bee/buildprogram0.traceevents"
WorkingDir: /Users/chifankung/Desktop/StroopGame-handoff/StroopGame/game
ExitCode: 0 Duration: 0s257ms
Starting: /Applications/Unity/Hub/Editor/2022.3.62f3/Unity.app/Contents/bee_backend --ipc --defer-dag-verification --dagfile="Library/Bee/2000b0aP.dag" --continue-on-failure --dagfilejson="Library/Bee/2000b0aP.dag.json" --profile="Library/Bee/backend2.traceevents" ScriptAssembliesAndTypeDB
WorkingDir: /Users/chifankung/Desktop/StroopGame-handoff/StroopGame/game
ExitCode: 0 Duration: 3s878ms
Finished compiling graph: 230 nodes, 1730 flattened edges (1494 ToBuild, 42 ToUse), maximum node priority 162
[  1/229    0s] MovedFromExtractor Library/Bee/artifacts/mvdfrm/UnityEngine.AudioModule.dll_2FBA968451B96B9D.mvfrm
[  2/229    0s] MovedFromExtractor Library/Bee/artifacts/mvdfrm/UnityEngine.CrashReportingModule.dll_2092FF7D18612774.mvfrm
[  3/229    0s] MovedFromExtractor Library/Bee/artifacts/mvdfrm/UnityEngine.AccessibilityModule.dll_63A69CD95C3A0805.mvfrm
[  4/229    0s] MovedFromExtractor Library/Bee/artifacts/mvdfrm/UnityEngine.AnimationModule.dll_696D7581DFE9DD6B.mvfrm
[  5/229    0s] MovedFromExtractor Library/Bee/artifacts/mvdfrm/UnityEngine.AndroidJNIModule.dll_2AF2B8014463E1A3.mvfrm
[  6/229    0s] MovedFromExtractor Library/Bee/artifacts/mvdfrm/UnityEngine.ContentLoadModule.dll_F553AC4E9C0E47E6.mvfrm
[  7/229    0s] MovedFromExtractor Library/Bee/artifacts/mvdfrm/UnityEngine.DirectorModule.dll_F454BB10177D8779.mvfrm
[  8/229    0s] MovedFromExtractor Library/Bee/artifacts/mvdfrm/UnityEngine.CoreModule.dll_A95E8BB0DE03825C.mvfrm
[  9/229    0s] MovedFromExtractor Library/Bee/artifacts/mvdfrm/UnityEngine.dll_AD285FD5315B1879.mvfrm
[ 10/229    0s] MovedFromExtractor Library/Bee/artifacts/mvdfrm/UnityEngine.DSPGraphModule.dll_F9A61C7989DE589A.mvfrm
[ 11/229    0s] MovedFromExtractor Library/Bee/artifacts/mvdfrm/UnityEngine.GIModule.dll_48BBAA9C665C517F.mvfrm
[ 12/229    0s] MovedFromExtractor Library/Bee/artifacts/mvdfrm/UnityEngine.HotReloadModule.dll_EAB63387BB1CF8ED.mvfrm
[ 13/229    0s] MovedFromExtractor Library/Bee/artifacts/mvdfrm/UnityEngine.GridModule.dll_86CFA79EF6581853.mvfrm
[ 14/229    0s] MovedFromExtractor Library/Bee/artifacts/mvdfrm/UnityEngine.GameCenterModule.dll_5540021C0AA4D294.mvfrm
[ 15/229    0s] MovedFromExtractor Library/Bee/artifacts/mvdfrm/UnityEngine.IMGUIModule.dll_681A35EB17EAFF7E.mvfrm
[ 16/229    0s] MovedFromExtractor Library/Bee/artifacts/mvdfrm/UnityEngine.InputLegacyModule.dll_ED826E2C657D55EA.mvfrm
[ 17/229    0s] MovedFromExtractor Library/Bee/artifacts/mvdfrm/UnityEngine.ProfilerModule.dll_269AF446B0D70E86.mvfrm
[ 18/229    0s] MovedFromExtractor Library/Bee/artifacts/mvdfrm/UnityEngine.JSONSerializeModule.dll_C3BE26155B75688F.mvfrm
[ 19/229    0s] MovedFromExtractor Library/Bee/artifacts/mvdfrm/UnityEngine.InputModule.dll_96305E34C7F19041.mvfrm
[ 20/229    0s] MovedFromExtractor Library/Bee/artifacts/mvdfrm/UnityEngine.LocalizationModule.dll_FDB6A07CA8892426.mvfrm
[ 21/229    0s] MovedFromExtractor Library/Bee/artifacts/mvdfrm/UnityEngine.ParticleSystemModule.dll_73A548C98672B302.mvfrm
[ 22/229    0s] MovedFromExtractor Library/Bee/artifacts/mvdfrm/UnityEngine.PerformanceReportingModule.dll_C1C7F2DCF1FC731B.mvfrm
[ 23/229    0s] MovedFromExtractor Library/Bee/artifacts/mvdfrm/UnityEngine.RuntimeInitializeOnLoadManagerInitializerModule.dll_21FE3EE9316645C9.mvfrm
[ 24/229    0s] MovedFromExtractor Library/Bee/artifacts/mvdfrm/UnityEngine.PropertiesModule.dll_827B415A7D9036D0.mvfrm
[ 25/229    0s] MovedFromExtractor Library/Bee/artifacts/mvdfrm/UnityEngine.SpriteMaskModule.dll_3E6C74AC2C14680E.mvfrm
[ 26/229    0s] MovedFromExtractor Library/Bee/artifacts/mvdfrm/UnityEngine.SharedInternalsModule.dll_1F17C94CB2879528.mvfrm
[ 27/229    0s] MovedFromExtractor Library/Bee/artifacts/mvdfrm/UnityEngine.SpriteShapeModule.dll_759E8068832DD803.mvfrm
[ 28/229    0s] MovedFromExtractor Library/Bee/artifacts/mvdfrm/UnityEngine.StreamingModule.dll_1E0262D22F7194A9.mvfrm
[ 29/229    0s] MovedFromExtractor Library/Bee/artifacts/mvdfrm/UnityEngine.SubstanceModule.dll_FAAD771B7AC492B7.mvfrm
[ 30/229    0s] MovedFromExtractor Library/Bee/artifacts/mvdfrm/UnityEngine.TextCoreFontEngineModule.dll_A8C45C74F4B8FC5A.mvfrm
[ 31/229    0s] MovedFromExtractor Library/Bee/artifacts/mvdfrm/UnityEngine.TextRenderingModule.dll_06E545A5271914E6.mvfrm
[ 32/229    0s] MovedFromExtractor Library/Bee/artifacts/mvdfrm/UnityEngine.TextCoreTextEngineModule.dll_F0AC92E6843CB578.mvfrm
[ 33/229    0s] MovedFromExtractor Library/Bee/artifacts/mvdfrm/UnityEngine.TLSModule.dll_E8BC2FD68D53F962.mvfrm
[ 35/229    0s] WriteText Library/Bee/artifacts/2000b0aP.dag/UnityEngine.UI.UnityAdditionalFile.txt
[ 36/229    0s] WriteText Library/Bee/artifacts/2000b0aP.dag/UnityEngine.UI.rsp2
[ 37/229    0s] WriteText Library/Bee/artifacts/2000b0aP.dag/UnityEngine.UI.dll.mvfrm.rsp
[ 38/229    0s] WriteText Library/Bee/artifacts/2000b0aP.dag/UnityEngine.UI.rsp
[ 39/229    0s] WriteText Library/Bee/artifacts/2000b0aP.dag/Unity.Services.Core.UnityAdditionalFile.txt
[ 40/229    0s] WriteText Library/Bee/artifacts/2000b0aP.dag/Unity.Services.Core.rsp2
[ 41/229    0s] WriteText Library/Bee/artifacts/2000b0aP.dag/Unity.Services.Core.dll.mvfrm.rsp
[ 42/229    0s] WriteText Library/Bee/artifacts/2000b0aP.dag/Unity.Services.Core.rsp
[ 43/229    0s] WriteText Library/Bee/artifacts/2000b0aP.dag/Unity.Services.Core.Internal.UnityAdditionalFile.txt
[ 44/229    0s] WriteText Library/Bee/artifacts/2000b0aP.dag/Unity.Services.Core.Internal.rsp2
[ 45/229    0s] WriteText Library/Bee/artifacts/2000b0aP.dag/Unity.Services.Core.Internal.dll.mvfrm.rsp
[ 46/229    0s] WriteText Library/Bee/artifacts/2000b0aP.dag/Unity.Services.Core.Internal.rsp
[ 47/229    0s] WriteText Library/Bee/artifacts/2000b0aP.dag/Unity.VisualScripting.Core.UnityAdditionalFile.txt
[ 48/229    0s] WriteText Library/Bee/artifacts/2000b0aP.dag/Unity.VisualScripting.Core.rsp2
[ 49/229    0s] WriteText Library/Bee/artifacts/2000b0aP.dag/Unity.VisualScripting.Core.dll.mvfrm.rsp
[ 50/229    0s] WriteText Library/Bee/artifacts/2000b0aP.dag/Unity.VisualScripting.Core.rsp
[ 51/229    0s] WriteText Library/Bee/artifacts/2000b0aP.dag/Unity.Services.Core.Environments.rsp2
[ 52/229    0s] WriteText Library/Bee/artifacts/2000b0aP.dag/Unity.Services.Core.Environments.UnityAdditionalFile.txt
[ 53/229    0s] WriteText Library/Bee/artifacts/2000b0aP.dag/Unity.VisualScripting.Flow.UnityAdditionalFile.txt
[ 54/229    0s] WriteText Library/Bee/artifacts/2000b0aP.dag/Unity.VisualScripting.Flow.rsp2
[ 55/229    0s] WriteText Library/Bee/artifacts/2000b0aP.dag/Unity.Services.Core.Environments.dll.mvfrm.rsp
[ 56/229    0s] WriteText Library/Bee/artifacts/2000b0aP.dag/Unity.VisualScripting.Flow.dll.mvfrm.rsp
[ 57/229    0s] WriteText Library/Bee/artifacts/2000b0aP.dag/Unity.Services.Core.Environments.rsp
[ 58/229    0s] WriteText Library/Bee/artifacts/2000b0aP.dag/Unity.VisualScripting.Flow.rsp
[ 59/229    0s] WriteText Library/Bee/artifacts/2000b0aP.dag/Unity.Services.Core.Configuration.UnityAdditionalFile.txt
[ 60/229    0s] WriteText Library/Bee/artifacts/2000b0aP.dag/Unity.VisualScripting.State.rsp2
[ 61/229    0s] WriteText Library/Bee/artifacts/2000b0aP.dag/Unity.Services.Core.Configuration.rsp2
[ 62/229    0s] WriteText Library/Bee/artifacts/2000b0aP.dag/Unity.VisualScripting.State.UnityAdditionalFile.txt
[ 63/229    0s] WriteText Library/Bee/artifacts/2000b0aP.dag/Unity.Services.Core.Device.UnityAdditionalFile.txt
[ 64/229    0s] WriteText Library/Bee/artifacts/2000b0aP.dag/Unity.Timeline.rsp2
[ 65/229    0s] WriteText Library/Bee/artifacts/2000b0aP.dag/Unity.Services.Core.Device.rsp2
[ 66/229    0s] WriteText Library/Bee/artifacts/2000b0aP.dag/Unity.Timeline.UnityAdditionalFile.txt
[ 67/229    0s] WriteText Library/Bee/artifacts/2000b0aP.dag/Unity.Services.Core.Environments.Internal.UnityAdditionalFile.txt
[ 68/229    0s] WriteText Library/Bee/artifacts/2000b0aP.dag/Unity.TextMeshPro.rsp2
[ 69/229    0s] WriteText Library/Bee/artifacts/2000b0aP.dag/Unity.Services.Core.Environments.Internal.rsp2
[ 70/229    0s] WriteText Library/Bee/artifacts/2000b0aP.dag/Unity.TextMeshPro.UnityAdditionalFile.txt
[ 71/229    0s] WriteText Library/Bee/artifacts/2000b0aP.dag/Unity.Services.Core.Scheduler.UnityAdditionalFile.txt
[ 72/229    0s] WriteText Library/Bee/artifacts/2000b0aP.dag/Unity.Services.Core.Components.rsp2
[ 73/229    0s] WriteText Library/Bee/artifacts/2000b0aP.dag/Unity.Services.Core.Scheduler.rsp2
[ 74/229    0s] WriteText Library/Bee/artifacts/2000b0aP.dag/Unity.Services.Core.Components.UnityAdditionalFile.txt
[ 75/229    0s] WriteText Library/Bee/artifacts/2000b0aP.dag/Unity.Services.Core.Telemetry.UnityAdditionalFile.txt
[ 76/229    0s] WriteText Library/Bee/artifacts/2000b0aP.dag/Unity.Services.Core.Analytics.rsp2
[ 77/229    0s] WriteText Library/Bee/artifacts/2000b0aP.dag/Unity.Services.Core.Telemetry.rsp2
[ 78/229    0s] MovedFromExtractor Library/Bee/artifacts/mvdfrm/UnityEngine.UnityAnalyticsCommonModule.dll_5D06B0210BE51179.mvfrm
[ 79/229    0s] WriteText Library/Bee/artifacts/2000b0aP.dag/Unity.Services.Core.Threading.UnityAdditionalFile.txt
[ 80/229    0s] WriteText Library/Bee/artifacts/2000b0aP.dag/Unity.Services.Core.Threading.rsp2
[ 81/229    0s] WriteText Library/Bee/artifacts/2000b0aP.dag/Unity.Services.Core.Threading.dll.mvfrm.rsp
[ 82/229    0s] WriteText Library/Bee/artifacts/2000b0aP.dag/Unity.Services.Core.Analytics.UnityAdditionalFile.txt
[ 83/229    0s] MovedFromExtractor Library/Bee/artifacts/mvdfrm/UnityEngine.UnityCurlModule.dll_9C8A16B34FFDCF58.mvfrm
[ 84/229    0s] WriteText Library/Bee/artifacts/2000b0aP.dag/Unity.Services.Core.Analytics.dll.mvfrm.rsp
[ 85/229    0s] WriteText Library/Bee/artifacts/2000b0aP.dag/Unity.Services.Core.Telemetry.dll.mvfrm.rsp
[ 86/229    0s] WriteText Library/Bee/artifacts/2000b0aP.dag/Unity.VisualScripting.State.dll.mvfrm.rsp
[ 87/229    0s] WriteText Library/Bee/artifacts/2000b0aP.dag/Unity.Services.Core.Scheduler.dll.mvfrm.rsp
[ 88/229    0s] WriteText Library/Bee/artifacts/2000b0aP.dag/Unity.TextMeshPro.dll.mvfrm.rsp
[ 89/229    0s] WriteText Library/Bee/artifacts/2000b0aP.dag/Unity.Services.Core.Device.dll.mvfrm.rsp
[ 90/229    0s] WriteText Library/Bee/artifacts/2000b0aP.dag/Unity.Services.Core.Components.dll.mvfrm.rsp
[ 91/229    0s] WriteText Library/Bee/artifacts/2000b0aP.dag/Unity.Services.Core.Environments.Internal.dll.mvfrm.rsp
[ 92/229    0s] WriteText Library/Bee/artifacts/2000b0aP.dag/Unity.Services.Core.Threading.rsp
[ 93/229    0s] WriteText Library/Bee/artifacts/2000b0aP.dag/Unity.Timeline.dll.mvfrm.rsp
[ 94/229    0s] WriteText Library/Bee/artifacts/2000b0aP.dag/Unity.Services.Core.Analytics.rsp
[ 95/229    0s] WriteText Library/Bee/artifacts/2000b0aP.dag/Unity.Services.Core.Configuration.dll.mvfrm.rsp
[ 96/229    0s] WriteText Library/Bee/artifacts/2000b0aP.dag/Unity.Services.Core.Scheduler.rsp
[ 97/229    0s] WriteText Library/Bee/artifacts/2000b0aP.dag/Unity.TextMeshPro.rsp
[ 98/229    0s] WriteText Library/Bee/artifacts/2000b0aP.dag/Unity.Services.Core.Environments.Internal.rsp
[ 99/229    0s] WriteText Library/Bee/artifacts/2000b0aP.dag/Unity.Timeline.rsp
[100/229    0s] WriteText Library/Bee/artifacts/2000b0aP.dag/Unity.VisualScripting.State.rsp
[101/229    0s] WriteText Library/Bee/artifacts/2000b0aP.dag/Unity.Services.Core.Configuration.rsp
[102/229    0s] WriteText Library/Bee/artifacts/2000b0aP.dag/Unity.Services.Core.Device.rsp
[103/229    0s] WriteText Library/Bee/artifacts/2000b0aP.dag/Unity.Services.Core.Components.rsp
[104/229    0s] WriteText Library/Bee/artifacts/2000b0aP.dag/UnityEngine.TestRunner.UnityAdditionalFile.txt
[105/229    0s] WriteText Library/Bee/artifacts/2000b0aP.dag/UnityEngine.TestRunner.dll.mvfrm.rsp
[106/229    0s] WriteText Library/Bee/artifacts/2000b0aP.dag/Unity.Services.Core.Networking.UnityAdditionalFile.txt
[107/229    0s] WriteText Library/Bee/artifacts/2000b0aP.dag/Unity.Services.Core.Networking.rsp2
[108/229    0s] WriteText Library/Bee/artifacts/2000b0aP.dag/Unity.Services.Core.Networking.dll.mvfrm.rsp
[109/229    0s] WriteText Library/Bee/artifacts/2000b0aP.dag/Unity.Services.Core.Telemetry.rsp
[110/229    0s] WriteText Library/Bee/artifacts/2000b0aP.dag/Unity.Services.Core.Registration.rsp2
[111/229    0s] WriteText Library/Bee/artifacts/2000b0aP.dag/Unity.Services.Core.Registration.dll.mvfrm.rsp
[112/229    0s] WriteText Library/Bee/artifacts/2000b0aP.dag/Assembly-CSharp.UnityAdditionalFile.txt
[113/229    0s] WriteText Library/Bee/artifacts/2000b0aP.dag/Assembly-CSharp.rsp2
[114/229    0s] WriteText Library/Bee/artifacts/2000b0aP.dag/UnityEngine.TestRunner.rsp2
[115/229    0s] WriteText Library/Bee/artifacts/2000b0aP.dag/Assembly-CSharp.dll.mvfrm.rsp
[116/229    0s] WriteText Library/Bee/artifacts/2000b0aP.dag/Unity.Services.Core.Networking.rsp
[117/229    0s] WriteText Library/Bee/artifacts/2000b0aP.dag/Unity.Services.Core.Registration.UnityAdditionalFile.txt
[118/229    0s] WriteText Library/Bee/artifacts/2000b0aP.dag/Assembly-CSharp.rsp
[119/229    0s] WriteText Library/Bee/artifacts/2000b0aP.dag/UnityEngine.TestRunner.rsp
[120/229    0s] WriteText Library/Bee/artifacts/2000b0aP.dag/Unity.Services.Core.Registration.rsp
[121/229    0s] MovedFromExtractor Library/Bee/artifacts/mvdfrm/UnityEngine.UnityTestProtocolModule.dll_F78BA1B95B718FC6.mvfrm
[122/229    0s] MovedFromExtractor Library/Bee/artifacts/mvdfrm/UnityEngine.UIModule.dll_ABF2FFBC26F46F11.mvfrm
[123/229    0s] MovedFromExtractor Library/Bee/artifacts/mvdfrm/UnityEngine.UnityConnectModule.dll_2D2CE5235A0D5F12.mvfrm
[124/229    0s] MovedFromExtractor Library/Bee/artifacts/mvdfrm/UnityEngine.UnityWebRequestModule.dll_ACA59221464E3457.mvfrm
[125/229    0s] MovedFromExtractor Library/Bee/artifacts/mvdfrm/UnityEngine.VFXModule.dll_699AC84563C162CF.mvfrm
[126/229    0s] MovedFromExtractorCombine Library/Bee/artifacts/2000b0aP.dag/UnityEngine.TestRunner.dll.mvfrm
[127/229    0s] MovedFromExtractorCombine Library/Bee/artifacts/2000b0aP.dag/UnityEngine.UI.dll.mvfrm
[128/229    0s] Csc Library/Bee/artifacts/2000b0aP.dag/UnityEngine.UI.dll (+2 others)
[           0s] Csc Library/Bee/artifacts/2000b0aP.dag/UnityEngine.UI.dll (+2 others) [CacheWrite 00000000000000000000000000000003]
[129/229    0s] CopyFiles Library/Bee/PlayerScriptAssemblies/UnityEngine.UI.pdb
[130/229    0s] CopyFiles Library/Bee/PlayerScriptAssemblies/UnityEngine.UI.dll
[131/229    0s] Csc Library/Bee/artifacts/2000b0aP.dag/UnityEngine.TestRunner.dll (+2 others)
[           0s] Csc Library/Bee/artifacts/2000b0aP.dag/UnityEngine.TestRunner.dll (+2 others) [CacheWrite 00000000000000000000000000000003]
[132/229    0s] CopyFiles Library/Bee/PlayerScriptAssemblies/UnityEngine.TestRunner.dll
[133/229    0s] CopyFiles Library/Bee/PlayerScriptAssemblies/UnityEngine.TestRunner.pdb
[134/229    0s] MovedFromExtractor Library/Bee/artifacts/mvdfrm/UnityEngine.UI.ref.dll_6C1073D56147DE5F.mvfrm
[135/229    0s] MovedFromExtractorCombine Library/Bee/artifacts/2000b0aP.dag/Unity.VisualScripting.Core.dll.mvfrm
[136/229    0s] MovedFromExtractorCombine Library/Bee/artifacts/2000b0aP.dag/Unity.TextMeshPro.dll.mvfrm
[137/229    0s] MovedFromExtractorCombine Library/Bee/artifacts/2000b0aP.dag/Unity.Timeline.dll.mvfrm
[138/229    0s] MovedFromExtractorCombine Library/Bee/artifacts/2000b0aP.dag/Unity.Services.Core.dll.mvfrm
[139/229    0s] Csc Library/Bee/artifacts/2000b0aP.dag/Unity.Services.Core.dll (+2 others)
[           0s] Csc Library/Bee/artifacts/2000b0aP.dag/Unity.Services.Core.dll (+2 others) [CacheWrite 00000000000000000000000000000003]
[140/229    0s] CopyFiles Library/Bee/PlayerScriptAssemblies/Unity.Services.Core.dll
[141/229    0s] CopyFiles Library/Bee/PlayerScriptAssemblies/Unity.Services.Core.pdb
[142/229    0s] Csc Library/Bee/artifacts/2000b0aP.dag/Unity.Timeline.dll (+2 others)
[           0s] Csc Library/Bee/artifacts/2000b0aP.dag/Unity.Timeline.dll (+2 others) [CacheWrite 00000000000000000000000000000003]
[143/229    0s] CopyFiles Library/Bee/PlayerScriptAssemblies/Unity.Timeline.dll
[144/229    0s] CopyFiles Library/Bee/PlayerScriptAssemblies/Unity.Timeline.pdb
[145/229    0s] MovedFromExtractor Library/Bee/artifacts/mvdfrm/Unity.Services.Core.ref.dll_20255DC58CC224E8.mvfrm
[146/229    0s] MovedFromExtractorCombine Library/Bee/artifacts/2000b0aP.dag/Unity.Services.Core.Analytics.dll.mvfrm
[147/229    0s] MovedFromExtractorCombine Library/Bee/artifacts/2000b0aP.dag/Unity.Services.Core.Internal.dll.mvfrm
[148/229    0s] MovedFromExtractor Library/Bee/artifacts/mvdfrm/Unity.Timeline.ref.dll_C52EA77D1C2DC08E.mvfrm
[149/229    0s] Csc Library/Bee/artifacts/2000b0aP.dag/Unity.VisualScripting.Core.dll (+2 others)
[           0s] Csc Library/Bee/artifacts/2000b0aP.dag/Unity.VisualScripting.Core.dll (+2 others) [CacheWrite 00000000000000000000000000000003]
[150/229    0s] CopyFiles Library/Bee/PlayerScriptAssemblies/Unity.VisualScripting.Core.pdb
[151/229    0s] CopyFiles Library/Bee/PlayerScriptAssemblies/Unity.VisualScripting.Core.dll
[152/229    0s] Csc Library/Bee/artifacts/2000b0aP.dag/Unity.TextMeshPro.dll (+2 others)
[           0s] Csc Library/Bee/artifacts/2000b0aP.dag/Unity.TextMeshPro.dll (+2 others) [CacheWrite 00000000000000000000000000000003]
[153/229    0s] CopyFiles Library/Bee/PlayerScriptAssemblies/Unity.TextMeshPro.pdb
[154/229    0s] CopyFiles Library/Bee/PlayerScriptAssemblies/Unity.TextMeshPro.dll
[155/229    0s] Csc Library/Bee/artifacts/2000b0aP.dag/Unity.Services.Core.Analytics.dll (+2 others)
[           0s] Csc Library/Bee/artifacts/2000b0aP.dag/Unity.Services.Core.Analytics.dll (+2 others) [CacheWrite 00000000000000000000000000000003]
[156/229    0s] CopyFiles Library/Bee/PlayerScriptAssemblies/Unity.Services.Core.Analytics.pdb
[157/229    0s] CopyFiles Library/Bee/PlayerScriptAssemblies/Unity.Services.Core.Analytics.dll
[158/229    0s] MovedFromExtractor Library/Bee/artifacts/mvdfrm/Unity.VisualScripting.Core.ref.dll_3AC08951D7FF5D33.mvfrm
[159/229    0s] MovedFromExtractor Library/Bee/artifacts/mvdfrm/Unity.TextMeshPro.ref.dll_62E30C949C33F28C.mvfrm
[160/229    0s] MovedFromExtractorCombine Library/Bee/artifacts/2000b0aP.dag/Unity.VisualScripting.Flow.dll.mvfrm
[161/229    0s] MovedFromExtractor Library/Bee/artifacts/mvdfrm/Unity.Services.Core.Analytics.ref.dll_07579D20DAADF330.mvfrm
[162/229    0s] Csc Library/Bee/artifacts/2000b0aP.dag/Unity.Services.Core.Internal.dll (+2 others)
[           0s] Csc Library/Bee/artifacts/2000b0aP.dag/Unity.Services.Core.Internal.dll (+2 others) [CacheWrite 00000000000000000000000000000003]
[163/229    0s] CopyFiles Library/Bee/PlayerScriptAssemblies/Unity.Services.Core.Internal.pdb
[164/229    0s] CopyFiles Library/Bee/PlayerScriptAssemblies/Unity.Services.Core.Internal.dll
[165/229    0s] MovedFromExtractor Library/Bee/artifacts/mvdfrm/Unity.Services.Core.Internal.ref.dll_4233865F64766B29.mvfrm
[166/229    0s] MovedFromExtractorCombine Library/Bee/artifacts/2000b0aP.dag/Unity.Services.Core.Configuration.dll.mvfrm
[167/229    0s] MovedFromExtractorCombine Library/Bee/artifacts/2000b0aP.dag/Unity.Services.Core.Telemetry.dll.mvfrm
[168/229    0s] MovedFromExtractorCombine Library/Bee/artifacts/2000b0aP.dag/Unity.Services.Core.Scheduler.dll.mvfrm
[169/229    0s] MovedFromExtractorCombine Library/Bee/artifacts/2000b0aP.dag/Unity.Services.Core.Threading.dll.mvfrm
[170/229    0s] MovedFromExtractorCombine Library/Bee/artifacts/2000b0aP.dag/Unity.Services.Core.Environments.Internal.dll.mvfrm
[171/229    0s] MovedFromExtractorCombine Library/Bee/artifacts/2000b0aP.dag/Unity.Services.Core.Device.dll.mvfrm
[172/229    0s] MovedFromExtractorCombine Library/Bee/artifacts/2000b0aP.dag/Unity.Services.Core.Environments.dll.mvfrm
[173/229    0s] Csc Library/Bee/artifacts/2000b0aP.dag/Unity.Services.Core.Configuration.dll (+2 others)
[174/229    0s] Csc Library/Bee/artifacts/2000b0aP.dag/Unity.Services.Core.Telemetry.dll (+2 others)
[175/229    0s] Csc Library/Bee/artifacts/2000b0aP.dag/Unity.Services.Core.Environments.Internal.dll (+2 others)
[           0s] Csc Library/Bee/artifacts/2000b0aP.dag/Unity.Services.Core.Configuration.dll (+2 others) [CacheWrite 00000000000000000000000000000003]
[           0s] Csc Library/Bee/artifacts/2000b0aP.dag/Unity.Services.Core.Telemetry.dll (+2 others) [CacheWrite 00000000000000000000000000000003]
[           0s] Csc Library/Bee/artifacts/2000b0aP.dag/Unity.Services.Core.Environments.Internal.dll (+2 others) [CacheWrite 00000000000000000000000000000003]
[176/229    0s] Csc Library/Bee/artifacts/2000b0aP.dag/Unity.VisualScripting.Flow.dll (+2 others)
[           0s] Csc Library/Bee/artifacts/2000b0aP.dag/Unity.VisualScripting.Flow.dll (+2 others) [CacheWrite 00000000000000000000000000000003]
[177/229    0s] MovedFromExtractor Library/Bee/artifacts/mvdfrm/Unity.Services.Core.Configuration.ref.dll_0B3FFE8F28737420.mvfrm
[178/229    0s] MovedFromExtractor Library/Bee/artifacts/mvdfrm/Unity.Services.Core.Environments.Internal.ref.dll_88CB03C51EFCA385.mvfrm
[179/229    0s] CopyFiles Library/Bee/PlayerScriptAssemblies/Unity.VisualScripting.Flow.dll
[180/229    0s] MovedFromExtractor Library/Bee/artifacts/mvdfrm/Unity.Services.Core.Telemetry.ref.dll_13D648244282F143.mvfrm
[181/229    0s] CopyFiles Library/Bee/PlayerScriptAssemblies/Unity.Services.Core.Environments.Internal.dll
[182/229    0s] CopyFiles Library/Bee/PlayerScriptAssemblies/Unity.Services.Core.Telemetry.dll
[183/229    0s] CopyFiles Library/Bee/PlayerScriptAssemblies/Unity.Services.Core.Configuration.dll
[184/229    0s] CopyFiles Library/Bee/PlayerScriptAssemblies/Unity.VisualScripting.Flow.pdb
[185/229    0s] CopyFiles Library/Bee/PlayerScriptAssemblies/Unity.Services.Core.Telemetry.pdb
[186/229    0s] CopyFiles Library/Bee/PlayerScriptAssemblies/Unity.Services.Core.Environments.Internal.pdb
[187/229    0s] CopyFiles Library/Bee/PlayerScriptAssemblies/Unity.Services.Core.Configuration.pdb
[188/229    0s] Csc Library/Bee/artifacts/2000b0aP.dag/Unity.Services.Core.Threading.dll (+2 others)
[189/229    0s] Csc Library/Bee/artifacts/2000b0aP.dag/Unity.Services.Core.Scheduler.dll (+2 others)
[           0s] Csc Library/Bee/artifacts/2000b0aP.dag/Unity.Services.Core.Scheduler.dll (+2 others) [CacheWrite 00000000000000000000000000000003]
[190/229    0s] CopyFiles Library/Bee/PlayerScriptAssemblies/Unity.Services.Core.Scheduler.pdb
[191/229    0s] CopyFiles Library/Bee/PlayerScriptAssemblies/Unity.Services.Core.Scheduler.dll
[           0s] Csc Library/Bee/artifacts/2000b0aP.dag/Unity.Services.Core.Threading.dll (+2 others) [CacheWrite 00000000000000000000000000000003]
[192/229    0s] CopyFiles Library/Bee/PlayerScriptAssemblies/Unity.Services.Core.Threading.pdb
[193/229    0s] CopyFiles Library/Bee/PlayerScriptAssemblies/Unity.Services.Core.Threading.dll
[194/229    0s] MovedFromExtractor Library/Bee/artifacts/mvdfrm/Unity.VisualScripting.Flow.ref.dll_81D169A85A08D1E2.mvfrm
[195/229    0s] MovedFromExtractorCombine Library/Bee/artifacts/2000b0aP.dag/Unity.Services.Core.Networking.dll.mvfrm
[196/229    0s] Csc Library/Bee/artifacts/2000b0aP.dag/Unity.Services.Core.Environments.dll (+2 others)
[197/229    0s] MovedFromExtractorCombine Library/Bee/artifacts/2000b0aP.dag/Unity.VisualScripting.State.dll.mvfrm
[           0s] Csc Library/Bee/artifacts/2000b0aP.dag/Unity.Services.Core.Environments.dll (+2 others) [CacheWrite 00000000000000000000000000000003]
[198/229    0s] CopyFiles Library/Bee/PlayerScriptAssemblies/Unity.Services.Core.Environments.dll
[199/229    0s] CopyFiles Library/Bee/PlayerScriptAssemblies/Unity.Services.Core.Environments.pdb
[200/229    0s] Csc Library/Bee/artifacts/2000b0aP.dag/Unity.Services.Core.Device.dll (+2 others)
[201/229    0s] MovedFromExtractor Library/Bee/artifacts/mvdfrm/Unity.Services.Core.Scheduler.ref.dll_07E12F31A98EBD55.mvfrm
[           0s] Csc Library/Bee/artifacts/2000b0aP.dag/Unity.Services.Core.Device.dll (+2 others) [CacheWrite 00000000000000000000000000000003]
[202/229    0s] CopyFiles Library/Bee/PlayerScriptAssemblies/Unity.Services.Core.Device.pdb
[203/229    0s] CopyFiles Library/Bee/PlayerScriptAssemblies/Unity.Services.Core.Device.dll
[204/229    0s] MovedFromExtractor Library/Bee/artifacts/mvdfrm/Unity.Services.Core.Threading.ref.dll_0B8DBE42C111F282.mvfrm
[205/229    0s] Csc Library/Bee/artifacts/2000b0aP.dag/Unity.Services.Core.Networking.dll (+2 others)
[           0s] Csc Library/Bee/artifacts/2000b0aP.dag/Unity.Services.Core.Networking.dll (+2 others) [CacheWrite 00000000000000000000000000000003]
[206/229    0s] CopyFiles Library/Bee/PlayerScriptAssemblies/Unity.Services.Core.Networking.dll
[207/229    0s] CopyFiles Library/Bee/PlayerScriptAssemblies/Unity.Services.Core.Networking.pdb
[208/229    0s] MovedFromExtractor Library/Bee/artifacts/mvdfrm/Unity.Services.Core.Environments.ref.dll_E25E0BCB1703C24C.mvfrm
[209/229    0s] Csc Library/Bee/artifacts/2000b0aP.dag/Unity.VisualScripting.State.dll (+2 others)
[210/229    0s] MovedFromExtractor Library/Bee/artifacts/mvdfrm/Unity.Services.Core.Device.ref.dll_4FEC43D3348D7C52.mvfrm
[           0s] Csc Library/Bee/artifacts/2000b0aP.dag/Unity.VisualScripting.State.dll (+2 others) [CacheWrite 00000000000000000000000000000003]
[211/229    0s] CopyFiles Library/Bee/PlayerScriptAssemblies/Unity.VisualScripting.State.dll
[212/229    0s] CopyFiles Library/Bee/PlayerScriptAssemblies/Unity.VisualScripting.State.pdb
[213/229    0s] MovedFromExtractorCombine Library/Bee/artifacts/2000b0aP.dag/Unity.Services.Core.Components.dll.mvfrm
[214/229    0s] MovedFromExtractorCombine Library/Bee/artifacts/2000b0aP.dag/Unity.Services.Core.Registration.dll.mvfrm
[215/229    0s] MovedFromExtractor Library/Bee/artifacts/mvdfrm/Unity.VisualScripting.State.ref.dll_3C5C88F0FB368CB3.mvfrm
[216/229    0s] Csc Library/Bee/artifacts/2000b0aP.dag/Unity.Services.Core.Components.dll (+2 others)
[           0s] Csc Library/Bee/artifacts/2000b0aP.dag/Unity.Services.Core.Components.dll (+2 others) [CacheWrite 00000000000000000000000000000003]
[217/229    0s] CopyFiles Library/Bee/PlayerScriptAssemblies/Unity.Services.Core.Components.pdb
[218/229    0s] CopyFiles Library/Bee/PlayerScriptAssemblies/Unity.Services.Core.Components.dll
[219/229    0s] Csc Library/Bee/artifacts/2000b0aP.dag/Unity.Services.Core.Registration.dll (+2 others)
[           0s] Csc Library/Bee/artifacts/2000b0aP.dag/Unity.Services.Core.Registration.dll (+2 others) [CacheWrite 00000000000000000000000000000003]
[220/229    0s] CopyFiles Library/Bee/PlayerScriptAssemblies/Unity.Services.Core.Registration.dll
[221/229    0s] CopyFiles Library/Bee/PlayerScriptAssemblies/Unity.Services.Core.Registration.pdb
[222/229    0s] MovedFromExtractor Library/Bee/artifacts/mvdfrm/Unity.Services.Core.Components.ref.dll_3E801F0B80EB12E2.mvfrm
[223/229    0s] MovedFromExtractorCombine Library/Bee/artifacts/2000b0aP.dag/Assembly-CSharp.dll.mvfrm
[224/229    0s] Csc Library/Bee/artifacts/2000b0aP.dag/Assembly-CSharp.dll (+2 others)
[225/229    0s] CopyFiles Library/Bee/PlayerScriptAssemblies/Assembly-CSharp.dll
[226/229    0s] CopyFiles Library/Bee/PlayerScriptAssemblies/Assembly-CSharp.pdb
[228/229    0s] BuildPlayerDataGenerator Library/BuildPlayerData/Player/RuntimeInitializeOnLoads.json (+1 other)
*** Tundra build success (3.87 seconds), 226 items updated, 229 evaluated
Total cache size 45306560
Total cache size after purge 45306560
2026-06-04 18:34:15.289 Unity[8433:315981] NSEventModifierFlagFunction specified to -setKeyEquivalentModifierMask: for item <NSMenuItem: 0xc5edc2e40 Font Asset, ke='Command-F12'>, but is only supported for system-provided menu items; will not be used
Start importing Packages/com.unity.collab-proxy/Editor/PlasticSCM/Assets/Images/step2@2x.png using Guid(0029170d14ce6c04c9f45c22cdae5559) Importer(-1,00000000000000000000000000000000) [PhysX] Initialized MultithreadedTaskDispatcher with 8 workers.
 -> (artifact id: 'cb7eff15669f62f646d6ac70cc1b6a7c') in 0.013211 seconds
Start importing Packages/com.unity.collab-proxy/Editor/PlasticSCM/Assets/Images/d_iconlockedremoteoverlay.png using Guid(1046ed65e6aaffb4391378f6d08d6c14) Importer(-1,00000000000000000000000000000000) [PhysX] Initialized MultithreadedTaskDispatcher with 8 workers.
 -> (artifact id: 'f3e6418b9a55b7b44ce0f4b52477c1db') in 0.001661 seconds
Start importing Packages/com.unity.collab-proxy/Editor/PlasticSCM/Assets/Images/iconoutofsyncoverlay.png using Guid(1079db1f4b377fb45aa245fd791993f6) Importer(-1,00000000000000000000000000000000) [PhysX] Initialized MultithreadedTaskDispatcher with 8 workers.
 -> (artifact id: '47b68b550da0ecfb1925dd1ae1765046') in 0.000957 seconds
Start importing Assets/Art/Stimuli/_preview/fire_shape_red.png using Guid(20fa25ef8100942659b32f34d776f78e) Importer(-1,00000000000000000000000000000000) [PhysX] Initialized MultithreadedTaskDispatcher with 8 workers.
 -> (artifact id: '892bf9042fd774b7ca3687ccebf0d7a9') in 0.007421 seconds
Start importing Packages/com.unity.collab-proxy/Editor/PlasticSCM/Assets/Images/iconplastic.png using Guid(3042b019b052942a1baf7aa49d7ca6bb) Importer(-1,00000000000000000000000000000000) [PhysX] Initialized MultithreadedTaskDispatcher with 8 workers.
 -> (artifact id: 'b8d7dfd78d33576a94e8e661575a0a3a') in 0.001801 seconds
Start importing Packages/com.unity.collab-proxy/Editor/PlasticSCM/Assets/Images/d_buttonssosigninemail.png using Guid(3086d66a563317b40a20a20da2c64ac0) Importer(-1,00000000000000000000000000000000) [PhysX] Initialized MultithreadedTaskDispatcher with 8 workers.
 -> (artifact id: '43be4cebb2cc5b9649bbd30c2b7ceb4a') in 0.000929 seconds
Start importing Packages/com.unity.collab-proxy/Editor/PlasticSCM/Assets/Images/iconconflictresolvedoverlay@2x.png using Guid(309b1d5a294fd6c43ae9cf77656c1852) Importer(-1,00000000000000000000000000000000) [PhysX] Initialized MultithreadedTaskDispatcher with 8 workers.
 -> (artifact id: '73226145ce487688dc845c1db3912154') in 0.001189 seconds
Start importing Packages/com.unity.timeline/Editor/StyleSheets/Images/Icons/d_TimelineCollapseMarkerButtonDisabled.png using Guid(40947ddc2dd4f0d499a92d0f3675c4e8) Importer(-1,00000000000000000000000000000000) [PhysX] Initialized MultithreadedTaskDispatcher with 8 workers.
 -> (artifact id: '62a244486247a84adb56c8d2386431e4') in 0.001365 seconds
Start importing Packages/com.unity.collab-proxy/Editor/PlasticSCM/Assets/Images/iconprivateoverlay@2x.png using Guid(40685941c1361aa4a957b61174bce3f6) Importer(-1,00000000000000000000000000000000) [PhysX] Initialized MultithreadedTaskDispatcher with 8 workers.
 -> (artifact id: '6fe78232e9dd2ae437e5564a0f8e7c25') in 0.001077 seconds
Start importing Packages/com.unity.timeline/Editor/StyleSheets/Images/DarkSkin/TimelineStartPlayback.png using Guid(5060c9f9eb2f7ee4695b638a21d8fe01) Importer(-1,00000000000000000000000000000000) [PhysX] Initialized MultithreadedTaskDispatcher with 8 workers.
 -> (artifact id: '63f83b693969b4b7e919e196d957c28c') in 0.000925 seconds
Start importing Packages/com.unity.collab-proxy/Editor/Collaborate/Assets/Icons/collaborate-progress-dark.png using Guid(60706f973daf4764e81c846ce1a8e183) Importer(-1,00000000000000000000000000000000) [PhysX] Initialized MultithreadedTaskDispatcher with 8 workers.
 -> (artifact id: '9167567dac4d9f2d69566eb17b9e48c8') in 0.000896 seconds
Start importing Packages/com.unity.timeline/Editor/StyleSheets/Images/Icons/TrackRecordButtonDisabled@2x.png using Guid(6091f9516d23100479c03bca26138bc8) Importer(-1,00000000000000000000000000000000) [PhysX] Initialized MultithreadedTaskDispatcher with 8 workers.
 -> (artifact id: '11b1db2a1db97eb85158402fa0b2b125') in 0.000702 seconds
Start importing Packages/com.unity.collab-proxy/Editor/PlasticSCM/Assets/Images/d_cloudbuhochristmas.png using Guid(70632ddfe8e71b04b8f90ef7e29a9e98) Importer(-1,00000000000000000000000000000000) [PhysX] Initialized MultithreadedTaskDispatcher with 8 workers.
 -> (artifact id: '7567932a5189419da2aae2d05cfc486f') in 0.005652 seconds
Start importing Packages/com.unity.timeline/Editor/StyleSheets/Images/LightSkin/TimelinePlayRange.png using Guid(70e3f118652b9094885689730ad3a47b) Importer(-1,00000000000000000000000000000000) [PhysX] Initialized MultithreadedTaskDispatcher with 8 workers.
 -> (artifact id: '3497f1b3b03d1095308d1de0bb86e68d') in 0.000974 seconds
Start importing Packages/com.unity.collab-proxy/Editor/Collaborate/Assets/Icons/collaborate-done-dark.png using Guid(80c31f397a3ab184bae2f0d4b3dc5c1d) Importer(-1,00000000000000000000000000000000) [PhysX] Initialized MultithreadedTaskDispatcher with 8 workers.
 -> (artifact id: 'f207fb5539e61fb40306a556e5d52a45') in 0.000785 seconds
Start importing Packages/com.unity.visualscripting/Editor/VisualScripting.Core/IconMap/AnimatorMessageListener@32x.png using Guid(9059e055aa673b3469a5c2896c0b8fb5) Importer(-1,00000000000000000000000000000000) [PhysX] Initialized MultithreadedTaskDispatcher with 8 workers.
 -> (artifact id: '3171c5461f52b6478550711b61471c89') in 0.001186 seconds
Start importing Packages/com.unity.collab-proxy/Editor/Collaborate/Assets/Icons/status-error-dark@2x.png using Guid(a0fdac62174ca014b94a537688fc684d) Importer(-1,00000000000000000000000000000000) [PhysX] Initialized MultithreadedTaskDispatcher with 8 workers.
 -> (artifact id: '30a9e9aa305ecee31c8b556e87c5e6bf') in 0.000903 seconds
Start importing Packages/com.unity.collab-proxy/Editor/PlasticSCM/Assets/Images/d_colorbuhoshe.png using Guid(a04ecc9d5e12d5d449077414eb86635e) Importer(-1,00000000000000000000000000000000) [PhysX] Initialized MultithreadedTaskDispatcher with 8 workers.
 -> (artifact id: '6be54849a709cc14b9d8a2b21a74265c') in 0.005558 seconds
Start importing Packages/com.unity.timeline/Editor/StyleSheets/Images/Shared/TimelineConnector.png using Guid(a04f1625bf500f64e97445265dfbcc93) Importer(-1,00000000000000000000000000000000) [PhysX] Initialized MultithreadedTaskDispatcher with 8 workers.
 -> (artifact id: '3989943fa3e80e8895fcfd4dda77b86e') in 0.000958 seconds
Start importing Packages/com.unity.timeline/Editor/StyleSheets/Images/LightSkin/TimelineHold.png using Guid(a09fd8b5d9396c24a96a6de50cddc3b9) Importer(-1,00000000000000000000000000000000) [PhysX] Initialized MultithreadedTaskDispatcher with 8 workers.
 -> (artifact id: 'c3fa98595309d330a14c2b9c08a95298') in 0.000903 seconds
Start importing Packages/com.unity.collab-proxy/Editor/Collaborate/Assets/Icons/collaborate-error-light.png using Guid(b08f8cbc53d0bfb45bd2fd1f676d3554) Importer(-1,00000000000000000000000000000000) [PhysX] Initialized MultithreadedTaskDispatcher with 8 workers.
 -> (artifact id: '1b3890458b535305889ecf47b1c4ad62') in 0.000856 seconds
Start importing Packages/com.unity.collab-proxy/Editor/Collaborate/Assets/Icons/loading-dark@2x.png using Guid(d021820613d286f48915c2de657245d5) Importer(-1,00000000000000000000000000000000) [PhysX] Initialized MultithreadedTaskDispatcher with 8 workers.
 -> (artifact id: '5a15c3a10a331f04c1fed3f853109a40') in 0.001279 seconds
Start importing Packages/com.unity.collab-proxy/Editor/Collaborate/Assets/Icons/moved-file-dark@2x.png using Guid(d0c9bfe4ae0d68a4f945b3a8d983af01) Importer(-1,00000000000000000000000000000000) [PhysX] Initialized MultithreadedTaskDispatcher with 8 workers.
 -> (artifact id: 'b125a16da5a1f24f7483d357717513bd') in 0.000952 seconds
Start importing Packages/com.unity.textmeshpro/Editor Resources/Textures/btn_AlignRight_Light.psd using Guid(e05ace3bd15740cda0bad60d89092a5b) Importer(-1,00000000000000000000000000000000) [PhysX] Initialized MultithreadedTaskDispatcher with 8 workers.
 -> (artifact id: '149cc012b5db916991c822b03bb17ad6') in 0.002027 seconds
Start importing Packages/com.unity.collab-proxy/Editor/PlasticSCM/Assets/Images/d_stevejobsbuhoshechristmas.png using Guid(f008857e434b98b4eaabda1fd6af3059) Importer(-1,00000000000000000000000000000000) [PhysX] Initialized MultithreadedTaskDispatcher with 8 workers.
 -> (artifact id: 'cc85ae87490823bbe1abbc94a22d17d4') in 0.005532 seconds
Start importing Packages/com.unity.timeline/Editor/StyleSheets/Images/Icons/TrackCurvesButtonDisabled.png using Guid(f0f8ff8921b22a74a8c79d955ace248d) Importer(-1,00000000000000000000000000000000) [PhysX] Initialized MultithreadedTaskDispatcher with 8 workers.
 -> (artifact id: 'a5557ea7fdffa8dd91f23d59c72fff74') in 0.003323 seconds
Start importing Packages/com.unity.visualscripting/Editor/VisualScripting.Core/IconMap/State@32x.png using Guid(f02ed452c3e0d1e448429a89e1773fd7) Importer(-1,00000000000000000000000000000000) [PhysX] Initialized MultithreadedTaskDispatcher with 8 workers.
 -> (artifact id: '4fd600e7db059278fa12591adf672eb2') in 0.001012 seconds
Start importing Packages/com.unity.collab-proxy/Editor/PlasticSCM/Assets/Images/buttonssosigningoogle.png using Guid(f09eae8c0ea04254b90c5386a034a225) Importer(-1,00000000000000000000000000000000) [PhysX] Initialized MultithreadedTaskDispatcher with 8 workers.
 -> (artifact id: '5e4ca33b1fababf6202b31e6f7aa2926') in 0.001404 seconds
Start importing Packages/com.unity.collab-proxy/Editor/Collaborate/Assets/Icons/collaborate-error-dark@2x.png using Guid(0159d5999f4dc4545848ed42cd775ec4) Importer(-1,00000000000000000000000000000000) [PhysX] Initialized MultithreadedTaskDispatcher with 8 workers.
 -> (artifact id: '77aa7d6352e23dc8ead95533f6fa9629') in 0.000877 seconds
Start importing Packages/com.unity.collab-proxy/Editor/PlasticSCM/Assets/Images/iconadded.png using Guid(1196e728cbc6c25429f25431acabb4d1) Importer(-1,00000000000000000000000000000000) [PhysX] Initialized MultithreadedTaskDispatcher with 8 workers.
 -> (artifact id: '3365aa60ee323ecb05f8d38f5e1f48ab') in 0.001121 seconds
Start importing Packages/com.unity.collab-proxy/Editor/Collaborate/Assets/Icons/collaborate-progress-dark@2x.png using Guid(116a8defb66aa304d97c1fd15f044486) Importer(-1,00000000000000000000000000000000) [PhysX] Initialized MultithreadedTaskDispatcher with 8 workers.
 -> (artifact id: '5a47781ff6bfb8e6b64404cbadc49fff') in 0.000919 seconds
Start importing Packages/com.unity.collab-proxy/Editor/PlasticSCM/Assets/Images/d_iconplasticview@2x.png using Guid(3168140d6f409d0448447f18568d9482) Importer(-1,00000000000000000000000000000000) [PhysX] Initialized MultithreadedTaskDispatcher with 8 workers.
 -> (artifact id: '9f3175d3215407a6e8cbf650d13ac605') in 0.001260 seconds
Start importing Packages/com.unity.timeline/Editor/StyleSheets/Images/LightSkin/TimelineIconClipIn.png using Guid(4171b549947246b4f9579419d5698a7e) Importer(-1,00000000000000000000000000000000) [PhysX] Initialized MultithreadedTaskDispatcher with 8 workers.
 -> (artifact id: '115a0863fce4d9986e62dda0133db172') in 0.000941 seconds
Start importing Packages/com.unity.textmeshpro/Editor Resources/Textures/btn_AlignMiddle.psd using Guid(41b96614b2e6494ba995ddcd252d11ae) Importer(-1,00000000000000000000000000000000) [PhysX] Initialized MultithreadedTaskDispatcher with 8 workers.
 -> (artifact id: '7daf3012e78d82b8210bbc7481f2762f') in 0.001031 seconds
Start importing Packages/com.unity.timeline/Editor/StyleSheets/Images/Icons/d_TimelineEditModeRippleOFF.png using Guid(411e6f19c19fa0546af83aeb59c2ed4b) Importer(-1,00000000000000000000000000000000) [PhysX] Initialized MultithreadedTaskDispatcher with 8 workers.
 -> (artifact id: 'e4efb7307e4131e1fd5dc103392cd532') in 0.000771 seconds
Start importing Packages/com.unity.timeline/Editor/StyleSheets/Images/DarkSkin/TimelineDisabledBackground.png using Guid(412f73153f3a3c549b67b2a847741145) Importer(-1,00000000000000000000000000000000) [PhysX] Initialized MultithreadedTaskDispatcher with 8 workers.
 -> (artifact id: 'b9652ccc6994f30ba0702bc3eb0dcc6d') in 0.000919 seconds
Start importing Packages/com.unity.collab-proxy/Editor/PlasticSCM/Assets/Images/d_iconplasticnotifyconflict.png using Guid(51582ae5ea51fa14996791a550f89473) Importer(-1,00000000000000000000000000000000) [PhysX] Initialized MultithreadedTaskDispatcher with 8 workers.
 -> (artifact id: '12319f6946dd05906ef2d3567067609e') in 0.000865 seconds
Start importing Packages/com.unity.timeline/Editor/StyleSheets/Images/Icons/TrackMuteButtonEnabled@2x.png using Guid(512aaee9b220348408a2e518f98d6e14) Importer(-1,00000000000000000000000000000000) [PhysX] Initialized MultithreadedTaskDispatcher with 8 workers.
 -> (artifact id: 'd72d0e14bcb935e8950669ba1a70b6fa') in 0.000633 seconds
Start importing Packages/com.unity.collab-proxy/Editor/PlasticSCM/Assets/Images/d_iconplasticview.png using Guid(519d97e745e55f041b609f3666cbc037) Importer(-1,00000000000000000000000000000000) [PhysX] Initialized MultithreadedTaskDispatcher with 8 workers.
 -> (artifact id: '844cce4ba70fb1440185ebb0279c1279') in 0.001003 seconds
Start importing Packages/com.unity.timeline/Editor/StyleSheets/Images/Icons/TrackAvatarButtonEnabled@2x.png using Guid(51bf5f55a8a01e546bf6092b54fdae20) Importer(-1,00000000000000000000000000000000) [PhysX] Initialized MultithreadedTaskDispatcher with 8 workers.
 -> (artifact id: '5ed801d97505d9e0967dd9a0c236d425') in 0.000628 seconds
Start importing Packages/com.unity.timeline/Editor/StyleSheets/Images/Icons/d_TrackMarkerButtonEnabled@2x.png using Guid(6192986415256ca47a97a97507406f5e) Importer(-1,00000000000000000000000000000000) [PhysX] Initialized MultithreadedTaskDispatcher with 8 workers.
 -> (artifact id: '0e3cff9595aac5ce849c58d4ad9276d4') in 0.000883 seconds
Start importing Assets/Art/Stimuli/fire_shape.png using Guid(61a212336f9104a3490682e8ec52e035) Importer(-1,00000000000000000000000000000000) [PhysX] Initialized MultithreadedTaskDispatcher with 8 workers.
 -> (artifact id: '8313075b9a6a77e509eba6849125232c') in 0.013771 seconds
Start importing Packages/com.unity.timeline/Editor/StyleSheets/Images/LightSkin/TimelineContinue.png using Guid(61c21f74972ba8246b3ea400a9231841) Importer(-1,00000000000000000000000000000000) [PhysX] Initialized MultithreadedTaskDispatcher with 8 workers.
 -> (artifact id: '0b605d1cebae5901b6e14bb99866f0e7') in 0.001158 seconds
Start importing Packages/com.unity.collab-proxy/Editor/PlasticSCM/Assets/Images/iconmergeconflictoverlay@2x.png using Guid(619a2a078bfb5c84494b1e0b64f983a3) Importer(-1,00000000000000000000000000000000) [PhysX] Initialized MultithreadedTaskDispatcher with 8 workers.
 -> (artifact id: 'd410a2f844a2b54b5cf08fbb1b88c7e0') in 0.000953 seconds
Start importing Packages/com.unity.collab-proxy/Editor/PlasticSCM/Assets/Images/d_iconbranch.png using Guid(612c5e166a121e3449dad067fbdc37a4) Importer(-1,00000000000000000000000000000000) [PhysX] Initialized MultithreadedTaskDispatcher with 8 workers.
 -> (artifact id: 'b8f493335eeb51998e391d883164f81c') in 0.000896 seconds
Start importing Packages/com.unity.collab-proxy/Editor/PlasticSCM/Assets/Images/d_iconlockedlocaloverlay.png using Guid(71c45f80bffdb9145ad2c456254c862e) Importer(-1,00000000000000000000000000000000) [PhysX] Initialized MultithreadedTaskDispatcher with 8 workers.
 -> (artifact id: 'd897f7e56914e6f8d66d1b0f7533e06d') in 0.001142 seconds
Start importing Packages/com.unity.collab-proxy/Editor/Collaborate/Assets/Icons/clear-light.png using Guid(713aeedbd53e6b848a68d0755e7a2c74) Importer(-1,00000000000000000000000000000000) [PhysX] Initialized MultithreadedTaskDispatcher with 8 workers.
 -> (artifact id: '9b2b8a17870678369be6dc7b59ccb71b') in 0.000943 seconds
Start importing Packages/com.unity.timeline/Editor/StyleSheets/Images/Icons/TrackMuteButtonEnabled.png using Guid(81e8b4a4bcbf7a14898e2658fd827642) Importer(-1,00000000000000000000000000000000) [PhysX] Initialized MultithreadedTaskDispatcher with 8 workers.
 -> (artifact id: '6f6cc29ac89bd604eee146065a8310bb') in 0.000784 seconds
Start importing Packages/com.unity.textmeshpro/Editor Resources/Textures/btn_AlignCenter.psd using Guid(81ed8c76d2bc4a4c95d092c98af4e58f) Importer(-1,00000000000000000000000000000000) [PhysX] Initialized MultithreadedTaskDispatcher with 8 workers.
 -> (artifact id: 'f9e4dcdefafb5c9a2d7f08870ddb876b') in 0.001054 seconds
Start importing Packages/com.unity.timeline/Editor/StyleSheets/Images/Icons/d_TrackAvatarButtonDisabled.png using Guid(91746a504b59769439bb2749c314d231) Importer(-1,00000000000000000000000000000000) [PhysX] Initialized MultithreadedTaskDispatcher with 8 workers.
 -> (artifact id: '2e71784da2c6d81634bf432e4b79b8d8') in 0.000746 seconds
Start importing Packages/com.unity.collab-proxy/Editor/PlasticSCM/Assets/Images/iconemptygravatar.png using Guid(91976e8b9ce0f0341838727acd55621c) Importer(-1,00000000000000000000000000000000) [PhysX] Initialized MultithreadedTaskDispatcher with 8 workers.
 -> (artifact id: '88733f91f00360696fe3907e8f583d8c') in 0.001203 seconds
Start importing Packages/com.unity.timeline/Editor/StyleSheets/Images/Icons/d_TimelineEditModeReplaceOFF.png using Guid(912fd71cbf4cbe140b4f240bedbc1f3e) Importer(-1,00000000000000000000000000000000) [PhysX] Initialized MultithreadedTaskDispatcher with 8 workers.
 -> (artifact id: '3d084ba35ed59d4b8db4b617c106e1f9') in 0.000611 seconds
Start importing Packages/com.unity.timeline/Editor/StyleSheets/Images/Icons/TimelineDigIn.png using Guid(b1d064d6d80829f4eb370f679384ea1f) Importer(-1,00000000000000000000000000000000) [PhysX] Initialized MultithreadedTaskDispatcher with 8 workers.
 -> (artifact id: '96e9d659ccc9f173ca115121bf21647f') in 0.000619 seconds
Start importing Packages/com.unity.timeline/Editor/StyleSheets/Images/DarkSkin/TimelineMarkerItem.png using Guid(c133595e3c100774496e03e66fa69259) Importer(-1,00000000000000000000000000000000) [PhysX] Initialized MultithreadedTaskDispatcher with 8 workers.
 -> (artifact id: 'c79eeda3d1f49019f845631e86d3e107') in 0.000742 seconds
Start importing Packages/com.unity.timeline/Editor/StyleSheets/Images/Icons/d_TrackMarkerButtonEnabled.png using Guid(d18286874382ef042bbbdab5f71329c1) Importer(-1,00000000000000000000000000000000) [PhysX] Initialized MultithreadedTaskDispatcher with 8 workers.
 -> (artifact id: 'b6e75042671afa429a1fc97ff879cab6') in 0.002074 seconds
Start importing Packages/com.unity.timeline/Editor/StyleSheets/Images/Icons/TrackMarkerButtonEnabled.png using Guid(d1eccbb425fdacc4ba53ce4223f4ea30) Importer(-1,00000000000000000000000000000000) [PhysX] Initialized MultithreadedTaskDispatcher with 8 workers.
 -> (artifact id: 'c152dc857df3850c4853f19398c6cc88') in 0.000605 seconds
Start importing Packages/com.unity.timeline/Editor/StyleSheets/Images/DarkSkin/TimelineAutokey_active.png using Guid(e17ee60887efdd04389991a15ee0c578) Importer(-1,00000000000000000000000000000000) [PhysX] Initialized MultithreadedTaskDispatcher with 8 workers.
 -> (artifact id: 'cdaccf5a935ccf4020dd1b9506376a2e') in 0.000980 seconds
Start importing Packages/com.unity.visualscripting/Editor/VisualScripting.Core/IconMap/StateMachine@32x.png using Guid(f144232ea2c6046438f6cda6c1bad1af) Importer(-1,00000000000000000000000000000000) [PhysX] Initialized MultithreadedTaskDispatcher with 8 workers.
 -> (artifact id: '6c551f0af53c244ffd202c65660b9e6c') in 0.000916 seconds
Start importing Packages/com.unity.collab-proxy/Editor/Collaborate/Assets/Icons/merge-conflicts-dark.png using Guid(f15453c5e25703942b480f17a40794f5) Importer(-1,00000000000000000000000000000000) [PhysX] Initialized MultithreadedTaskDispatcher with 8 workers.
 -> (artifact id: '3539c315f9509a7a51676b196f463dd5') in 0.001380 seconds
Start importing Packages/com.unity.collab-proxy/Editor/Collaborate/Assets/Icons/deleted-file-light@2x.png using Guid(f1c735dde115d4f4c9ff5c633f07fbb8) Importer(-1,00000000000000000000000000000000) [PhysX] Initialized MultithreadedTaskDispatcher with 8 workers.
 -> (artifact id: '1207607bd7b829b257e2ab4e1eb0a536') in 0.001026 seconds
Start importing Packages/com.unity.timeline/Editor/StyleSheets/Images/DarkSkin/TimelineMarkerItemCollapsed.png using Guid(f179d9a3cccffb04ba2e27f681e9b147) Importer(-1,00000000000000000000000000000000) [PhysX] Initialized MultithreadedTaskDispatcher with 8 workers.
 -> (artifact id: 'c4967970de040843151cf89a6e37bfd6') in 0.001088 seconds
Start importing Packages/com.unity.collab-proxy/Editor/Collaborate/Assets/Icons/collaborate-warning-light@2x.png using Guid(02fa233a818899d48a2d3e68a68b23b6) Importer(-1,00000000000000000000000000000000) [PhysX] Initialized MultithreadedTaskDispatcher with 8 workers.
 -> (artifact id: 'd1b2cd857968b4602a37685c248b9b67') in 0.000660 seconds
Start importing Packages/com.unity.textmeshpro/Editor Resources/Textures/btn_AlignLeft_Light.psd using Guid(12736c98af174f91827a26b66d2b01b9) Importer(-1,00000000000000000000000000000000) [PhysX] Initialized MultithreadedTaskDispatcher with 8 workers.
 -> (artifact id: 'a9b0019ef752bfa66d6114f3a4e16aaf') in 0.001243 seconds
Start importing Packages/com.unity.collab-proxy/Editor/PlasticSCM/Assets/Images/iconmergelink.png using Guid(120bf54dff785a0429b068b814e9c12a) Importer(-1,00000000000000000000000000000000) [PhysX] Initialized MultithreadedTaskDispatcher with 8 workers.
 -> (artifact id: 'ce7efaa7d19e172bf60878f10ec4122a') in 0.001125 seconds
Start importing Packages/com.unity.timeline/Editor/StyleSheets/Images/Icons/d_TimelineDigIn.png using Guid(22c3c381bd3cd4a40a8541103023e1ef) Importer(-1,00000000000000000000000000000000) [PhysX] Initialized MultithreadedTaskDispatcher with 8 workers.
 -> (artifact id: '254903051720df44ef7aef327b7fda19') in 0.000633 seconds
Start importing Packages/com.unity.timeline/Editor/StyleSheets/Images/DarkSkin/TimelineIconClipOut.png using Guid(32f7e3598d6414c489127629e29af3f6) Importer(-1,00000000000000000000000000000000) [PhysX] Initialized MultithreadedTaskDispatcher with 8 workers.
 -> (artifact id: 'd44464cf49d971b1d7126185965e2e01') in 0.001020 seconds
Start importing Packages/com.unity.collab-proxy/Editor/PlasticSCM/Assets/Images/ok.png using Guid(3238dca1e9ea9fb4aa64b28298ba6dbd) Importer(-1,00000000000000000000000000000000) [PhysX] Initialized MultithreadedTaskDispatcher with 8 workers.
 -> (artifact id: '99f507819fce4bdbd2e29ededcade730') in 0.001081 seconds
Start importing Packages/com.unity.testtools.codecoverage/Editor/Icons/d_FolderOpened@2x.png using Guid(327ac160fa4588b4ab06124fe53fdbd1) Importer(-1,00000000000000000000000000000000) [PhysX] Initialized MultithreadedTaskDispatcher with 8 workers.
 -> (artifact id: '3b8b168bbdcb645e4ea9b61f09775bfb') in 0.001030 seconds
Start importing Packages/com.unity.collab-proxy/Editor/PlasticSCM/Assets/Images/iconfschanged.png using Guid(42d45b97073618b42bfcfc22740c4bc7) Importer(-1,00000000000000000000000000000000) [PhysX] Initialized MultithreadedTaskDispatcher with 8 workers.
 -> (artifact id: '3e8ab5bf3e083b6f753cf768b2a02510') in 0.002382 seconds
Start importing Packages/com.unity.visualscripting/Editor/VisualScripting.Shared/EditorAssetResources/SplitButtonArrow.png using Guid(52236e1d9300f4f718999db6c872a5d8) Importer(-1,00000000000000000000000000000000) [PhysX] Initialized MultithreadedTaskDispatcher with 8 workers.
 -> (artifact id: '1171928f0e655f146e17ca06ea810e0a') in 0.000821 seconds
Start importing Packages/com.unity.timeline/Editor/StyleSheets/Images/Icons/TrackMuteButtonDisabled.png using Guid(5216b1b48296ef345ad2d2ec43105bf0) Importer(-1,00000000000000000000000000000000) [PhysX] Initialized MultithreadedTaskDispatcher with 8 workers.
 -> (artifact id: 'db02b07661ad5f7244208201486761ad') in 0.000820 seconds
Start importing Packages/com.unity.collab-proxy/Editor/Collaborate/Assets/Icons/merge-light@2x.png using Guid(52c8930beb5f2774ebec26a86c7e9713) Importer(-1,00000000000000000000000000000000) [PhysX] Initialized MultithreadedTaskDispatcher with 8 workers.
 -> (artifact id: '2c5ea98222b354a3d096e56908ccc384') in 0.001408 seconds
Start importing Packages/com.unity.timeline/Editor/StyleSheets/Images/Icons/d_TrackLockButtonDisabled.png using Guid(52ee3ba2abc3da14a95cdf64d32ae0ae) Importer(-1,00000000000000000000000000000000) [PhysX] Initialized MultithreadedTaskDispatcher with 8 workers.
 -> (artifact id: '968798f00cb3308e7d356aad5f07122d') in 0.001369 seconds
Start importing Packages/com.unity.collab-proxy/Editor/Collaborate/Assets/Icons/more-vert-light.png using Guid(6232fff3dd732c24b810a139724ea7cf) Importer(-1,00000000000000000000000000000000) [PhysX] Initialized MultithreadedTaskDispatcher with 8 workers.
 -> (artifact id: '9e5f7b8cbae8b2936b9d6bbad4a20148') in 0.000808 seconds
Start importing Packages/com.unity.timeline/Editor/StyleSheets/Images/Shared/TimelineOutline.png using Guid(829511f8e35bf3a40be037a1050f801c) Importer(-1,00000000000000000000000000000000) [PhysX] Initialized MultithreadedTaskDispatcher with 8 workers.
 -> (artifact id: 'a0be99dcb122156cc1f5c3796fbed4be') in 0.001176 seconds
Start importing Packages/com.unity.timeline/Editor/StyleSheets/Images/LightSkin/TimelineStartPlayback.png using Guid(824c4beb0ca6c934bbc7a26919302236) Importer(-1,00000000000000000000000000000000) [PhysX] Initialized MultithreadedTaskDispatcher with 8 workers.
 -> (artifact id: '60626a610c265f5a540a24f7df8187a6') in 0.000875 seconds
Start importing Packages/com.unity.textmeshpro/Editor Resources/Textures/btn_AlignJustified.psd using Guid(92027f7f8cfc4feaa477da0dc38d3d46) Importer(-1,00000000000000000000000000000000) [PhysX] Initialized MultithreadedTaskDispatcher with 8 workers.
 -> (artifact id: '4a92f21c64326af4a1bcf07ef03daa66') in 0.001348 seconds
Start importing Packages/com.unity.collab-proxy/Editor/PlasticSCM/Assets/Images/d_icondeletedlocaloverlay@2x.png using Guid(92b204cca46037444ab18ba6701f86f7) Importer(-1,00000000000000000000000000000000) [PhysX] Initialized MultithreadedTaskDispatcher with 8 workers.
 -> (artifact id: '7a4ddf18fc608a2e352d2129b13b5ea6') in 0.001152 seconds
Start importing Packages/com.unity.timeline/Editor/StyleSheets/Images/DarkSkin/TimelineAutokey.png using Guid(92b5e4310629b264dad0fb2cc196d818) Importer(-1,00000000000000000000000000000000) [PhysX] Initialized MultithreadedTaskDispatcher with 8 workers.
 -> (artifact id: '3299a6396cfd60717a8d11688de558f4') in 0.001246 seconds
Start importing Packages/com.unity.textmeshpro/Editor Resources/Textures/btn_AlignLeft.psd using Guid(9288066c33474b94b6ee5465f4df1cc0) Importer(-1,00000000000000000000000000000000) [PhysX] Initialized MultithreadedTaskDispatcher with 8 workers.
 -> (artifact id: 'd6f39eb209fbf704013e74a73caeb9a8') in 0.001338 seconds
Start importing Packages/com.unity.collab-proxy/Editor/Collaborate/Assets/Icons/choose-remote-dark@2x.png using Guid(a26232d4d188e4440897131ed223d505) Importer(-1,00000000000000000000000000000000) [PhysX] Initialized MultithreadedTaskDispatcher with 8 workers.
 -> (artifact id: 'efb721c899e983610bac1ecf4c1ec087') in 0.000997 seconds
Start importing Packages/com.unity.collab-proxy/Editor/PlasticSCM/Assets/Images/notondisk.png using Guid(b205f4b28f59dda49af458b35d8a3ff3) Importer(-1,00000000000000000000000000000000) [PhysX] Initialized MultithreadedTaskDispatcher with 8 workers.
 -> (artifact id: '9c0b00e99493250d403390102926f791') in 0.001192 seconds
Start importing Packages/com.unity.collab-proxy/Editor/Collaborate/Assets/Icons/added-file-dark@2x.png using Guid(c223e0c507e2c6549a2cb97441b62cbe) Importer(-1,00000000000000000000000000000000) [PhysX] Initialized MultithreadedTaskDispatcher with 8 workers.
 -> (artifact id: '609a6694ef767ab18c6f926cb5193f17') in 0.000902 seconds
Start importing Packages/com.unity.timeline/Editor/StyleSheets/Images/DarkSkin/TimelineEndPlayback.png using Guid(c285802d9d414814fad592b90b223f15) Importer(-1,00000000000000000000000000000000) [PhysX] Initialized MultithreadedTaskDispatcher with 8 workers.
 -> (artifact id: '8a4a476a08c3b75c5e863a72c66d0f59') in 0.001026 seconds
Start importing Packages/com.unity.timeline/Editor/StyleSheets/Images/Icons/d_TrackAvatarButtonEnabled.png using Guid(c207dcd389fb689489f5266468cd4609) Importer(-1,00000000000000000000000000000000) [PhysX] Initialized MultithreadedTaskDispatcher with 8 workers.
 -> (artifact id: '761cfafc772c09f74f8cb8261520b9ff') in 0.000875 seconds
Start importing Packages/com.unity.textmeshpro/Editor Resources/Textures/btn_AlignMidLine.psd using Guid(c2f7f6a88b4c4f20a53deb72f3d9144c) Importer(-1,00000000000000000000000000000000) [PhysX] Initialized MultithreadedTaskDispatcher with 8 workers.
 -> (artifact id: '8764c24a11eaf0b49c85e5940bc82e90') in 0.001225 seconds
Start importing Packages/com.unity.collab-proxy/Editor/Collaborate/Assets/Icons/status-warning-dark.png using Guid(c2d8bb87691276f4d93f1b74330d1d90) Importer(-1,00000000000000000000000000000000) [PhysX] Initialized MultithreadedTaskDispatcher with 8 workers.
 -> (artifact id: '315666109e5798d3211136ae3ba075c1') in 0.001006 seconds
Start importing Packages/com.unity.collab-proxy/Editor/Collaborate/Assets/Icons/collaborate-available-changes-light.png using Guid(c27f4e1f2b76b2f45b48df65c02ba338) Importer(-1,00000000000000000000000000000000) [PhysX] Initialized MultithreadedTaskDispatcher with 8 workers.
 -> (artifact id: 'a01f1fe1ecd08c75752a60e044fae4b3') in 0.000777 seconds
Start importing Packages/com.unity.collab-proxy/Editor/PlasticSCM/Assets/Images/buttonssosigninemail.png using Guid(d24e7e0b75e1a244bb9687d6fd4315ef) Importer(-1,00000000000000000000000000000000) [PhysX] Initialized MultithreadedTaskDispatcher with 8 workers.
 -> (artifact id: '94cd01e17b0216546f2031cb122df1a8') in 0.000987 seconds
Start importing Packages/com.unity.collab-proxy/Editor/PlasticSCM/Assets/Images/icondeletedlocaloverlay.png using Guid(e251dfd24b5610d4d8ea65a237cc9d97) Importer(-1,00000000000000000000000000000000) [PhysX] Initialized MultithreadedTaskDispatcher with 8 workers.
 -> (artifact id: 'bd84b98fecc768b38b97f1374bced9e6') in 0.001127 seconds
Start importing Packages/com.unity.collab-proxy/Editor/PlasticSCM/Assets/Images/d_genericbuhoshe1.png using Guid(f2901efd8bb16bc408ad37f017fbf9bc) Importer(-1,00000000000000000000000000000000) [PhysX] Initialized MultithreadedTaskDispatcher with 8 workers.
 -> (artifact id: 'f5384d311973a3623487b33555fb0eab') in 0.005075 seconds
Start importing Packages/com.unity.timeline/Editor/StyleSheets/Images/LightSkin/TimelineDisabledBackground.png using Guid(0304baf8d224f3e47b22d872c8dcd412) Importer(-1,00000000000000000000000000000000) [PhysX] Initialized MultithreadedTaskDispatcher with 8 workers.
 -> (artifact id: '15635c4c062385c8aeb906667fcf3b07') in 0.000928 seconds
Start importing Packages/com.unity.collab-proxy/Editor/Collaborate/Assets/Icons/conflicted-file-light@2x.png using Guid(0365b40fda51ad5499dfe50b036adb1b) Importer(-1,00000000000000000000000000000000) [PhysX] Initialized MultithreadedTaskDispatcher with 8 workers.
 -> (artifact id: '1af84386d432963a21563a0f2bdbedb5') in 0.000886 seconds
Start importing Packages/com.unity.timeline/Editor/StyleSheets/Images/Icons/TimelineCollapseMarkerButtonEnabled.png using Guid(0367ce1ebbbb18940b79eed63a0315d5) Importer(-1,00000000000000000000000000000000) [PhysX] Initialized MultithreadedTaskDispatcher with 8 workers.
 -> (artifact id: 'a2ddfc7dd377d88af427987c63fe619a') in 0.000789 seconds
Start importing Packages/com.unity.collab-proxy/Editor/PlasticSCM/Assets/Images/iconmergeconflictoverlay.png using Guid(0397bb00c9c158d4fa9ce21ec390489d) Importer(-1,00000000000000000000000000000000) [PhysX] Initialized MultithreadedTaskDispatcher with 8 workers.
 -> (artifact id: '443fa00bbd63fb139cb296b0bbeb4df7') in 0.000840 seconds
Start importing Packages/com.unity.timeline/Editor/StyleSheets/Images/Shared/TimelineDisplay.png using Guid(03ae22b9de3989144a9bebf8972b4fad) Importer(-1,00000000000000000000000000000000) [PhysX] Initialized MultithreadedTaskDispatcher with 8 workers.
 -> (artifact id: '465642d2d926cea550096413e3bb59d0') in 0.000747 seconds
Start importing Packages/com.unity.visualscripting/Editor/VisualScripting.Core/IconMap/SceneVariables.png using Guid(1322acb2dac5e7f4cbae25e022caf9d2) Importer(-1,00000000000000000000000000000000) [PhysX] Initialized MultithreadedTaskDispatcher with 8 workers.
 -> (artifact id: '3e3b0cf6ad1f5f3cb79e7ac1ce8a9106') in 0.002300 seconds
Start importing Packages/com.unity.collab-proxy/Editor/PlasticSCM/Assets/Images/iconclosebutton.png using Guid(13527793884104b46b7446fd7464c3ed) Importer(-1,00000000000000000000000000000000) [PhysX] Initialized MultithreadedTaskDispatcher with 8 workers.
 -> (artifact id: 'addf19a5926fb0535343e70abace1fdd') in 0.001446 seconds
Start importing Packages/com.unity.collab-proxy/Editor/PlasticSCM/Assets/Images/d_expertbuho.png using Guid(13e7e6fe43a8aa049bcd610bbc1f5ff8) Importer(-1,00000000000000000000000000000000) [PhysX] Initialized MultithreadedTaskDispatcher with 8 workers.
 -> (artifact id: 'd7fdbac6a5f405d7d2900b2d45f00005') in 0.005408 seconds
Start importing Packages/com.unity.collab-proxy/Editor/Collaborate/Assets/Icons/revert-asset-dark.png using Guid(23933ab6b291bc54ba1b99b5fcb9ec80) Importer(-1,00000000000000000000000000000000) [PhysX] Initialized MultithreadedTaskDispatcher with 8 workers.
 -> (artifact id: 'b0abc45fa194ddbaaca62243611a8ee8') in 0.000847 seconds
Start importing Packages/com.unity.collab-proxy/Editor/PlasticSCM/Assets/Images/d_iconplasticnotifyconflict@2x.png using Guid(23743f0c0ed1e6546808a5d645c2a6a5) Importer(-1,00000000000000000000000000000000) [PhysX] Initialized MultithreadedTaskDispatcher with 8 workers.
 -> (artifact id: '3b1fcdd1742457b7109bddff80af13e9') in 0.000961 seconds
Start importing Packages/com.unity.timeline/Editor/StyleSheets/Images/Icons/TimelineClipFG.png using Guid(33b1871a2d09cfa459a93f4e8feb5c41) Importer(-1,00000000000000000000000000000000) [PhysX] Initialized MultithreadedTaskDispatcher with 8 workers.
 -> (artifact id: 'a3d171418e7b78933f484292e2336fc8') in 0.001053 seconds
Start importing Packages/com.unity.collab-proxy/Editor/Collaborate/Assets/Icons/edited-file-light.png using Guid(33c1613cec3e57243baaa6b3dba6fec5) Importer(-1,00000000000000000000000000000000) [PhysX] Initialized MultithreadedTaskDispatcher with 8 workers.
 -> (artifact id: 'a8879597c569f92418ebae1285daa628') in 0.000919 seconds
Start importing Packages/com.unity.timeline/Editor/StyleSheets/Images/Icons/TrackMarkerButtonDisabled.png using Guid(33a52b41b4de5874ca7da1da32067e39) Importer(-1,00000000000000000000000000000000) [PhysX] Initialized MultithreadedTaskDispatcher with 8 workers.
 -> (artifact id: '71464c4908a672c4e2025449135201f5') in 0.000670 seconds
Start importing Packages/com.unity.collab-proxy/Editor/Collaborate/Assets/Icons/clear-dark.png using Guid(432426364f0e2474b9817a7e5b9dd1c2) Importer(-1,00000000000000000000000000000000) [PhysX] Initialized MultithreadedTaskDispatcher with 8 workers.
 -> (artifact id: 'b08738128915b02431b06113f3f2876b') in 0.000794 seconds
Start importing Packages/com.unity.collab-proxy/Editor/PlasticSCM/Assets/Images/d_genericbuho1.png using Guid(43ad51e043491b94d8f6c62d55ac5ede) Importer(-1,00000000000000000000000000000000) [PhysX] Initialized MultithreadedTaskDispatcher with 8 workers.
 -> (artifact id: 'e5220d75c3c702fd3b633c08701615c0') in 0.005152 seconds
Start importing Packages/com.unity.timeline/Editor/StyleSheets/Images/Icons/d_TrackCurvesButtonEnabled@2x.png using Guid(43ed4593c5ddda0439fcc1bdaf8309fe) Importer(-1,00000000000000000000000000000000) [PhysX] Initialized MultithreadedTaskDispatcher with 8 workers.
 -> (artifact id: '9a6b9f18ee8ae8cbd9bf5aa7d205aa69') in 0.001521 seconds
Start importing Packages/com.unity.timeline/Editor/StyleSheets/Images/DarkSkin/TimelinePlayRange.png using Guid(43eeff8a446b32242a4fb1a5c1bd7b8e) Importer(-1,00000000000000000000000000000000) [PhysX] Initialized MultithreadedTaskDispatcher with 8 workers.
 -> (artifact id: 'ec0da99b6a14c8aac548a6bb54a58e6e') in 0.001023 seconds
Start importing Packages/com.unity.collab-proxy/Editor/PlasticSCM/Assets/Images/d_iconaddedoverlay.png using Guid(73d124bf77e463c45942d14136745d9f) Importer(-1,00000000000000000000000000000000) [PhysX] Initialized MultithreadedTaskDispatcher with 8 workers.
 -> (artifact id: '5707d7dd3ad5c4d7217a4ac1b633566e') in 0.000888 seconds
Start importing Packages/com.unity.timeline/Editor/StyleSheets/Images/Icons/TimelineSelector.png using Guid(73f5ebb64da7b2a40ab6bffac80f1a61) Importer(-1,00000000000000000000000000000000) [PhysX] Initialized MultithreadedTaskDispatcher with 8 workers.
 -> (artifact id: 'fb6d5246a5772347d27f95d89584d989') in 0.000774 seconds
Start importing Packages/com.unity.collab-proxy/Editor/PlasticSCM/Assets/Images/d_expertbuhoshe.png using Guid(8325d4ef0a6eb3d43952aff8a06d9f45) Importer(-1,00000000000000000000000000000000) [PhysX] Initialized MultithreadedTaskDispatcher with 8 workers.
 -> (artifact id: 'b92c21075cf976e11318c5d70a4ffb8e') in 0.005236 seconds
Start importing Packages/com.unity.collab-proxy/Editor/Collaborate/Assets/Icons/collaborate-light@2x.png using Guid(837c493ae228aaf4d977e9138707008d) Importer(-1,00000000000000000000000000000000) [PhysX] Initialized MultithreadedTaskDispatcher with 8 workers.
 -> (artifact id: '9433fa341387e40848b64645b585676c') in 0.000883 seconds
Start importing Packages/com.unity.timeline/Editor/StyleSheets/Images/Icons/TrackCurvesButtonDisabled@2x.png using Guid(a383d8b1327c9254896ad76d6efaf357) Importer(-1,00000000000000000000000000000000) [PhysX] Initialized MultithreadedTaskDispatcher with 8 workers.
 -> (artifact id: 'e2d92149f574eca2a5cdff6c1a415520') in 0.000679 seconds
Start importing Packages/com.unity.collab-proxy/Editor/PlasticSCM/Assets/Images/icondeletedlocaloverlay@2x.png using Guid(a3e491f99ea3ad74f8731ca93e84c497) Importer(-1,00000000000000000000000000000000) [PhysX] Initialized MultithreadedTaskDispatcher with 8 workers.
 -> (artifact id: 'd0df64a49d6e5e3b76ce317d7bf6394d') in 0.000986 seconds
Start importing Assets/Art/Stimuli/_preview/water_shape_preview.png using Guid(a326d07d403d84d0d94e59ccb2458c28) Importer(-1,00000000000000000000000000000000) [PhysX] Initialized MultithreadedTaskDispatcher with 8 workers.
 -> (artifact id: '2b0e3b8bbb8587e3ee40c284a8f1487b') in 0.005005 seconds
Start importing Packages/com.unity.timeline/Editor/StyleSheets/Images/Icons/d_TrackMarkerButtonDisabled.png using Guid(b3644a971cca0bd4eb357cb9aca4dde1) Importer(-1,00000000000000000000000000000000) [PhysX] Initialized MultithreadedTaskDispatcher with 8 workers.
 -> (artifact id: '41ef324c913251f4bd4945ac8c2e8983') in 0.001018 seconds
Start importing Packages/com.unity.timeline/Editor/StyleSheets/Images/Icons/TrackMarkerButtonEnabled@2x.png using Guid(c35a22ede3f5feb488bf69587ddc36ed) Importer(-1,00000000000000000000000000000000) [PhysX] Initialized MultithreadedTaskDispatcher with 8 workers.
 -> (artifact id: '386b688f980b355afbbfee46e4d15050') in 0.000647 seconds
Start importing Packages/com.unity.timeline/Editor/StyleSheets/Images/DarkSkin/TimelinePingPong.png using Guid(d3b5c4f7d6b94f64085b3713bffa680e) Importer(-1,00000000000000000000000000000000) [PhysX] Initialized MultithreadedTaskDispatcher with 8 workers.
 -> (artifact id: '6962a7b257422964081048ffcf4f012b') in 0.000707 seconds
Start importing Packages/com.unity.textmeshpro/Editor Resources/Textures/SectionHeader_Light.psd using Guid(e3b0f810fdea84e40ab4ba20f256f7e8) Importer(-1,00000000000000000000000000000000) [PhysX] Initialized MultithreadedTaskDispatcher with 8 workers.
 -> (artifact id: 'ec5fc8e2e8091cf30ea1819998e8f324') in 0.001131 seconds
Start importing Packages/com.unity.collab-proxy/Editor/Collaborate/Assets/Icons/moved-file-dark.png using Guid(e3ea510ab0d9de74d825181746b18285) Importer(-1,00000000000000000000000000000000) [PhysX] Initialized MultithreadedTaskDispatcher with 8 workers.
 -> (artifact id: '1a2ebc15a9f8190c3831556c6a36c936') in 0.000823 seconds
Start importing Packages/com.unity.collab-proxy/Editor/PlasticSCM/Assets/Images/d_genericbuhochristmas1.png using Guid(e36d1a38d7aa309409e80bf66a089330) Importer(-1,00000000000000000000000000000000) [PhysX] Initialized MultithreadedTaskDispatcher with 8 workers.
 -> (artifact id: '686f18eb0388cd55ce9b9bff25430618') in 0.005505 seconds
Start importing Packages/com.unity.collab-proxy/Editor/PlasticSCM/Assets/Images/d_iconplasticnotifyincoming.png using Guid(f31d2c855644aad4cb2030bce12859f6) Importer(-1,00000000000000000000000000000000) [PhysX] Initialized MultithreadedTaskDispatcher with 8 workers.
 -> (artifact id: '470e009b8a28344b75f1ed53facfaeec') in 0.001410 seconds
Start importing Packages/com.unity.services.core/Editor/Core/UiHelpers/Images/ToggleOff.png using Guid(04ca3057bc8a3462899551a1d4c90184) Importer(-1,00000000000000000000000000000000) [PhysX] Initialized MultithreadedTaskDispatcher with 8 workers.
 -> (artifact id: '61a5d659896a3a028325abfcc5756ea1') in 0.001042 seconds
Start importing Packages/com.unity.collab-proxy/Editor/PlasticSCM/Assets/Images/d_buttonssosigninemail@2x.png using Guid(144aa74618b85974a9a50f612c2fa8fd) Importer(-1,00000000000000000000000000000000) [PhysX] Initialized MultithreadedTaskDispatcher with 8 workers.
 -> (artifact id: 'a08cefcc7902f7471627e09584b2bfea') in 0.001108 seconds
Start importing Packages/com.unity.timeline/Editor/StyleSheets/Images/Icons/d_TimelineCollapseMarkerButtonEnabled.png using Guid(2446ee609b613cd4e9142ccc55cb7c43) Importer(-1,00000000000000000000000000000000) [PhysX] Initialized MultithreadedTaskDispatcher with 8 workers.
 -> (artifact id: '4c59e9373e5553e68de563a8770b966a') in 0.001076 seconds
Start importing Packages/com.unity.timeline/Editor/StyleSheets/Images/LightSkin/TimelineMarkerItem.png using Guid(24b97c67b63a23b48bea4036d28a5818) Importer(-1,00000000000000000000000000000000) [PhysX] Initialized MultithreadedTaskDispatcher with 8 workers.
 -> (artifact id: '4109af877fa4d6e0b5640a6bab8275e3') in 0.001356 seconds
Start importing Packages/com.unity.collab-proxy/Editor/Collaborate/Assets/Icons/status-info-light.png using Guid(34b3e61f975861a4cba8efcb5f6f05ea) Importer(-1,00000000000000000000000000000000) [PhysX] Initialized MultithreadedTaskDispatcher with 8 workers.
 -> (artifact id: 'd6e392ae3677025548745d6538dc39ab') in 0.001173 seconds
Start importing Packages/com.unity.collab-proxy/Editor/PlasticSCM/Assets/Images/d_stepok@2x.png using Guid(3494dc956dfd7174abc07060940a2848) Importer(-1,00000000000000000000000000000000) [PhysX] Initialized MultithreadedTaskDispatcher with 8 workers.
 -> (artifact id: '931cbc5a0327f5cf8973a4b29a7a00ed') in 0.001176 seconds
Start importing Packages/com.unity.textmeshpro/Editor Resources/Textures/btn_AlignRight.psd using Guid(342a0f8aca7f4f0691338912faec0494) Importer(-1,00000000000000000000000000000000) [PhysX] Initialized MultithreadedTaskDispatcher with 8 workers.
 -> (artifact id: '3b3f09f8fcfa3c3d0fe7d5e3e513ac1b') in 0.001240 seconds
Start importing Packages/com.unity.collab-proxy/Editor/Collaborate/Assets/Icons/collaborate-light.png using Guid(4466539767d9ee241abcc43eebb52ce3) Importer(-1,00000000000000000000000000000000) [PhysX] Initialized MultithreadedTaskDispatcher with 8 workers.
 -> (artifact id: '69ec9ff4d84a6522dbfbdfe3505da9bd') in 0.000847 seconds
Start importing Packages/com.unity.timeline/Editor/StyleSheets/Images/Icons/TrackAvatarButtonDisabled.png using Guid(54623075676bd504d93243fb18745161) Importer(-1,00000000000000000000000000000000) [PhysX] Initialized MultithreadedTaskDispatcher with 8 workers.
 -> (artifact id: 'a463cd74f6247fcfbd30d757706c5acb') in 0.000692 seconds
Start importing Packages/com.unity.textmeshpro/Editor Resources/Textures/btn_AlignFlush_Light.psd using Guid(64b9fad609434c489c32b1cdf2004a1c) Importer(-1,00000000000000000000000000000000) [PhysX] Initialized MultithreadedTaskDispatcher with 8 workers.
 -> (artifact id: '4b029d1df24620770411d496cadcb532') in 0.001077 seconds
Start importing Packages/com.unity.collab-proxy/Editor/PlasticSCM/Assets/Images/d_iconplasticviewnotify@2x.png using Guid(64eb0648ca0d11944a9517d8662508fd) Importer(-1,00000000000000000000000000000000) [PhysX] Initialized MultithreadedTaskDispatcher with 8 workers.
 -> (artifact id: '9d4a24c651d82f2e459e6ed872c3f33b') in 0.001148 seconds
Start importing Packages/com.unity.visualscripting/Graphics/Icons_16x_72dpi.psd using Guid(749d1db079e2d5e4ea440488ee312b04) Importer(-1,00000000000000000000000000000000) [PhysX] Initialized MultithreadedTaskDispatcher with 8 workers.
 -> (artifact id: 'da6363dce80f5d2b7e142b27a844b6b0') in 0.001528 seconds
Start importing Packages/com.unity.collab-proxy/Editor/PlasticSCM/Assets/Images/iconaddedoverlay@2x.png using Guid(74ef721fef79c44489d4e3edb0ab0c01) Importer(-1,00000000000000000000000000000000) [PhysX] Initialized MultithreadedTaskDispatcher with 8 workers.
 -> (artifact id: 'fe645d87efc5089473b8c7b8058ad825') in 0.001172 seconds
Start importing Packages/com.unity.collab-proxy/Editor/Collaborate/Assets/Icons/collaborate-available-changes-light@2x.png using Guid(8478a99d8fb61c94ba938c3034d449c6) Importer(-1,00000000000000000000000000000000) [PhysX] Initialized MultithreadedTaskDispatcher with 8 workers.
 -> (artifact id: '6b3910c41b8796b1df07eb5678db86ad') in 0.000883 seconds
Start importing Packages/com.unity.collab-proxy/Editor/Collaborate/Assets/Icons/show-dark.png using Guid(849b7119dad13a24397add67a7f78510) Importer(-1,00000000000000000000000000000000) [PhysX] Initialized MultithreadedTaskDispatcher with 8 workers.
 -> (artifact id: '9fd9e652a98ecf700687db6f7551ba69') in 0.000856 seconds
Start importing Packages/com.unity.visualscripting/Editor/VisualScripting.Core/IconMap/UnityMessageListener@32x.png using Guid(9494e5b136d34c74f96fb0df4a7b9a77) Importer(-1,00000000000000000000000000000000) [PhysX] Initialized MultithreadedTaskDispatcher with 8 workers.
 -> (artifact id: 'd68bfe7ad0a443b86f563850cc362bfb') in 0.001775 seconds
Start importing Packages/com.unity.collab-proxy/Editor/PlasticSCM/Assets/Images/iconpressedclosebutton.png using Guid(94fe868620119564f9474f40cd6145aa) Importer(-1,00000000000000000000000000000000) [PhysX] Initialized MultithreadedTaskDispatcher with 8 workers.
 -> (artifact id: '1493166bed21d982df297e607a5bdefa') in 0.001682 seconds
Start importing Packages/com.unity.timeline/Editor/StyleSheets/Images/Icons/Timeline-Marker-Warning-Overlay.png using Guid(945f4ecec6df62244b9ebcc363833642) Importer(-1,00000000000000000000000000000000) [PhysX] Initialized MultithreadedTaskDispatcher with 8 workers.
 -> (artifact id: 'e99de9f18014af35b681df4407ce3fde') in 0.000883 seconds
Start importing Packages/com.unity.collab-proxy/Editor/PlasticSCM/Assets/Images/stepok.png using Guid(d4780dc1205c7c7478c970d8c61d24e8) Importer(-1,00000000000000000000000000000000) [PhysX] Initialized MultithreadedTaskDispatcher with 8 workers.
 -> (artifact id: 'ef2fe1d7b8b1e584c8587fc25ef1788c') in 0.000906 seconds
Start importing Assets/Art/Stimuli/_preview/fire_shape_blue.png using Guid(d43d1a943ec204f54bca8df5e0990dd3) Importer(-1,00000000000000000000000000000000) [PhysX] Initialized MultithreadedTaskDispatcher with 8 workers.
 -> (artifact id: '80bd9e138055f3d54dccc66942a5a345') in 0.004880 seconds
Start importing Packages/com.unity.collab-proxy/Editor/Collaborate/Assets/Icons/collaborate-error-light@2x.png using Guid(d41e3a51c74c48847a8eb97a319afda8) Importer(-1,00000000000000000000000000000000) [PhysX] Initialized MultithreadedTaskDispatcher with 8 workers.
 -> (artifact id: '26d5e1bcbb92e76d2e519174f8855146') in 0.001164 seconds
Start importing Packages/com.unity.timeline/Editor/StyleSheets/Images/Icons/TimelineClipBG.png using Guid(d44fc8b11425e0043aa7c20a301ce707) Importer(-1,00000000000000000000000000000000) [PhysX] Initialized MultithreadedTaskDispatcher with 8 workers.
 -> (artifact id: '99dbfcc9a55ebedd63f13148525bfe9a') in 0.000714 seconds
Start importing Packages/com.unity.collab-proxy/Editor/PlasticSCM/Assets/Images/iconbranch@2x.png using Guid(e45389a8a97044d4caf408f252370632) Importer(-1,00000000000000000000000000000000) [PhysX] Initialized MultithreadedTaskDispatcher with 8 workers.
 -> (artifact id: '55b531359459ce5cd70c61c8b05ec18c') in 0.000980 seconds
Start importing Packages/com.unity.collab-proxy/Editor/Collaborate/Assets/Icons/diff-light.png using Guid(f4d24f788ff8ef0448d273529dc5d9a0) Importer(-1,00000000000000000000000000000000) [PhysX] Initialized MultithreadedTaskDispatcher with 8 workers.
 -> (artifact id: 'e2db0716a094782299015bccb785b00f') in 0.000603 seconds
Start importing Packages/com.unity.collab-proxy/Editor/PlasticSCM/Assets/Images/d_iconconflictresolvedoverlay.png using Guid(056ee72c467a4e24d87541d42839ca72) Importer(-1,00000000000000000000000000000000) [PhysX] Initialized MultithreadedTaskDispatcher with 8 workers.
 -> (artifact id: '3bdcd3fa5784816739b28e5e7e03a706') in 0.001078 seconds
Start importing Packages/com.unity.collab-proxy/Editor/PlasticSCM/Assets/Images/d_iconprivateoverlay.png using Guid(059fb5367594a3343814dc25ace454b3) Importer(-1,00000000000000000000000000000000) [PhysX] Initialized MultithreadedTaskDispatcher with 8 workers.
 -> (artifact id: '3649ce4e322406dd031cb510abd7b6c2') in 0.000853 seconds
Start importing Packages/com.unity.timeline/Editor/StyleSheets/Images/Icons/TimelineSignal.png using Guid(15845fb26c2846947b4dedb9fb348cc1) Importer(-1,00000000000000000000000000000000) [PhysX] Initialized MultithreadedTaskDispatcher with 8 workers.
 -> (artifact id: '5bff51b61484c4a0a8119560c79ed7a8') in 0.000907 seconds
Start importing Packages/com.unity.collab-proxy/Editor/Collaborate/Assets/Icons/conflicted-file-light.png using Guid(159b6ffcecc70b54a991cab02c8be883) Importer(-1,00000000000000000000000000000000) [PhysX] Initialized MultithreadedTaskDispatcher with 8 workers.
 -> (artifact id: '769497f2d38e2c5e1c6c1f64892ae2b2') in 0.000839 seconds
Start importing Packages/com.unity.collab-proxy/Editor/Collaborate/Assets/Icons/collaborate-dark@2x.png using Guid(158d9c687149a0e499002e08c9420c70) Importer(-1,00000000000000000000000000000000) [PhysX] Initialized MultithreadedTaskDispatcher with 8 workers.
 -> (artifact id: 'a9be25880b87983b0e65deedbb4fd78f') in 0.000947 seconds
Start importing Packages/com.unity.visualscripting/Graphics/Icons_32x_72dpi.psd using Guid(35a21b8c004950548af9fc81919e1aa9) Importer(-1,00000000000000000000000000000000) [PhysX] Initialized MultithreadedTaskDispatcher with 8 workers.
 -> (artifact id: 'ccdb6ebae0e66bcf0a5177863be05a2c') in 0.001752 seconds
Start importing Packages/com.unity.timeline/Editor/StyleSheets/Images/DarkSkin/TimelineActivation.png using Guid(359cf58d5969d1a4aad29b095c7fc338) Importer(-1,00000000000000000000000000000000) [PhysX] Initialized MultithreadedTaskDispatcher with 8 workers.
 -> (artifact id: '7dab3867787bd35db9fa2550e4c252c5') in 0.000953 seconds
Start importing Packages/com.unity.textmeshpro/Editor Resources/Textures/btn_AlignCenterGeo_Light.psd using Guid(35ff0937876540d3bd4b6a941df62a92) Importer(-1,00000000000000000000000000000000) [PhysX] Initialized MultithreadedTaskDispatcher with 8 workers.
 -> (artifact id: '6327e910a54921c6dc5c104305ed36d9') in 0.000995 seconds
Start importing Packages/com.unity.collab-proxy/Editor/Collaborate/Assets/Icons/collaborate-warning-dark@2x.png using Guid(45308e2aea842dd4e87bb30395d6e303) Importer(-1,00000000000000000000000000000000) [PhysX] Initialized MultithreadedTaskDispatcher with 8 workers.
 -> (artifact id: '175726cd84a6d39a5bbffe0fa13c187b') in 0.000832 seconds
Start importing Packages/com.unity.collab-proxy/Editor/PlasticSCM/Assets/Images/xlink.png using Guid(556a2f3b046024d4c9621c1b4be5f0c1) Importer(-1,00000000000000000000000000000000) [PhysX] Initialized MultithreadedTaskDispatcher with 8 workers.
 -> (artifact id: '1aeaa88c2ef2f148efe47d396169b7ae') in 0.001061 seconds
Start importing Packages/com.unity.collab-proxy/Editor/Collaborate/Assets/Icons/collaborate-incoming-light@2x.png using Guid(75d22b424580dde41824299bb20d1de1) Importer(-1,00000000000000000000000000000000) [PhysX] Initialized MultithreadedTaskDispatcher with 8 workers.
 -> (artifact id: '6c3dcfe157fbad505fd5a39606c365e1') in 0.000764 seconds
Start importing Packages/com.unity.timeline/Editor/StyleSheets/Images/Shared/Timeline-Marker-Multi-Overlay.png using Guid(75f26f1c549568c4e9950a368bd08cb8) Importer(-1,00000000000000000000000000000000) [PhysX] Initialized MultithreadedTaskDispatcher with 8 workers.
 -> (artifact id: '17439a1d3dcd0f2ed7e899d364989abc') in 0.003124 seconds
Start importing Packages/com.unity.collab-proxy/Editor/Collaborate/Assets/Icons/collaborate-dark.png using Guid(8558913fe46542045b38c8f97ef8546a) Importer(-1,00000000000000000000000000000000) [PhysX] Initialized MultithreadedTaskDispatcher with 8 workers.
 -> (artifact id: 'b7a5c25ebd883b0c03a08acb7891ac5c') in 0.000598 seconds
Start importing Packages/com.unity.timeline/Editor/StyleSheets/Images/Icons/TrackCurvesButtonEnabled.png using Guid(9589d5d9eb09dec43b2ad51af4e78b1e) Importer(-1,00000000000000000000000000000000) [PhysX] Initialized MultithreadedTaskDispatcher with 8 workers.
 -> (artifact id: 'd9866588d56009039faf63e9c42fcc3e') in 0.000743 seconds
Start importing Packages/com.unity.timeline/Editor/StyleSheets/Images/DarkSkin/TimelineSignalSelected.png using Guid(a5e21f4e466690645980dd0cf0b664bc) Importer(-1,00000000000000000000000000000000) [PhysX] Initialized MultithreadedTaskDispatcher with 8 workers.
 -> (artifact id: '5f932f4f4aed8856043680209466b6ae') in 0.000704 seconds
Start importing Packages/com.unity.collab-proxy/Editor/PlasticSCM/Assets/Images/iconlockedlocaloverlay@2x.png using Guid(b528c1b33a65cf94ea74f830b54c9acb) Importer(-1,00000000000000000000000000000000) [PhysX] Initialized MultithreadedTaskDispatcher with 8 workers.
 -> (artifact id: 'd6ad926a646f4dab45d47577e7517641') in 0.000958 seconds
Start importing Packages/com.unity.timeline/Editor/StyleSheets/Images/Icons/TimelineEditModeRippleON.png using Guid(c5c1f094d9a9b3f4c9cc6c3a87af871c) Importer(-1,00000000000000000000000000000000) [PhysX] Initialized MultithreadedTaskDispatcher with 8 workers.
 -> (artifact id: '6f9e55f9dcff4d2079d3e56219028098') in 0.000547 seconds
Start importing Packages/com.unity.collab-proxy/Editor/Collaborate/Assets/Icons/edited-file-light@2x.png using Guid(c5b20b1351db04e44b3baeba4679c8d7) Importer(-1,00000000000000000000000000000000) [PhysX] Initialized MultithreadedTaskDispatcher with 8 workers.
 -> (artifact id: '29b2b0f136cd4bb3ac3086f5f7e6eb4c') in 0.000796 seconds
Start importing Packages/com.unity.visualscripting/Editor/VisualScripting.Core/IconMap/GlobalMessageListener@32x.png using Guid(c588f7acb736b6940bac7b559c8f59dd) Importer(-1,00000000000000000000000000000000) [PhysX] Initialized MultithreadedTaskDispatcher with 8 workers.
 -> (artifact id: 'a86c8302f09514f0cd7b9f992bbbc3d0') in 0.002134 seconds
Start importing Packages/com.unity.collab-proxy/Editor/PlasticSCM/Assets/Images/d_iconplasticnotifyincoming@2x.png using Guid(c5fc116b3271b5947808130b2212cd60) Importer(-1,00000000000000000000000000000000) [PhysX] Initialized MultithreadedTaskDispatcher with 8 workers.
 -> (artifact id: '353fa5fa609fde3f3938e5a135f3a4af') in 0.001126 seconds
Start importing Packages/com.unity.collab-proxy/Editor/PlasticSCM/Assets/Images/icondeletedremoteoverlay@2x.png using Guid(d5c3277b1dbad9448b46c2ec87a2cef8) Importer(-1,00000000000000000000000000000000) [PhysX] Initialized MultithreadedTaskDispatcher with 8 workers.
 -> (artifact id: '655f0f99c36471e9c1dd43451fb704b8') in 0.001492 seconds
Start importing Packages/com.unity.timeline/Editor/StyleSheets/Images/Icons/d_TrackCurvesButtonDisabled.png using Guid(d55a54a15106e3f418a43134888f2211) Importer(-1,00000000000000000000000000000000) [PhysX] Initialized MultithreadedTaskDispatcher with 8 workers.
 -> (artifact id: 'ddbfa4e0ea190f749d7cd763798fede3') in 0.001197 seconds
Start importing Packages/com.unity.collab-proxy/Editor/PlasticSCM/Assets/Images/d_loading.png using Guid(d58e94bfb1bac774dbb8ca9c2597ef2e) Importer(-1,00000000000000000000000000000000) [PhysX] Initialized MultithreadedTaskDispatcher with 8 workers.
 -> (artifact id: '770ab3c93effe11b1b6fcf7000e25dbe') in 0.000857 seconds
Start importing Packages/com.unity.timeline/Editor/StyleSheets/Images/Shared/TimelineSwatch.png using Guid(e50018fd67fc156459e4014bdad3f5f6) Importer(-1,00000000000000000000000000000000) [PhysX] Initialized MultithreadedTaskDispatcher with 8 workers.
 -> (artifact id: '734abb28d5193ba54b96d75a140b4131') in 0.001054 seconds
Start importing Packages/com.unity.collab-proxy/Editor/PlasticSCM/Assets/Images/d_cloudbuho.png using Guid(e5600378dd761e64d9423790c482bf36) Importer(-1,00000000000000000000000000000000) [PhysX] Initialized MultithreadedTaskDispatcher with 8 workers.
 -> (artifact id: 'ee5ad556d6c1987900248d76d20f8410') in 0.005538 seconds
Start importing Packages/com.unity.timeline/Editor/StyleSheets/Images/Icons/d_TrackMuteButtonEnabled@2x.png using Guid(e54e20c7a9730fe4c822d63228527ae4) Importer(-1,00000000000000000000000000000000) [PhysX] Initialized MultithreadedTaskDispatcher with 8 workers.
 -> (artifact id: 'cb8285dc052cc8e05ce939af3b603a00') in 0.000841 seconds
Start importing Packages/com.unity.collab-proxy/Editor/Collaborate/Assets/Icons/back-light@2x.png using Guid(f5c57327df0fa294c8209aa216435167) Importer(-1,00000000000000000000000000000000) [PhysX] Initialized MultithreadedTaskDispatcher with 8 workers.
 -> (artifact id: 'f79b32ce8743e192b93bee4b04d38f05') in 0.000920 seconds
Start importing Assets/Art/Stimuli/_preview/water_shape_blue.png using Guid(f54eb00a0c86441679e1ac0bb3bef655) Importer(-1,00000000000000000000000000000000) [PhysX] Initialized MultithreadedTaskDispatcher with 8 workers.
 -> (artifact id: '6fd92b6a009252b0ad68f9c8e492f61b') in 0.004627 seconds
Start importing Assets/Art/Stimuli/_preview/fire_shape_preview.png using Guid(f59ee7d48f2154d0ebf3cef486094bea) Importer(-1,00000000000000000000000000000000) [PhysX] Initialized MultithreadedTaskDispatcher with 8 workers.
 -> (artifact id: '040d387f54bde5a2c996366efa69586e') in 0.005346 seconds
Start importing Packages/com.unity.textmeshpro/Editor Resources/Textures/btn_AlignMiddle_Light.psd using Guid(066619c9c9c84f89acb1b48c11a7efe2) Importer(-1,00000000000000000000000000000000) [PhysX] Initialized MultithreadedTaskDispatcher with 8 workers.
 -> (artifact id: '0e6ec55bcb31200ace365d0222ab22c8') in 0.001450 seconds
Start importing Packages/com.unity.collab-proxy/Editor/Collaborate/Assets/Icons/diff-dark.png using Guid(06bb2a7fb040987409dae109d185de22) Importer(-1,00000000000000000000000000000000) [PhysX] Initialized MultithreadedTaskDispatcher with 8 workers.
 -> (artifact id: '4f580361705ae37f0783dcdd32d21b76') in 0.000877 seconds
Start importing Packages/com.unity.timeline/Editor/StyleSheets/Images/Icons/d_TimelineSelector.png using Guid(06bf6150656339941aa98e175a995445) Importer(-1,00000000000000000000000000000000) [PhysX] Initialized MultithreadedTaskDispatcher with 8 workers.
 -> (artifact id: '372ddf7ed209f4ae1c45464cb1863cdf') in 0.000884 seconds
Start importing Packages/com.unity.collab-proxy/Editor/Collaborate/Assets/Icons/conflicted-file-dark.png using Guid(16b10562fce5a0f4794872a75d897cc9) Importer(-1,00000000000000000000000000000000) [PhysX] Initialized MultithreadedTaskDispatcher with 8 workers.
 -> (artifact id: '46ddc1bdca7a144d17bbb1464f188293') in 0.000637 seconds
Start importing Packages/com.unity.collab-proxy/Editor/PlasticSCM/Assets/Images/iconmerged.png using Guid(36b376cee8459d34e8aefb062d29bcf2) Importer(-1,00000000000000000000000000000000) [PhysX] Initialized MultithreadedTaskDispatcher with 8 workers.
 -> (artifact id: 'f8db7a1cfd24f4072b91390bef03cd64') in 0.001099 seconds
Start importing Packages/com.unity.collab-proxy/Editor/PlasticSCM/Assets/Images/step3@2x.png using Guid(36e6970b84831434a9eac79abd03700b) Importer(-1,00000000000000000000000000000000) [PhysX] Initialized MultithreadedTaskDispatcher with 8 workers.
 -> (artifact id: 'b070206de49de040fffd9459bc8e52c0') in 0.001011 seconds
Start importing Packages/com.unity.collab-proxy/Editor/Collaborate/Assets/Icons/more-vert-dark@2x.png using Guid(366c5b350c052f34aa6909c6563fb9e9) Importer(-1,00000000000000000000000000000000) [PhysX] Initialized MultithreadedTaskDispatcher with 8 workers.
 -> (artifact id: '813807aaafbb1c7e30d4be02e0b59ec5') in 0.001024 seconds
Start importing Packages/com.unity.timeline/Editor/StyleSheets/Images/DarkSkin/TimelineLoop.png using Guid(360dded8761e81d4d98c10f469d55492) Importer(-1,00000000000000000000000000000000) [PhysX] Initialized MultithreadedTaskDispatcher with 8 workers.
 -> (artifact id: '042e3f90d5e80c556c1c3394515b9cc0') in 0.001234 seconds
Start importing Packages/com.unity.collab-proxy/Editor/PlasticSCM/Assets/Images/d_step3.png using Guid(46930b20180b59e46b73494adf53abbb) Importer(-1,00000000000000000000000000000000) [PhysX] Initialized MultithreadedTaskDispatcher with 8 workers.
 -> (artifact id: '9dcf0c73c2d0cdd80ae5e5f1fdc5fd76') in 0.000981 seconds
Start importing Packages/com.unity.collab-proxy/Editor/Collaborate/Assets/Icons/moved-file-light.png using Guid(4616bb1fdd540b8418c6840020e72248) Importer(-1,00000000000000000000000000000000) [PhysX] Initialized MultithreadedTaskDispatcher with 8 workers.
 -> (artifact id: '091ab66e0701cad42af44defe4f51d5c') in 0.000665 seconds
Start importing Packages/com.unity.collab-proxy/Editor/PlasticSCM/Assets/Images/d_stevejobsbuhoshe.png using Guid(56e456ab0f7f79a4dbabcc9079c49a94) Importer(-1,00000000000000000000000000000000) [PhysX] Initialized MultithreadedTaskDispatcher with 8 workers.
 -> (artifact id: '0b99ed0adaa314e98b965518197663f2') in 0.005299 seconds
Start importing Packages/com.unity.collab-proxy/Editor/Collaborate/Assets/Icons/diff-light@2x.png using Guid(56f45ee382e8dc847bd536ba8de7300b) Importer(-1,00000000000000000000000000000000) [PhysX] Initialized MultithreadedTaskDispatcher with 8 workers.
 -> (artifact id: '04ace23b0e70e69c63e38450e38d41db') in 0.001775 seconds
Start importing Packages/com.unity.collab-proxy/Editor/Collaborate/Assets/Icons/merge-conflicts-light@2x.png using Guid(56adf392a7d080448ab9b85e27356d2e) Importer(-1,00000000000000000000000000000000) [PhysX] Initialized MultithreadedTaskDispatcher with 8 workers.
 -> (artifact id: '57d6d55b30738b0e9fa14f98f8ead5d9') in 0.000694 seconds
Start importing Packages/com.unity.visualscripting/Editor/VisualScripting.Core/IconMap/VariablesAsset@32.png using Guid(562f2dd7647d95e499d958215476bbde) Importer(-1,00000000000000000000000000000000) [PhysX] Initialized MultithreadedTaskDispatcher with 8 workers.
 -> (artifact id: 'db7bc34c33694752d7942a2c0d59272a') in 0.000982 seconds
Start importing Packages/com.unity.testtools.codecoverage/Editor/Icons/d_FolderOpened.png using Guid(663a080499383ea4e9297061febf5ef7) Importer(-1,00000000000000000000000000000000) [PhysX] Initialized MultithreadedTaskDispatcher with 8 workers.
 -> (artifact id: '2320a3db19113ad53937a6f4531bf7df') in 0.001397 seconds
Start importing Packages/com.unity.collab-proxy/Editor/PlasticSCM/Assets/Images/ignoredoverlay.png using Guid(767ce9b1aa9de8747a4c2ffc8b3dd7ad) Importer(-1,00000000000000000000000000000000) [PhysX] Initialized MultithreadedTaskDispatcher with 8 workers.
 -> (artifact id: '637c2d557484cb3f7d94a5336b8b0701') in 0.000869 seconds
Start importing Packages/com.unity.testtools.codecoverage/Editor/Icons/d_CodeCoverage@2x.png using Guid(8616c9d86a8504a4b8b5c65bb6a5644f) Importer(-1,00000000000000000000000000000000) [PhysX] Initialized MultithreadedTaskDispatcher with 8 workers.
 -> (artifact id: 'cf5af3ffe4a92fef35732fbe5ed5ba74') in 0.001959 seconds
Start importing Packages/com.unity.collab-proxy/Editor/PlasticSCM/Assets/Images/iconbranch.png using Guid(a6219d44b6fc910449f7c3fee45db5c5) Importer(-1,00000000000000000000000000000000) [PhysX] Initialized MultithreadedTaskDispatcher with 8 workers.
 -> (artifact id: 'bdd9d2c8931d9c48da52cf09ba93ffbe') in 0.000930 seconds
Start importing Packages/com.unity.collab-proxy/Editor/PlasticSCM/Assets/Images/d_iconaddedoverlay@2x.png using Guid(a6fbd5a181bc51e42a61a73fe8d727c8) Importer(-1,00000000000000000000000000000000) [PhysX] Initialized MultithreadedTaskDispatcher with 8 workers.
 -> (artifact id: '667ea65a1e3a929025fb8b575daede03') in 0.000939 seconds
Start importing Packages/com.unity.timeline/Editor/StyleSheets/Images/LightSkin/TimelineMarkerItemSelected.png using Guid(b6e9dc9aad5843748a0124b8925c3743) Importer(-1,00000000000000000000000000000000) [PhysX] Initialized MultithreadedTaskDispatcher with 8 workers.
 -> (artifact id: '5fab3f8176159c25757e5f80e919a53c') in 0.001000 seconds
Start importing Packages/com.unity.timeline/Editor/StyleSheets/Images/Icons/TrackRecordButtonEnabled.png using Guid(c6a0c6226c05f954fa6cd03aebb4d255) Importer(-1,00000000000000000000000000000000) [PhysX] Initialized MultithreadedTaskDispatcher with 8 workers.
 -> (artifact id: '0e39e62d42134cf0c11d4d3c8a05e450') in 0.000754 seconds
Start importing Packages/com.unity.collab-proxy/Editor/PlasticSCM/Assets/Images/loading.png using Guid(c6b1bcaa3f4767141acd747384dbb276) Importer(-1,00000000000000000000000000000000) [PhysX] Initialized MultithreadedTaskDispatcher with 8 workers.
 -> (artifact id: 'd91c68599a9ede8d1450e58ca69871fb') in 0.000793 seconds
Start importing Packages/com.unity.collab-proxy/Editor/Collaborate/Assets/Icons/revert-asset-light@2x.png using Guid(e6e5a841174ef8f44a853b724cc52b4f) Importer(-1,00000000000000000000000000000000) [PhysX] Initialized MultithreadedTaskDispatcher with 8 workers.
 -> (artifact id: '487e103a23729de79a13b900fb94481b') in 0.000887 seconds
Start importing Packages/com.unity.collab-proxy/Editor/Collaborate/Assets/Icons/back-light.png using Guid(e676ab7aa99535447a763c9f88bf9260) Importer(-1,00000000000000000000000000000000) [PhysX] Initialized MultithreadedTaskDispatcher with 8 workers.
 -> (artifact id: '59447fa41f134e9bfd0b0f5d3429a27c') in 0.001536 seconds
Start importing Packages/com.unity.timeline/Editor/StyleSheets/Images/LightSkin/TimelineAutokey_active@2x.png using Guid(f6717d61970edba4686c297677881a77) Importer(-1,00000000000000000000000000000000) [PhysX] Initialized MultithreadedTaskDispatcher with 8 workers.
 -> (artifact id: 'd709c73a81444b00ca01b1fae4002233') in 0.000604 seconds
Start importing Packages/com.unity.collab-proxy/Editor/Collaborate/Assets/Icons/collaborate-available-changes-dark.png using Guid(07ab2758fd6b77141ae34a703972f385) Importer(-1,00000000000000000000000000000000) [PhysX] Initialized MultithreadedTaskDispatcher with 8 workers.
 -> (artifact id: 'acca833ea486da8c20a3414af52ed44e') in 0.000777 seconds
Start importing Packages/com.unity.timeline/Editor/StyleSheets/Images/Shared/TimelineWarning.png using Guid(1732e542f535d374bbfa7565fc78414e) Importer(-1,00000000000000000000000000000000) [PhysX] Initialized MultithreadedTaskDispatcher with 8 workers.
 -> (artifact id: '6895927b5a2a74668ccd3428b247d546') in 0.000920 seconds
Start importing Packages/com.unity.collab-proxy/Editor/PlasticSCM/Assets/Images/d_genericbuhoshe2.png using Guid(17035c204825f6340a252046ab6476fd) Importer(-1,00000000000000000000000000000000) [PhysX] Initialized MultithreadedTaskDispatcher with 8 workers.
 -> (artifact id: '5a88b0725c6d9b79e146aae5a5274188') in 0.005475 seconds
Start importing Packages/com.unity.collab-proxy/Editor/Collaborate/Assets/Icons/status-warning-light@2x.png using Guid(274868c191eceec47af7c288217e75cd) Importer(-1,00000000000000000000000000000000) [PhysX] Initialized MultithreadedTaskDispatcher with 8 workers.
 -> (artifact id: 'bddb1317081dc3d6ce6e50793af945f9') in 0.001236 seconds
Start importing Packages/com.unity.testtools.codecoverage/Editor/Icons/CodeCoverage@2x.png using Guid(37164f8d49df70f448b593fa86e488f5) Importer(-1,00000000000000000000000000000000) [PhysX] Initialized MultithreadedTaskDispatcher with 8 workers.
 -> (artifact id: '53fddb352a33f0993a8cf32b66f47b85') in 0.001070 seconds
Start importing Packages/com.unity.collab-proxy/Editor/PlasticSCM/Assets/Images/iconoutofsyncoverlay@2x.png using Guid(3728580c149181a44b359e89f6edacae) Importer(-1,00000000000000000000000000000000) [PhysX] Initialized MultithreadedTaskDispatcher with 8 workers.
 -> (artifact id: 'bff5dc8febe9edb24b9e32cf6bd1d413') in 0.000979 seconds
Start importing Packages/com.unity.collab-proxy/Editor/PlasticSCM/Assets/Images/d_expertbuhoshechristmas.png using Guid(372e7b39fc8f34549ac25d8757965a2c) Importer(-1,00000000000000000000000000000000) [PhysX] Initialized MultithreadedTaskDispatcher with 8 workers.
 -> (artifact id: '6100df0fddf3a5080599edc7b395481e') in 0.005753 seconds
Start importing Packages/com.unity.timeline/Editor/StyleSheets/Images/Icons/d_TimelineEditModeRippleON.png using Guid(67a774c4384aa6c488128e2851b18ced) Importer(-1,00000000000000000000000000000000) [PhysX] Initialized MultithreadedTaskDispatcher with 8 workers.
 -> (artifact id: '85a921e156c528d09a9b8173debe5481') in 0.001755 seconds
Start importing Packages/com.unity.collab-proxy/Editor/PlasticSCM/Assets/Images/iconchanged.png using Guid(6719b9ff26333564181b5328d934035c) Importer(-1,00000000000000000000000000000000) [PhysX] Initialized MultithreadedTaskDispatcher with 8 workers.
 -> (artifact id: 'c282702a43eb115a84b98f42d60efe7f') in 0.001159 seconds
Start importing Packages/com.unity.collab-proxy/Editor/Collaborate/Assets/Icons/loading-light.png using Guid(77502b03a9bd59440840caed1248d860) Importer(-1,00000000000000000000000000000000) [PhysX] Initialized MultithreadedTaskDispatcher with 8 workers.
 -> (artifact id: 'bfaa34d129b9d6e0a83c1b6a23dfa287') in 0.001440 seconds
Start importing Packages/com.unity.collab-proxy/Editor/PlasticSCM/Assets/Images/icondeleted.png using Guid(77a39e873655d3c4b93d0b7696397b83) Importer(-1,00000000000000000000000000000000) [PhysX] Initialized MultithreadedTaskDispatcher with 8 workers.
 -> (artifact id: '99061aa8a0854dee34cd7f3e06e5ae1f') in 0.001029 seconds
Start importing Packages/com.unity.timeline/Editor/StyleSheets/Images/Icons/d_TrackMarkerButtonDisabled@2x.png using Guid(77d926c9a4ddcc940b8c000b45cbfb35) Importer(-1,00000000000000000000000000000000) [PhysX] Initialized MultithreadedTaskDispatcher with 8 workers.
 -> (artifact id: '0160ae08d6b3d5e12b9472b36b21acd5') in 0.000914 seconds
Start importing Packages/com.unity.collab-proxy/Editor/PlasticSCM/Assets/Images/d_iconbranch@2x.png using Guid(874d8401331ede14087e8d8d486ddda6) Importer(-1,00000000000000000000000000000000) [PhysX] Initialized MultithreadedTaskDispatcher with 8 workers.
 -> (artifact id: 'f5029b3b673fc3988a80322b7f4b8e7d') in 0.001118 seconds
Start importing Assets/Art/Stimuli/water_shape.png using Guid(97620c5142056489a873d84408fb6f3e) Importer(-1,00000000000000000000000000000000) [PhysX] Initialized MultithreadedTaskDispatcher with 8 workers.
 -> (artifact id: 'e427125139e5c38ccfdf1b67d06b5064') in 0.011120 seconds
Start importing Packages/com.unity.collab-proxy/Editor/PlasticSCM/Assets/Images/iconplasticview@2x.png using Guid(97a4e2b6ae08b1140a5ba9e22953e029) Importer(-1,00000000000000000000000000000000) [PhysX] Initialized MultithreadedTaskDispatcher with 8 workers.
 -> (artifact id: 'c11e5232b5d97577d74b11598534b9e5') in 0.001385 seconds
Start importing Packages/com.unity.timeline/Editor/StyleSheets/Images/LightSkin/TimelineIconClipOut.png using Guid(a7a968b204ed77c4ba90be3ef3ee8551) Importer(-1,00000000000000000000000000000000) [PhysX] Initialized MultithreadedTaskDispatcher with 8 workers.
 -> (artifact id: '60f66a51c9d96a1f4321b704106eaae1') in 0.000790 seconds
Start importing Packages/com.unity.collab-proxy/Editor/Collaborate/Assets/Icons/deleted-file-dark@2x.png using Guid(a7d900a247e707e45a257328c3ee381e) Importer(-1,00000000000000000000000000000000) [PhysX] Initialized MultithreadedTaskDispatcher with 8 workers.
 -> (artifact id: '20a90305c4c056eff55c71a3aef7bb5b') in 0.000915 seconds
Start importing Packages/com.unity.textmeshpro/Editor Resources/Gizmos/TMP - Dropdown Icon.psd using Guid(a7ec9e7ad8b847b7ae4510af83c5d868) Importer(-1,00000000000000000000000000000000) [PhysX] Initialized MultithreadedTaskDispatcher with 8 workers.
 -> (artifact id: 'd7698d1e4c8644e401bfc3a8741e4b36') in 0.001610 seconds
Start importing Packages/com.unity.collab-proxy/Editor/Collaborate/Assets/Icons/merge-dark.png using Guid(a7dda6e49f4dd1c4bb0fac36bf812173) Importer(-1,00000000000000000000000000000000) [PhysX] Initialized MultithreadedTaskDispatcher with 8 workers.
 -> (artifact id: 'ec5bc98a4b1eab654f35353b182bba8a') in 0.001051 seconds
Start importing Packages/com.unity.textmeshpro/Editor Resources/Textures/btn_AlignCenterGeo.psd using Guid(c76700ea0062413d9f69409b4e9e151b) Importer(-1,00000000000000000000000000000000) [PhysX] Initialized MultithreadedTaskDispatcher with 8 workers.
 -> (artifact id: '85ea97d58c73eb00f99cedc23c755426') in 0.001169 seconds
Start importing Packages/com.unity.timeline/Editor/StyleSheets/Images/LightSkin/TimelineLoop.png using Guid(c7df1e797b21c774f9b859d17f674737) Importer(-1,00000000000000000000000000000000) [PhysX] Initialized MultithreadedTaskDispatcher with 8 workers.
 -> (artifact id: 'a0d210e1603c6accf84ef9f0ece4af10') in 0.000781 seconds
Start importing Packages/com.unity.collab-proxy/Editor/Collaborate/Assets/Icons/status-info-light@2x.png using Guid(e7a0d3e65a5b4ab4db5ba97e4fc06f99) Importer(-1,00000000000000000000000000000000) [PhysX] Initialized MultithreadedTaskDispatcher with 8 workers.
 -> (artifact id: '2cbfbd1be2a1fdf6e2a41da449d0d203') in 0.000881 seconds
Start importing Packages/com.unity.collab-proxy/Editor/PlasticSCM/Assets/Images/iconlockedremoteoverlay.png using Guid(e78d7bb19d72cdd478600b30412eecc9) Importer(-1,00000000000000000000000000000000) [PhysX] Initialized MultithreadedTaskDispatcher with 8 workers.
 -> (artifact id: '182401f45edd8c6b2675f9ce310931a3') in 0.000870 seconds
Start importing Packages/com.unity.visualscripting/Editor/VisualScripting.Core/IconMap/FlowMachine@32x.png using Guid(f723b77167d184d4a8ab528db8b55744) Importer(-1,00000000000000000000000000000000) [PhysX] Initialized MultithreadedTaskDispatcher with 8 workers.
 -> (artifact id: '0d4ee8b53bc33faa7c28d1dd1e2f391f') in 0.002181 seconds
Start importing Packages/com.unity.collab-proxy/Editor/Collaborate/Assets/Icons/revert-asset-dark@2x.png using Guid(f79532ed53993a24fb2d007f647d3f97) Importer(-1,00000000000000000000000000000000) [PhysX] Initialized MultithreadedTaskDispatcher with 8 workers.
 -> (artifact id: 'e17e949f5ee1dc30184c28ea71fd7975') in 0.000833 seconds
Start importing Packages/com.unity.timeline/Editor/StyleSheets/Images/DarkSkin/TimelineContinue.png using Guid(f747f9cdf03f2ff418fe728a77e8cbef) Importer(-1,00000000000000000000000000000000) [PhysX] Initialized MultithreadedTaskDispatcher with 8 workers.
 -> (artifact id: '6e5e9878ced1a7ef373552e7f5176616') in 0.000947 seconds
Start importing Packages/com.unity.collab-proxy/Editor/PlasticSCM/Assets/Images/iconlockedremoteoverlay@2x.png using Guid(f73a7d8758d7be04588b15637d94b5a8) Importer(-1,00000000000000000000000000000000) [PhysX] Initialized MultithreadedTaskDispatcher with 8 workers.
 -> (artifact id: '77de2598fce390762e0afefbf6e0b060') in 0.000996 seconds
Start importing Packages/com.unity.collab-proxy/Editor/PlasticSCM/Assets/Images/d_stevejobsbuhochristmas.png using Guid(08c91a7677e66844281a99aaf6ea36f1) Importer(-1,00000000000000000000000000000000) [PhysX] Initialized MultithreadedTaskDispatcher with 8 workers.
 -> (artifact id: '855200c849765d442063ac4659e2691e') in 0.005491 seconds
Start importing Packages/com.unity.collab-proxy/Editor/Collaborate/Assets/Icons/diff-dark@2x.png using Guid(1875b6a8fb148514ab1d9494eae2dd9e) Importer(-1,00000000000000000000000000000000) [PhysX] Initialized MultithreadedTaskDispatcher with 8 workers.
 -> (artifact id: '45bc2b931475295a01aac8682a257b46') in 0.002260 seconds
Start importing Packages/com.unity.textmeshpro/Editor Resources/Textures/btn_AlignBaseLine_Light.psd using Guid(18775b51e3bd42299fd30bd036ea982f) Importer(-1,00000000000000000000000000000000) [PhysX] Initialized MultithreadedTaskDispatcher with 8 workers.
 -> (artifact id: '8470ddfb3be62654cc6487499699c09d') in 0.001650 seconds
Start importing Packages/com.unity.timeline/Editor/StyleSheets/Images/DarkSkin/TimelineAutokey_active@2x.png using Guid(183f7b7549219ab47becb461a16df882) Importer(-1,00000000000000000000000000000000) [PhysX] Initialized MultithreadedTaskDispatcher with 8 workers.
 -> (artifact id: '8d36877a3fae3593a544896f3d3090b3') in 0.000666 seconds
Start importing Packages/com.unity.collab-proxy/Editor/Collaborate/Assets/Icons/choose-remote-dark.png using Guid(289215d22fcafb941b9e25f8609e25b9) Importer(-1,00000000000000000000000000000000) [PhysX] Initialized MultithreadedTaskDispatcher with 8 workers.
 -> (artifact id: '63ad060abbeacfb1c874ca71130668b8') in 0.000935 seconds
Start importing Packages/com.unity.timeline/Editor/StyleSheets/Images/LightSkin/TimelineActivation.png using Guid(2887294cc7f1fe840bff6e349409648d) Importer(-1,00000000000000000000000000000000) [PhysX] Initialized MultithreadedTaskDispatcher with 8 workers.
 -> (artifact id: 'ccbb986244d30b704961659843215c25') in 0.000976 seconds
Start importing Packages/com.unity.collab-proxy/Editor/PlasticSCM/Assets/Images/d_step1.png using Guid(38236a82ff44aaa4b972248479d5f970) Importer(-1,00000000000000000000000000000000) [PhysX] Initialized MultithreadedTaskDispatcher with 8 workers.
 -> (artifact id: '7731f3c946e56f256563351c81abc90b') in 0.000844 seconds
Start importing Packages/com.unity.textmeshpro/Editor Resources/Textures/btn_AlignTop.psd using Guid(48d034c499ee4697af9dd6e327110249) Importer(-1,00000000000000000000000000000000) [PhysX] Initialized MultithreadedTaskDispatcher with 8 workers.
 -> (artifact id: 'e1a99d1f29438fe63da58f1d0f1279bb') in 0.001041 seconds
Start importing Packages/com.unity.testtools.codecoverage/Editor/Icons/d_CodeCoverage.png using Guid(48e45b7f100ee4b48a02e05135e6cece) Importer(-1,00000000000000000000000000000000) [PhysX] Initialized MultithreadedTaskDispatcher with 8 workers.
 -> (artifact id: 'ce1cb2337caa4ac7307e8ff9409f5398') in 0.000904 seconds
Start importing Packages/com.unity.collab-proxy/Editor/Collaborate/Assets/Icons/undo-light.png using Guid(48a8d899ebcc4e84db1a2ffd2bb4e9e8) Importer(-1,00000000000000000000000000000000) [PhysX] Initialized MultithreadedTaskDispatcher with 8 workers.
 -> (artifact id: '79a82bc517887c231bbe7b51d394ca6f') in 0.000821 seconds
Start importing Packages/com.unity.textmeshpro/Editor Resources/Textures/btn_AlignBottom_Light.psd using Guid(585b70cb75dd43efbfead809c30a1731) Importer(-1,00000000000000000000000000000000) [PhysX] Initialized MultithreadedTaskDispatcher with 8 workers.
 -> (artifact id: '123f60af624010390be4ba6cfa51321b') in 0.001059 seconds
Start importing Packages/com.unity.collab-proxy/Editor/Collaborate/Assets/Icons/collaborate-done-light.png using Guid(68d404d4616084f449a3bc644c023f2c) Importer(-1,00000000000000000000000000000000) [PhysX] Initialized MultithreadedTaskDispatcher with 8 workers.
 -> (artifact id: 'b72072af3237946a6e146f623bc054e4') in 0.000781 seconds
Start importing Packages/com.unity.collab-proxy/Editor/Collaborate/Assets/Icons/conflicted-file-dark@2x.png using Guid(68295f1d2b4db9040ac84ac00d5554a6) Importer(-1,00000000000000000000000000000000) [PhysX] Initialized MultithreadedTaskDispatcher with 8 workers.
 -> (artifact id: '06683ce98d7bf9e713ec758c0063a129') in 0.000594 seconds
Start importing Packages/com.unity.collab-proxy/Editor/PlasticSCM/Assets/Images/d_ignoredoverlay@2x.png using Guid(68fafd0a2acc3774988418f657bf7b68) Importer(-1,00000000000000000000000000000000) [PhysX] Initialized MultithreadedTaskDispatcher with 8 workers.
 -> (artifact id: 'c76e91a652c411101a8f9647c5699eea') in 0.000912 seconds
Start importing Packages/com.unity.collab-proxy/Editor/Collaborate/Assets/Icons/choose-remote-light.png using Guid(78f56e873f56d7943aef2a039430732e) Importer(-1,00000000000000000000000000000000) [PhysX] Initialized MultithreadedTaskDispatcher with 8 workers.
 -> (artifact id: '0f280ba42c0eff4cd78813585f048c34') in 0.000592 seconds
Start importing Packages/com.unity.timeline/Editor/StyleSheets/Images/LightSkin/TimelinePingPong.png using Guid(88d697f38121de443ba144702e5122d9) Importer(-1,00000000000000000000000000000000) [PhysX] Initialized MultithreadedTaskDispatcher with 8 workers.
 -> (artifact id: '85f59f5923e3295e44315116aefd3512') in 0.000666 seconds
Start importing Packages/com.unity.collab-proxy/Editor/Collaborate/Assets/Icons/status-warning-dark@2x.png using Guid(98d032c68be4a784ab77b461c5341fc8) Importer(-1,00000000000000000000000000000000) [PhysX] Initialized MultithreadedTaskDispatcher with 8 workers.
 -> (artifact id: '9cca6727ced160da69b1b5af0636f609') in 0.000866 seconds
Start importing Packages/com.unity.collab-proxy/Editor/PlasticSCM/Assets/Images/iconundo.png using Guid(98773313eabe35543bfdbf542ccea271) Importer(-1,00000000000000000000000000000000) [PhysX] Initialized MultithreadedTaskDispatcher with 8 workers.
 -> (artifact id: 'c7376778e0ab8ce8735a0ae4168d84f9') in 0.002054 seconds
Start importing Packages/com.unity.collab-proxy/Editor/Collaborate/Assets/Icons/revert-asset-light.png using Guid(987c88fe221d4484db97f6d0e56d8e3c) Importer(-1,00000000000000000000000000000000) [PhysX] Initialized MultithreadedTaskDispatcher with 8 workers.
 -> (artifact id: '3e7e4e37904bb4e20b19d29dda0edba6') in 0.001168 seconds
Start importing Packages/com.unity.collab-proxy/Editor/Collaborate/Assets/Icons/collaborate-progress-light.png using Guid(98eea3a123f8b4c468b7e43d0ff3c232) Importer(-1,00000000000000000000000000000000) [PhysX] Initialized MultithreadedTaskDispatcher with 8 workers.
 -> (artifact id: 'fead6be5b31ca2b7105186d8b9d08a7e') in 0.000746 seconds
Start importing Packages/com.unity.timeline/Editor/StyleSheets/Images/Icons/TimelineEditModeMixON.png using Guid(a82846d41464fcf4b962ebdc815963f5) Importer(-1,00000000000000000000000000000000) [PhysX] Initialized MultithreadedTaskDispatcher with 8 workers.
 -> (artifact id: '3729902e0a63c5088bf45b19e089f972') in 0.000796 seconds
Start importing Packages/com.unity.timeline/Editor/StyleSheets/Images/LightSkin/TimelineSignalCollapsed.png using Guid(a88fa20ed164bbe4da6bf533f94a3113) Importer(-1,00000000000000000000000000000000) [PhysX] Initialized MultithreadedTaskDispatcher with 8 workers.
 -> (artifact id: '41af275ab4d40c71dc4eecd3201481a8') in 0.000959 seconds
Start importing Packages/com.unity.timeline/Editor/StyleSheets/Images/Icons/TrackLockButtonEnabled@2x.png using Guid(b8c531b4e51e4994a81837c4e9b0d649) Importer(-1,00000000000000000000000000000000) [PhysX] Initialized MultithreadedTaskDispatcher with 8 workers.
 -> (artifact id: '5063d974fdb6c390a94a7ed312b07a03') in 0.000600 seconds
Start importing Packages/com.unity.timeline/Editor/StyleSheets/Images/Icons/TimelineCollapseMarkerButtonDisabled.png using Guid(b80d5b6acdfbc114b9efab6295fd96c1) Importer(-1,00000000000000000000000000000000) [PhysX] Initialized MultithreadedTaskDispatcher with 8 workers.
 -> (artifact id: '33bfbf14f691ea53018974519115f046') in 0.000563 seconds
Start importing Packages/com.unity.collab-proxy/Editor/Collaborate/Assets/Icons/clear-light@2x.png using Guid(c84258b6921bcce45a57f68a07b2143f) Importer(-1,00000000000000000000000000000000) [PhysX] Initialized MultithreadedTaskDispatcher with 8 workers.
 -> (artifact id: 'f547719406cda0e05580496ca1064926') in 0.000841 seconds
Start importing Packages/com.unity.collab-proxy/Editor/PlasticSCM/Assets/Images/d_step1@2x.png using Guid(c8a69ecdf54ac8e4b873466605de27ff) Importer(-1,00000000000000000000000000000000) [PhysX] Initialized MultithreadedTaskDispatcher with 8 workers.
 -> (artifact id: 'ac0c1e947d4cf74eca632deececb5a4d') in 0.003489 seconds
Start importing Packages/com.unity.collab-proxy/Editor/PlasticSCM/Assets/Images/d_expertbuhochristmas.png using Guid(c887ed2a931c29040bc544cd8c546e9f) Importer(-1,00000000000000000000000000000000) [PhysX] Initialized MultithreadedTaskDispatcher with 8 workers.
 -> (artifact id: 'cc8d4ee39aaebb8f880a6f1644102fb1') in 0.005750 seconds
Start importing Packages/com.unity.collab-proxy/Editor/Collaborate/Assets/Icons/merge-conflicts-light.png using Guid(d876c6d477e3c3b4891cdee8f10ecaf1) Importer(-1,00000000000000000000000000000000) [PhysX] Initialized MultithreadedTaskDispatcher with 8 workers.
 -> (artifact id: 'b7c7e6b091c61768442a64fd370ee230') in 0.000958 seconds
Start importing Packages/com.unity.collab-proxy/Editor/Collaborate/Assets/Icons/show-light@2x.png using Guid(d84f7eb154b674f46b833c51f844277e) Importer(-1,00000000000000000000000000000000) [PhysX] Initialized MultithreadedTaskDispatcher with 8 workers.
 -> (artifact id: '4c9fef90c3e7aa387cbf6a4c15401614') in 0.000918 seconds
Start importing Packages/com.unity.timeline/Editor/StyleSheets/Images/Icons/d_TrackLockButtonEnabled.png using Guid(e8aa120f1b4731e43a2dd31eb70bbbe2) Importer(-1,00000000000000000000000000000000) [PhysX] Initialized MultithreadedTaskDispatcher with 8 workers.
 -> (artifact id: 'da37097be8ea26a193c5efa5bbf0c401') in 0.000646 seconds
Start importing Packages/com.unity.collab-proxy/Editor/PlasticSCM/Assets/Images/d_iconmergeconflictoverlay.png using Guid(e82b4b1383f66ad468b73c88a7688e03) Importer(-1,00000000000000000000000000000000) [PhysX] Initialized MultithreadedTaskDispatcher with 8 workers.
 -> (artifact id: '7defa6470abaf58fe71cd39e8e5fed75') in 0.001207 seconds
Start importing Packages/com.unity.collab-proxy/Editor/PlasticSCM/Assets/Images/d_genericbuhoshechristmas3.png using Guid(f8c9467a892580344bb697526dac0d13) Importer(-1,00000000000000000000000000000000) [PhysX] Initialized MultithreadedTaskDispatcher with 8 workers.
 -> (artifact id: '758af877a28b143a32ff8a1195490e2b') in 0.005508 seconds
Start importing Packages/com.unity.collab-proxy/Editor/Collaborate/Assets/Icons/collaborate-incoming-light.png using Guid(0919e5a835eb86343b8b1722ea1d32a8) Importer(-1,00000000000000000000000000000000) [PhysX] Initialized MultithreadedTaskDispatcher with 8 workers.
 -> (artifact id: '51417a2f43094f2a910734215cf85c51') in 0.000875 seconds
Start importing Packages/com.unity.collab-proxy/Editor/Collaborate/Assets/Icons/search-dark@2x.png using Guid(09996e28fa830fb4283b19f26584c9f2) Importer(-1,00000000000000000000000000000000) [PhysX] Initialized MultithreadedTaskDispatcher with 8 workers.
 -> (artifact id: '3ff82fccd538267602e2150c55f12f02') in 0.000845 seconds
Start importing Packages/com.unity.timeline/Editor/StyleSheets/Images/Icons/TimelineEditModeReplaceOFF.png using Guid(09ae14686a02d484ab41e76fd1efba14) Importer(-1,00000000000000000000000000000000) [PhysX] Initialized MultithreadedTaskDispatcher with 8 workers.
 -> (artifact id: 'c9a8f2b8cae6aa200be688a43e18163e') in 0.000887 seconds
Start importing Packages/com.unity.testtools.codecoverage/Editor/Icons/FolderOpened.png using Guid(1935829ae7024da448814ef05b31e6c4) Importer(-1,00000000000000000000000000000000) [PhysX] Initialized MultithreadedTaskDispatcher with 8 workers.
 -> (artifact id: 'af7b864be4b91c2d60f5f9385ada0654') in 0.000800 seconds
Start importing Packages/com.unity.timeline/Editor/StyleSheets/Images/Icons/TrackMarkerButtonDisabled@2x.png using Guid(193dae938a3136440b693b45a2494737) Importer(-1,00000000000000000000000000000000) [PhysX] Initialized MultithreadedTaskDispatcher with 8 workers.
 -> (artifact id: 'd452f36d27403c9a0b5260458e14a821') in 0.000614 seconds
Start importing Packages/com.unity.collab-proxy/Editor/PlasticSCM/Assets/Images/iconcheckedoutlocaloverlay@2x.png using Guid(3999034958d54364da380a8839a11050) Importer(-1,00000000000000000000000000000000) [PhysX] Initialized MultithreadedTaskDispatcher with 8 workers.
 -> (artifact id: '9374d05a0f384959a026f8ee957b543f') in 0.000953 seconds
Start importing Packages/com.unity.collab-proxy/Editor/Collaborate/Assets/Icons/choose-mine-dark@2x.png using Guid(39c95c5cb14167543b9aa5908c94bb71) Importer(-1,00000000000000000000000000000000) [PhysX] Initialized MultithreadedTaskDispatcher with 8 workers.
 -> (artifact id: '163381c90fb0aff8984b1db11aa65a8b') in 0.001449 seconds
Start importing Packages/com.unity.timeline/Editor/StyleSheets/Images/Icons/d_TimelineEditModeMixOFF.png using Guid(39d9575ed0465354cb02b69ea18526de) Importer(-1,00000000000000000000000000000000) [PhysX] Initialized MultithreadedTaskDispatcher with 8 workers.
 -> (artifact id: '99c06b67baefde51351954149f64f5b6') in 0.001092 seconds
Start importing Packages/com.unity.collab-proxy/Editor/Collaborate/Assets/Icons/added-file-light.png using Guid(397fff6c3885f8343bb65714f0064b5d) Importer(-1,00000000000000000000000000000000) [PhysX] Initialized MultithreadedTaskDispatcher with 8 workers.
 -> (artifact id: '128a788ab43e4b0e61f7f705aeed6644') in 0.000935 seconds
Start importing Packages/com.unity.textmeshpro/Editor Resources/Textures/btn_AlignCapLine_Light.psd using Guid(49679f302ac6408697f6b9314a38985c) Importer(-1,00000000000000000000000000000000) [PhysX] Initialized MultithreadedTaskDispatcher with 8 workers.
 -> (artifact id: '073c22e4a5ea76f1407784a9bd053bf2') in 0.001069 seconds
Start importing Packages/com.unity.timeline/Editor/StyleSheets/Images/Icons/TrackRecordButtonDisabled.png using Guid(495998c718a094540bbe57ae5ab07647) Importer(-1,00000000000000000000000000000000) [PhysX] Initialized MultithreadedTaskDispatcher with 8 workers.
 -> (artifact id: '32cd31e4f6e33a513b6d42d2eeec7d94') in 0.000743 seconds
Start importing Packages/com.unity.collab-proxy/Editor/Collaborate/Assets/Icons/undo-light@2x.png using Guid(497a860dcf38eca4485e2b936e03bef3) Importer(-1,00000000000000000000000000000000) [PhysX] Initialized MultithreadedTaskDispatcher with 8 workers.
 -> (artifact id: '94479286bca77aa4d80a95cf520497a0') in 0.000804 seconds
Start importing Packages/com.unity.collab-proxy/Editor/PlasticSCM/Assets/Images/d_genericbuhochristmas2.png using Guid(5955491dc8dcecb4a993d9a008cf65a7) Importer(-1,00000000000000000000000000000000) [PhysX] Initialized MultithreadedTaskDispatcher with 8 workers.
 -> (artifact id: '82acae9db89603e2c4c6a35fb8bdcbe5') in 0.006065 seconds
Start importing Packages/com.unity.collab-proxy/Editor/PlasticSCM/Assets/Images/iconaddedoverlay.png using Guid(5978a510e241e1a41b7ea0db0b64f333) Importer(-1,00000000000000000000000000000000) [PhysX] Initialized MultithreadedTaskDispatcher with 8 workers.
 -> (artifact id: 'ad29c634c0ce3707aab7c3b96e9db3b2') in 0.001994 seconds
Start importing Packages/com.unity.collab-proxy/Editor/PlasticSCM/Assets/Images/ignored.png using Guid(595bc97bc8e1e0b46bd4c2148ba3723a) Importer(-1,00000000000000000000000000000000) [PhysX] Initialized MultithreadedTaskDispatcher with 8 workers.
 -> (artifact id: 'e24fb8ecaf80fc40ed223758b72cc637') in 0.001197 seconds
Start importing Packages/com.unity.collab-proxy/Editor/Collaborate/Assets/Icons/collaborate-offline-dark.png using Guid(594fa102c56c0274db9edabc563d7dcb) Importer(-1,00000000000000000000000000000000) [PhysX] Initialized MultithreadedTaskDispatcher with 8 workers.
 -> (artifact id: '33d4846019091aea68dc4cab003515a6') in 0.001350 seconds
Start importing Packages/com.unity.timeline/Editor/StyleSheets/Images/LightSkin/TimelineEndPlayback.png using Guid(6952cd3b0f88917449a8fa4d19fc5009) Importer(-1,00000000000000000000000000000000) [PhysX] Initialized MultithreadedTaskDispatcher with 8 workers.
 -> (artifact id: '8cdc63d2ba72a0ef8c05a7910feeb94c') in 0.001314 seconds
Start importing Packages/com.unity.textmeshpro/Editor Resources/Textures/btn_AlignFlush.psd using Guid(691475c57a824010be0c6f474caeb7e1) Importer(-1,00000000000000000000000000000000) [PhysX] Initialized MultithreadedTaskDispatcher with 8 workers.
 -> (artifact id: '51ee1864d978d463fa47ef19de60ff27') in 0.001081 seconds
Start importing Packages/com.unity.collab-proxy/Editor/PlasticSCM/Assets/Images/step3.png using Guid(69899ed144c8eea4baea48b858b37746) Importer(-1,00000000000000000000000000000000) [PhysX] Initialized MultithreadedTaskDispatcher with 8 workers.
 -> (artifact id: 'ce35f17096479e337385eee322c35b6a') in 0.000953 seconds
Start importing Packages/com.unity.collab-proxy/Editor/PlasticSCM/Assets/Images/d_iconundo.png using Guid(691dc543ff5b9ca44bf846657ba04161) Importer(-1,00000000000000000000000000000000) [PhysX] Initialized MultithreadedTaskDispatcher with 8 workers.
 -> (artifact id: '31fe427a2108fa16830113448eeeb8a6') in 0.000938 seconds
Start importing Packages/com.unity.timeline/Editor/StyleSheets/Images/LightSkin/TimelineInfiniteTrackNoShadow.png using Guid(69ff79f863a32ad44a9497d4896d9d1c) Importer(-1,00000000000000000000000000000000) [PhysX] Initialized MultithreadedTaskDispatcher with 8 workers.
 -> (artifact id: '1ad9487f1d3f7e66781cbc96d0c8fbcc') in 0.000719 seconds
Start importing Packages/com.unity.collab-proxy/Editor/PlasticSCM/Assets/Images/d_step2.png using Guid(897c3a3f5c4038345a7143573bbb4a40) Importer(-1,00000000000000000000000000000000) [PhysX] Initialized MultithreadedTaskDispatcher with 8 workers.
 -> (artifact id: '37a51715cb454c3dc20c804063b09c6d') in 0.000872 seconds
Start importing Packages/com.unity.collab-proxy/Editor/PlasticSCM/Assets/Images/ignoredoverlay@2x.png using Guid(999d04c0ea94ccc41b3d80788160695b) Importer(-1,00000000000000000000000000000000) [PhysX] Initialized MultithreadedTaskDispatcher with 8 workers.
 -> (artifact id: 'd7821aaeba2277d20bfc434ebea0aae4') in 0.000932 seconds
Start importing Packages/com.unity.collab-proxy/Editor/Collaborate/Assets/Icons/choose-mine-dark.png using Guid(a972d8b163b45d54b89085acf50327e8) Importer(-1,00000000000000000000000000000000) [PhysX] Initialized MultithreadedTaskDispatcher with 8 workers.
 -> (artifact id: '9a237098ce0dc4f8f978f9c3a7676a4c') in 0.002822 seconds
Start importing Packages/com.unity.collab-proxy/Editor/PlasticSCM/Assets/Images/iconplasticnotifyconflict.png using Guid(a916ed6819efd014588f58e3cfc48196) Importer(-1,00000000000000000000000000000000) [PhysX] Initialized MultithreadedTaskDispatcher with 8 workers.
 -> (artifact id: '4977ac00cdaa9de2ee894ab8a06d5da5') in 0.001002 seconds
Start importing Packages/com.unity.collab-proxy/Editor/Collaborate/Assets/Icons/collaborate-incoming-dark@2x.png using Guid(a9fa02cdd2d760c43a0e69ba0fa49dab) Importer(-1,00000000000000000000000000000000) [PhysX] Initialized MultithreadedTaskDispatcher with 8 workers.
 -> (artifact id: 'ffcec27f422265e0d637cbc30d93e4b1') in 0.000955 seconds
Start importing Packages/com.unity.collab-proxy/Editor/Collaborate/Assets/Icons/status-error-light@2x.png using Guid(b99e43bf99b3c954f91bde2ad0c1eac2) Importer(-1,00000000000000000000000000000000) [PhysX] Initialized MultithreadedTaskDispatcher with 8 workers.
 -> (artifact id: '0dab127ab0afea1efaf671247db5ca33') in 0.000929 seconds
Start importing Packages/com.unity.collab-proxy/Editor/Collaborate/Assets/Icons/collaborate-offline-dark@2x.png using Guid(c9fb8470579cf8440975e58c5df98216) Importer(-1,00000000000000000000000000000000) [PhysX] Initialized MultithreadedTaskDispatcher with 8 workers.
 -> (artifact id: '98a89c8f0a506fdb4c37fdb774820df6') in 0.000627 seconds
Start importing Packages/com.unity.collab-proxy/Editor/PlasticSCM/Assets/Images/d_step3@2x.png using Guid(c9ed6d6ea2f9657409bfa068d4846139) Importer(-1,00000000000000000000000000000000) [PhysX] Initialized MultithreadedTaskDispatcher with 8 workers.
 -> (artifact id: 'f04bf8694fe96c5985fefbc4daebfef9') in 0.001007 seconds
Start importing Packages/com.unity.collab-proxy/Editor/Collaborate/Assets/Icons/clear-dark@2x.png using Guid(c98f350e47082844fa2954de4d2d5ff9) Importer(-1,00000000000000000000000000000000) [PhysX] Initialized MultithreadedTaskDispatcher with 8 workers.
 -> (artifact id: 'e384eaa4cce1a8255884db76fe81f222') in 0.001450 seconds
Start importing Packages/com.unity.timeline/Editor/StyleSheets/Images/DarkSkin/TimelineSignalCollapsed.png using Guid(d91793cd853a258448e4d5545bb38e45) Importer(-1,00000000000000000000000000000000) [PhysX] Initialized MultithreadedTaskDispatcher with 8 workers.
 -> (artifact id: 'a8ff7ce24a836e2af8d380f7fae08d97') in 0.001065 seconds
Start importing Packages/com.unity.collab-proxy/Editor/PlasticSCM/Assets/Images/d_genericbuhoshechristmas1.png using Guid(d98fbe17966d8ef449b25b99024bf36f) Importer(-1,00000000000000000000000000000000) [PhysX] Initialized MultithreadedTaskDispatcher with 8 workers.
 -> (artifact id: 'e30919c11c491a5b4a8447c33667d416') in 0.005435 seconds
Start importing Packages/com.unity.collab-proxy/Editor/PlasticSCM/Assets/Images/d_stevejobsbuho.png using Guid(e92527f6d0fe45342ab542b47346d45f) Importer(-1,00000000000000000000000000000000) [PhysX] Initialized MultithreadedTaskDispatcher with 8 workers.
 -> (artifact id: 'bd0609ebb84f8d50fcb919d32809ddeb') in 0.005087 seconds
Start importing Packages/com.unity.services.core/Editor/Core/UiHelpers/Images/ToggleOn.png using Guid(e97f44a089f144758b462da41bc96973) Importer(-1,00000000000000000000000000000000) [PhysX] Initialized MultithreadedTaskDispatcher with 8 workers.
 -> (artifact id: 'f9031ab012907a922da5173666d7da02') in 0.001094 seconds
Start importing Packages/com.unity.collab-proxy/Editor/Collaborate/Assets/Icons/more-vert-light@2x.png using Guid(f9053b8d7b8c0d446a1f1fd28fec65c1) Importer(-1,00000000000000000000000000000000) [PhysX] Initialized MultithreadedTaskDispatcher with 8 workers.
 -> (artifact id: 'd6fe1a86a6aef873d3c8493d5a9e577e') in 0.000843 seconds
Start importing Packages/com.unity.collab-proxy/Editor/PlasticSCM/Assets/Images/buttonssosigninunity.png using Guid(f9161c6c9e06dc445ada3ee16d991f90) Importer(-1,00000000000000000000000000000000) [PhysX] Initialized MultithreadedTaskDispatcher with 8 workers.
 -> (artifact id: '26e8151dc317f13503156ff9616f0c55') in 0.000848 seconds
Start importing Packages/com.unity.timeline/Editor/StyleSheets/Images/LightSkin/TimelineKeyframe.png using Guid(f9fd2f335364cda41937eab39bf20049) Importer(-1,00000000000000000000000000000000) [PhysX] Initialized MultithreadedTaskDispatcher with 8 workers.
 -> (artifact id: 'e4412b1416daff745cbfc0292cbb8fab') in 0.001232 seconds
Start importing Packages/com.unity.collab-proxy/Editor/PlasticSCM/Assets/Images/d_iconemptygravatar@2x.png using Guid(0ac55f9f886d827408c102bdf33c5ff7) Importer(-1,00000000000000000000000000000000) [PhysX] Initialized MultithreadedTaskDispatcher with 8 workers.
 -> (artifact id: '75993e171ca770e9c00b6177b06b8250') in 0.002750 seconds
Start importing Packages/com.unity.collab-proxy/Editor/PlasticSCM/Assets/Images/iconconflictresolvedoverlay.png using Guid(0a78c2b019ae1e5448f50d83adcfd965) Importer(-1,00000000000000000000000000000000) [PhysX] Initialized MultithreadedTaskDispatcher with 8 workers.
 -> (artifact id: 'd7e5ecd002e9ccfaa7983b1906a67920') in 0.000910 seconds
Start importing Packages/com.unity.collab-proxy/Editor/PlasticSCM/Assets/Images/iconplasticviewnotify@2x.png using Guid(0a4da12ff51bd83498216f698c7f20fa) Importer(-1,00000000000000000000000000000000) [PhysX] Initialized MultithreadedTaskDispatcher with 8 workers.
 -> (artifact id: '7dcb6faa50f129f34190caea40ec1b6e') in 0.000982 seconds
Start importing Packages/com.unity.timeline/Editor/StyleSheets/Images/LightSkin/TimelineAutokey_active.png using Guid(0a5e3e063c4e1ab45999cf6e40c13c07) Importer(-1,00000000000000000000000000000000) [PhysX] Initialized MultithreadedTaskDispatcher with 8 workers.
 -> (artifact id: 'e2b953dec05209b3b97c5de050027d0d') in 0.000720 seconds
Start importing Packages/com.unity.timeline/Editor/StyleSheets/Images/LightSkin/TimelineSignalSelected.png using Guid(1a7852b1b33b816498b6af1e739f5995) Importer(-1,00000000000000000000000000000000) [PhysX] Initialized MultithreadedTaskDispatcher with 8 workers.
 -> (artifact id: 'e731de6f6061e38d41aa0e0ef7af0961') in 0.000671 seconds
Start importing Packages/com.unity.collab-proxy/Editor/Collaborate/Assets/Icons/collaborate-available-changes-dark@2x.png using Guid(1a2cea5a396ff5d4a8f740bd5d8726b0) Importer(-1,00000000000000000000000000000000) [PhysX] Initialized MultithreadedTaskDispatcher with 8 workers.
 -> (artifact id: '68ec8a20597c50ce42b6876321b355f6') in 0.000986 seconds
Start importing Packages/com.unity.collab-proxy/Editor/Collaborate/Assets/Icons/added-file-dark.png using Guid(1a4f52b613391cd449af3ad2e44affeb) Importer(-1,00000000000000000000000000000000) [PhysX] Initialized MultithreadedTaskDispatcher with 8 workers.
 -> (artifact id: '39fa77d5d4472c961e80ba030dfba535') in 0.000785 seconds
Start importing Packages/com.unity.collab-proxy/Editor/Collaborate/Assets/Icons/publish-light@2x.png using Guid(2a4c44b710a153245a151f26acb70271) Importer(-1,00000000000000000000000000000000) [PhysX] Initialized MultithreadedTaskDispatcher with 8 workers.
 -> (artifact id: '997fe23f086a48dc81dae5ef11c48fe8') in 0.000826 seconds
Start importing Packages/com.unity.collab-proxy/Editor/Collaborate/Assets/Icons/moved-file-light@2x.png using Guid(3a008b3f63356f241a197da231865421) Importer(-1,00000000000000000000000000000000) [PhysX] Initialized MultithreadedTaskDispatcher with 8 workers.
 -> (artifact id: 'a5a13cc72bcbb3f14ac8b344822c2249') in 0.000809 seconds
Start importing Packages/com.unity.collab-proxy/Editor/PlasticSCM/Assets/Images/iconmergecategory.png using Guid(3aeafd5c84842b44e985f9cc2bd28e74) Importer(-1,00000000000000000000000000000000) [PhysX] Initialized MultithreadedTaskDispatcher with 8 workers.
 -> (artifact id: 'ce996ed6cb0b29d36eb1abd7c526441e') in 0.000955 seconds
Start importing Packages/com.unity.collab-proxy/Editor/PlasticSCM/Assets/Images/d_colorbuho.png using Guid(3a0c527d7f890d64a9b56b086e6e766a) Importer(-1,00000000000000000000000000000000) [PhysX] Initialized MultithreadedTaskDispatcher with 8 workers.
 -> (artifact id: '9dbf5bd210ca9e0fceae4e7bd8d965fa') in 0.006203 seconds
Start importing Packages/com.unity.collab-proxy/Editor/PlasticSCM/Assets/Images/d_iconconflictresolvedoverlay@2x.png using Guid(4a231ba0e81e63849a8f985c228e8acd) Importer(-1,00000000000000000000000000000000) [PhysX] Initialized MultithreadedTaskDispatcher with 8 workers.
 -> (artifact id: '8848bbd8b71a6c671f1e9fe72b2d712b') in 0.001140 seconds
Start importing Packages/com.unity.timeline/Editor/StyleSheets/Images/Icons/d_TrackMuteButtonDisabled.png using Guid(6ab002208ec290544b44bc263dc58a95) Importer(-1,00000000000000000000000000000000) [PhysX] Initialized MultithreadedTaskDispatcher with 8 workers.
 -> (artifact id: 'cff9aabbe4f1d1df73a387a8c0f3892f') in 0.001461 seconds
Start importing Packages/com.unity.textmeshpro/Editor Resources/Textures/btn_AlignCenter_Light.psd using Guid(6ace62d30f494c948b71d5594afce11d) Importer(-1,00000000000000000000000000000000) [PhysX] Initialized MultithreadedTaskDispatcher with 8 workers.
 -> (artifact id: '881a7a206af7a3a493b068103418b127') in 0.001413 seconds
Start importing Packages/com.unity.collab-proxy/Editor/PlasticSCM/Assets/Images/iconmoved.png using Guid(8a6cca56e2b63344eb4769cd92d93ffb) Importer(-1,00000000000000000000000000000000) [PhysX] Initialized MultithreadedTaskDispatcher with 8 workers.
 -> (artifact id: '9f639ec58dec72c5b812b8a3ecfb0cc4') in 0.001034 seconds
Start importing Packages/com.unity.collab-proxy/Editor/Collaborate/Assets/Icons/undo-dark@2x.png using Guid(9af18154bd2effd4f813d58651798b5d) Importer(-1,00000000000000000000000000000000) [PhysX] Initialized MultithreadedTaskDispatcher with 8 workers.
 -> (artifact id: '93767fac1284a3628b4346b6ea087a94') in 0.001407 seconds
Start importing Packages/com.unity.visualscripting/Graphics/GraphGroup.psd using Guid(9aebf5eaf632b8a4898b295d2cb20c0d) Importer(-1,00000000000000000000000000000000) [PhysX] Initialized MultithreadedTaskDispatcher with 8 workers.
 -> (artifact id: 'ccfdabbbb48866e059cd411d15146ee1') in 0.002285 seconds
Start importing Packages/com.unity.collab-proxy/Editor/PlasticSCM/Assets/Images/d_iconemptygravatar.png using Guid(9aebd705574f9e642aef1e5f59b3e4d8) Importer(-1,00000000000000000000000000000000) [PhysX] Initialized MultithreadedTaskDispatcher with 8 workers.
 -> (artifact id: '709bc9f59003f4353be20fa103d08992') in 0.001112 seconds
Start importing Packages/com.unity.visualscripting/Editor/VisualScripting.Core/IconMap/Variables@32x.png using Guid(ba736aa67df8cee43b1b679c961d74f4) Importer(-1,00000000000000000000000000000000) [PhysX] Initialized MultithreadedTaskDispatcher with 8 workers.
 -> (artifact id: 'afcf18b7132433d89d35541eca6be542') in 0.000970 seconds
Start importing Packages/com.unity.textmeshpro/Editor Resources/Textures/btn_AlignBottom.psd using Guid(ca51b19024094d1b87f3e07edb0a75fb) Importer(-1,00000000000000000000000000000000) [PhysX] Initialized MultithreadedTaskDispatcher with 8 workers.
 -> (artifact id: '635447689b54c62c8395942f496c51f7') in 0.001476 seconds
Start importing Packages/com.unity.collab-proxy/Editor/Collaborate/Assets/Icons/collaborate-offline-light@2x.png using Guid(cabe2c11824b4164984e262821760727) Importer(-1,00000000000000000000000000000000) [PhysX] Initialized MultithreadedTaskDispatcher with 8 workers.
 -> (artifact id: '59c129c07e1dde636f308d5eac575dde') in 0.000857 seconds
Start importing Packages/com.unity.collab-proxy/Editor/PlasticSCM/Assets/Images/d_cloudbuhoshe.png using Guid(dae33700bd23f76409a80bf78fdb8a42) Importer(-1,00000000000000000000000000000000) [PhysX] Initialized MultithreadedTaskDispatcher with 8 workers.
 -> (artifact id: 'd807f40f1fc9775d9ca71ddf09b901a5') in 0.005680 seconds
Start importing Packages/com.unity.collab-proxy/Editor/PlasticSCM/Assets/Images/iconemptygravatar@2x.png using Guid(da545229eea36164d8b8cba2f75a1143) Importer(-1,00000000000000000000000000000000) [PhysX] Initialized MultithreadedTaskDispatcher with 8 workers.
 -> (artifact id: 'aa6ba8e21918ab9d372f0bfd6f3005e3') in 0.001959 seconds
Start importing Packages/com.unity.timeline/Editor/StyleSheets/Images/DarkSkin/TimelineInfiniteTrackNoShadow.png using Guid(eae63adb172f1164db61a7f4bdfc3637) Importer(-1,00000000000000000000000000000000) [PhysX] Initialized MultithreadedTaskDispatcher with 8 workers.
 -> (artifact id: '575ac322f59343d2676e925158719446') in 0.000983 seconds
Start importing Packages/com.unity.collab-proxy/Editor/Collaborate/Assets/Icons/search-light@2x.png using Guid(fa5b15174efac1a499b91afa33c625fb) Importer(-1,00000000000000000000000000000000) [PhysX] Initialized MultithreadedTaskDispatcher with 8 workers.
 -> (artifact id: 'fdeaeff6db32ffcf37ab28652972fb32') in 0.001574 seconds
Start importing Packages/com.unity.textmeshpro/Editor Resources/Textures/btn_AlignJustified_Light.psd using Guid(fa6bd40a216346b783a4cce741d277a5) Importer(-1,00000000000000000000000000000000) [PhysX] Initialized MultithreadedTaskDispatcher with 8 workers.
 -> (artifact id: '133f41f97773ce20549d967c2206b61e') in 0.001209 seconds
Start importing Packages/com.unity.collab-proxy/Editor/Collaborate/Assets/Icons/status-info-dark.png using Guid(fa1ff86f20525894b9bd92f1b1909ccf) Importer(-1,00000000000000000000000000000000) [PhysX] Initialized MultithreadedTaskDispatcher with 8 workers.
 -> (artifact id: '6b8d3746fac69ffa3bd4a1c0d089b1ba') in 0.000916 seconds
Start importing Packages/com.unity.collab-proxy/Editor/Collaborate/Assets/Icons/choose-mine-light@2x.png using Guid(1bceea0c53eecc244a50615c7958486d) Importer(-1,00000000000000000000000000000000) [PhysX] Initialized MultithreadedTaskDispatcher with 8 workers.
 -> (artifact id: 'e7cb6485e436da44b9bd6fc086c72e56') in 0.001264 seconds
Start importing Packages/com.unity.collab-proxy/Editor/PlasticSCM/Assets/Images/d_iconlockedremoteoverlay@2x.png using Guid(2bb4e96f5d0b02c468932d665a015c54) Importer(-1,00000000000000000000000000000000) [PhysX] Initialized MultithreadedTaskDispatcher with 8 workers.
 -> (artifact id: '291ec6b08755aff2549cb5c75d92420a') in 0.000957 seconds
Start importing Packages/com.unity.collab-proxy/Editor/Collaborate/Assets/Icons/search-dark.png using Guid(3b44c1da064d3bf46be68efbc875596e) Importer(-1,00000000000000000000000000000000) [PhysX] Initialized MultithreadedTaskDispatcher with 8 workers.
 -> (artifact id: 'eceb2a601c67db6d0321a9fb88a1df53') in 0.000861 seconds
Start importing Packages/com.unity.timeline/Editor/StyleSheets/Images/DarkSkin/TimelineTimeCursor.png using Guid(3b9e9b3d9ade166499e7a17109ca73bf) Importer(-1,00000000000000000000000000000000) [PhysX] Initialized MultithreadedTaskDispatcher with 8 workers.
 -> (artifact id: '745d1ab6a7212f6ead88cb6e062d01a7') in 0.000919 seconds
Start importing Packages/com.unity.collab-proxy/Editor/PlasticSCM/Assets/Images/iconcheckedoutlocaloverlay.png using Guid(4bd47f86a00dd2b4b8ab20a11de165f6) Importer(-1,00000000000000000000000000000000) [PhysX] Initialized MultithreadedTaskDispatcher with 8 workers.
 -> (artifact id: 'b7d01b910af78425d032cff2b01144c6') in 0.001276 seconds
Start importing Packages/com.unity.collab-proxy/Editor/Collaborate/Assets/Icons/publish-dark@2x.png using Guid(4bc6c7e602886fd42918d903a7393536) Importer(-1,00000000000000000000000000000000) [PhysX] Initialized MultithreadedTaskDispatcher with 8 workers.
 -> (artifact id: 'cd2b80a2604f36237d12bb95d40a1121') in 0.001492 seconds
Start importing Packages/com.unity.timeline/Editor/StyleSheets/Images/Icons/TrackAvatarButtonEnabled.png using Guid(4bf6507f1346b2746a35384f6a5fd5f9) Importer(-1,00000000000000000000000000000000) [PhysX] Initialized MultithreadedTaskDispatcher with 8 workers.
 -> (artifact id: '415dbf1d2ec0f0d29a015b30ae1a5ead') in 0.000645 seconds
Start importing Packages/com.unity.collab-proxy/Editor/Collaborate/Assets/Icons/publish-light.png using Guid(5b22e8d996934d3498b6e8b2cc8744d6) Importer(-1,00000000000000000000000000000000) [PhysX] Initialized MultithreadedTaskDispatcher with 8 workers.
 -> (artifact id: 'e6cb5e1ef7ee80be37b9cae4d63d6216') in 0.002049 seconds
Start importing Packages/com.unity.collab-proxy/Editor/Collaborate/Assets/Icons/collaborate-offline-light.png using Guid(5baffe5f7a6366344b7819fa35e7e030) Importer(-1,00000000000000000000000000000000) [PhysX] Initialized MultithreadedTaskDispatcher with 8 workers.
 -> (artifact id: 'a4b5876410614234a0f9fc3874e3b2f5') in 0.000773 seconds
Start importing Packages/com.unity.collab-proxy/Editor/Collaborate/Assets/Icons/merge-dark@2x.png using Guid(6b972fca7700d6748b66eb72f2072e74) Importer(-1,00000000000000000000000000000000) [PhysX] Initialized MultithreadedTaskDispatcher with 8 workers.
 -> (artifact id: 'f48e72a72129fe92f3c82c1581dec149') in 0.000813 seconds
Start importing Packages/com.unity.timeline/Editor/StyleSheets/Images/Icons/d_TimelineEditModeReplaceON.png using Guid(7b4b3cedf598c954cb2f38d6e2e34c0d) Importer(-1,00000000000000000000000000000000) [PhysX] Initialized MultithreadedTaskDispatcher with 8 workers.
 -> (artifact id: 'e903bd6fa435ca4ff556cf071e6e1e50') in 0.000710 seconds
Start importing Packages/com.unity.textmeshpro/Editor Resources/Textures/btn_AlignBaseLine.psd using Guid(8bc445bb79654bf496c92d0407840a92) Importer(-1,00000000000000000000000000000000) [PhysX] Initialized MultithreadedTaskDispatcher with 8 workers.
 -> (artifact id: '472a7e8dcac8d1361b74c172d4463b01') in 0.001073 seconds
Start importing Packages/com.unity.collab-proxy/Editor/PlasticSCM/Assets/Images/d_genericbuhoshe3.png using Guid(9bb60d9b0987c3747b57516cc172d0c7) Importer(-1,00000000000000000000000000000000) [PhysX] Initialized MultithreadedTaskDispatcher with 8 workers.
 -> (artifact id: '568e69305e4b6375d8a00e9a3f25558d') in 0.005222 seconds
Start importing Packages/com.unity.timeline/Editor/StyleSheets/Images/DarkSkin/TimelineIconClipIn.png using Guid(ab1e2f0dfb0df5e40bb95359b3d8ed3a) Importer(-1,00000000000000000000000000000000) [PhysX] Initialized MultithreadedTaskDispatcher with 8 workers.
 -> (artifact id: 'd4b7b3d022c1b945219338a2be7da2f1') in 0.000913 seconds
Start importing Packages/com.unity.textmeshpro/Editor Resources/Textures/btn_AlignMidline_Light.psd using Guid(bb42b2d967d6427983c901a4ffc8ecd9) Importer(-1,00000000000000000000000000000000) [PhysX] Initialized MultithreadedTaskDispatcher with 8 workers.
 -> (artifact id: 'dde3c4ba2a56668580fdd84f3aa5283b') in 0.001081 seconds
Start importing Packages/com.unity.collab-proxy/Editor/Collaborate/Assets/Icons/deleted-file-light.png using Guid(bb678af880b2dd74cbd76186590c66da) Importer(-1,00000000000000000000000000000000) [PhysX] Initialized MultithreadedTaskDispatcher with 8 workers.
 -> (artifact id: '3b4d152fb8f52b642e4834170249e20c') in 0.000885 seconds
Start importing Packages/com.unity.collab-proxy/Editor/PlasticSCM/Assets/Images/d_iconcheckedoutlocaloverlay.png using Guid(bb1928aff4fd4cf44af1f629dc14ef9b) Importer(-1,00000000000000000000000000000000) [PhysX] Initialized MultithreadedTaskDispatcher with 8 workers.
 -> (artifact id: '77fae91d18b9487adcffb5b046b90c8a') in 0.001068 seconds
Start importing Packages/com.unity.timeline/Editor/StyleSheets/Images/Icons/TrackMuteButtonDisabled@2x.png using Guid(db31466324572e740a431e4e0e03a016) Importer(-1,00000000000000000000000000000000) [PhysX] Initialized MultithreadedTaskDispatcher with 8 workers.
 -> (artifact id: '8e64b1da4599fb5fd9983c656a24fc93') in 0.000752 seconds
Start importing Packages/com.unity.timeline/Editor/StyleSheets/Images/Icons/d_TrackRecordButtonDisabled@2x.png using Guid(db15c78579dee4a4db85f392634c8ecc) Importer(-1,00000000000000000000000000000000) [PhysX] Initialized MultithreadedTaskDispatcher with 8 workers.
 -> (artifact id: 'b788e6bfef1bf1fa093a65c28caedef9') in 0.000810 seconds
Start importing Packages/com.unity.timeline/Editor/StyleSheets/Images/Shared/TimelineBottomShadow.png using Guid(db66ea47c76423f4a881937d34495801) Importer(-1,00000000000000000000000000000000) [PhysX] Initialized MultithreadedTaskDispatcher with 8 workers.
 -> (artifact id: '4ae42c5181ab8a054d56018c42bbf780') in 0.000963 seconds
Start importing Packages/com.unity.collab-proxy/Editor/Collaborate/Assets/Icons/status-info-dark@2x.png using Guid(eba49403f5934c74b8114ead5f397592) Importer(-1,00000000000000000000000000000000) [PhysX] Initialized MultithreadedTaskDispatcher with 8 workers.
 -> (artifact id: 'bbc42f9b5ca7ade448bad09279366fc1') in 0.000831 seconds
Start importing Packages/com.unity.collab-proxy/Editor/Collaborate/Assets/Icons/collaborate-done-dark@2x.png using Guid(fba4512e3548e0548b2cf4f11913e257) Importer(-1,00000000000000000000000000000000) [PhysX] Initialized MultithreadedTaskDispatcher with 8 workers.
 -> (artifact id: '7152e964224095d012d4b4a422963da7') in 0.000904 seconds
Start importing Packages/com.unity.textmeshpro/Editor Resources/Textures/SectionHeader_Dark.psd using Guid(fb5730e24283d0c489e5c7d0bee023d9) Importer(-1,00000000000000000000000000000000) [PhysX] Initialized MultithreadedTaskDispatcher with 8 workers.
 -> (artifact id: 'f6d688deef2dde718d4d348ef8db1f7e') in 0.001006 seconds
Start importing Packages/com.unity.visualscripting/Graphics/FlowPorts_24x.psd using Guid(fb8aec2313da2234687b591ff0c0e622) Importer(-1,00000000000000000000000000000000) [PhysX] Initialized MultithreadedTaskDispatcher with 8 workers.
 -> (artifact id: 'a1684239dfe71d6fec031e044122cb28') in 0.000940 seconds
Start importing Packages/com.unity.timeline/Editor/StyleSheets/Images/Icons/d_TrackCurvesButtonEnabled.png using Guid(fbcdeb07ee516a64daa01ce462874280) Importer(-1,00000000000000000000000000000000) [PhysX] Initialized MultithreadedTaskDispatcher with 8 workers.
 -> (artifact id: 'e3d0a0450e407b102c90075d9272d0d4') in 0.000564 seconds
Start importing Packages/com.unity.visualscripting/Editor/VisualScripting.Core/IconMap/FlowGraph@32x.png using Guid(0ccb256674ae837499e788d1cca73948) Importer(-1,00000000000000000000000000000000) [PhysX] Initialized MultithreadedTaskDispatcher with 8 workers.
 -> (artifact id: 'd137c266879623acaa7eb91188a723df') in 0.001199 seconds
Start importing Packages/com.unity.timeline/Editor/StyleSheets/Images/Icons/d_TrackLockButtonEnabled@2x.png using Guid(2c85066ea99cfbe4f90294bf295ce543) Importer(-1,00000000000000000000000000000000) [PhysX] Initialized MultithreadedTaskDispatcher with 8 workers.
 -> (artifact id: '9bddaa761efd892210c1a6078e5f83e2') in 0.000630 seconds
Start importing Packages/com.unity.collab-proxy/Editor/Collaborate/Assets/Icons/choose-remote-light@2x.png using Guid(2c8a8b796d0907747a9518f9458b2259) Importer(-1,00000000000000000000000000000000) [PhysX] Initialized MultithreadedTaskDispatcher with 8 workers.
 -> (artifact id: '56a1c28c507c149106be2a4163ac104b') in 0.000799 seconds
Start importing Packages/com.unity.collab-proxy/Editor/Collaborate/Assets/Icons/choose-mine-light.png using Guid(2c0bdcbf152ceb64ba9b01cc370a9092) Importer(-1,00000000000000000000000000000000) [PhysX] Initialized MultithreadedTaskDispatcher with 8 workers.
 -> (artifact id: '83c07650b6d53a478f05e5a84c446760') in 0.000610 seconds
Start importing Packages/com.unity.collab-proxy/Editor/PlasticSCM/Assets/Images/d_icondeletedremoteoverlay@2x.png using Guid(2cfbf6619eb047545a425e8a31732c83) Importer(-1,00000000000000000000000000000000) [PhysX] Initialized MultithreadedTaskDispatcher with 8 workers.
 -> (artifact id: '6e733fc55736fe075cbc02827f4cc599') in 0.000930 seconds
Start importing Packages/com.unity.collab-proxy/Editor/Collaborate/Assets/Icons/more-vert-dark.png using Guid(3cf437657a48d3f4790401155e66704c) Importer(-1,00000000000000000000000000000000) [PhysX] Initialized MultithreadedTaskDispatcher with 8 workers.
 -> (artifact id: '857aed0a53537f0744ef4a0cc866cfa6') in 0.001259 seconds
Start importing Packages/com.unity.collab-proxy/Editor/Collaborate/Assets/Icons/search-light.png using Guid(5ce43a8ae9d640f4cb77136d601fc0d8) Importer(-1,00000000000000000000000000000000) [PhysX] Initialized MultithreadedTaskDispatcher with 8 workers.
 -> (artifact id: '2a41c6385319102354a5483d260e8f8e') in 0.000782 seconds
Start importing Packages/com.unity.timeline/Editor/StyleSheets/Images/Shared/TimelineGroupBackground.png using Guid(6ca5daa3415451940921fa7e2c3db9e8) Importer(-1,00000000000000000000000000000000) [PhysX] Initialized MultithreadedTaskDispatcher with 8 workers.
 -> (artifact id: '0f73084b54f82e88783efedbab8641b8') in 0.001310 seconds
Start importing Packages/com.unity.collab-proxy/Editor/PlasticSCM/Assets/Images/DownloadIconGreen.png using Guid(6cec49b8cf82b834796bd3479d5f6250) Importer(-1,00000000000000000000000000000000) [PhysX] Initialized MultithreadedTaskDispatcher with 8 workers.
 -> (artifact id: '16e0b0d907b422a9f9a754a42350a568') in 0.001610 seconds
Start importing Packages/com.unity.timeline/Editor/StyleSheets/Images/Icons/TrackAvatarButtonDisabled@2x.png using Guid(7c05578092876a0458b8b480269aef86) Importer(-1,00000000000000000000000000000000) [PhysX] Initialized MultithreadedTaskDispatcher with 8 workers.
 -> (artifact id: 'db4bc8185edf7e2a5b115800cf529809') in 0.002140 seconds
Start importing Packages/com.unity.timeline/Editor/StyleSheets/Images/Icons/d_TimelineEditModeMixON.png using Guid(7c681ffb5a436684fa3e98a9b66775c0) Importer(-1,00000000000000000000000000000000) [PhysX] Initialized MultithreadedTaskDispatcher with 8 workers.
 -> (artifact id: '437b02b8b27d0783a4d96e684b6942de') in 0.000641 seconds
Start importing Packages/com.unity.timeline/Editor/StyleSheets/Images/Icons/d_TrackMuteButtonDisabled@2x.png using Guid(9c706019afb28944eb19b500ea0da38c) Importer(-1,00000000000000000000000000000000) [PhysX] Initialized MultithreadedTaskDispatcher with 8 workers.
 -> (artifact id: 'd6be60e0c6629f1998441b83602bfa26') in 0.000816 seconds
Start importing Packages/com.unity.collab-proxy/Editor/Collaborate/Assets/Icons/back-dark@2x.png using Guid(9c6313a5316f8a34b852bf94ff96e3ab) Importer(-1,00000000000000000000000000000000) [PhysX] Initialized MultithreadedTaskDispatcher with 8 workers.
 -> (artifact id: '1b1f82787769576b2d1d8b22f6ba13b1') in 0.000825 seconds
Start importing Packages/com.unity.collab-proxy/Editor/PlasticSCM/Assets/Images/step1.png using Guid(9ce84ff0fdeb13d4a83f077d075dd9a5) Importer(-1,00000000000000000000000000000000) [PhysX] Initialized MultithreadedTaskDispatcher with 8 workers.
 -> (artifact id: 'ba80a6fdce0fc1df9e52fe97b9536c2c') in 0.000925 seconds
Start importing Packages/com.unity.collab-proxy/Editor/PlasticSCM/Assets/Images/d_cloudbuhoshechristmas.png using Guid(9c0d6ec706e01ce448aea81584af092b) Importer(-1,00000000000000000000000000000000) [PhysX] Initialized MultithreadedTaskDispatcher with 8 workers.
 -> (artifact id: 'dbd25285d12c0d2fa7d59dc924f8fdca') in 0.005422 seconds
Start importing Packages/com.unity.timeline/Editor/StyleSheets/Images/Icons/d_TrackRecordButtonDisabled.png using Guid(9c6daec86666cbb4b9e558b839a103db) Importer(-1,00000000000000000000000000000000) [PhysX] Initialized MultithreadedTaskDispatcher with 8 workers.
 -> (artifact id: '72f8396f45c717f756974a472232ffbc') in 0.000584 seconds
Start importing Packages/com.unity.collab-proxy/Editor/Collaborate/Assets/Icons/show-light.png using Guid(9c0e0aeb2cb19c640a4d430e258e7336) Importer(-1,00000000000000000000000000000000) [PhysX] Initialized MultithreadedTaskDispatcher with 8 workers.
 -> (artifact id: 'b87c1561eff3c3e58d267d684bc478af') in 0.000777 seconds
Start importing Packages/com.unity.timeline/Editor/StyleSheets/Images/Icons/d_TrackMuteButtonEnabled.png using Guid(ac5017dfbeee42347b3b45ecc572674e) Importer(-1,00000000000000000000000000000000) [PhysX] Initialized MultithreadedTaskDispatcher with 8 workers.
 -> (artifact id: 'b7513c5c77f4fcfce905c5bc093d6942') in 0.000568 seconds
Start importing Packages/com.unity.collab-proxy/Editor/Collaborate/Assets/Icons/edited-file-dark.png using Guid(bcc2167ce63c6264b9c1295e97bec6bc) Importer(-1,00000000000000000000000000000000) [PhysX] Initialized MultithreadedTaskDispatcher with 8 workers.
 -> (artifact id: 'fe8cbc50bba7911a6c89aab0ff5dd520') in 0.001020 seconds
Start importing Packages/com.unity.collab-proxy/Editor/PlasticSCM/Assets/Images/icondeletedremoteoverlay.png using Guid(cc3a9f4e86314f746aa1a97505d6323b) Importer(-1,00000000000000000000000000000000) [PhysX] Initialized MultithreadedTaskDispatcher with 8 workers.
 -> (artifact id: '6b81d9fafa9a103446a83a0a2be76cac') in 0.001266 seconds
Start importing Packages/com.unity.collab-proxy/Editor/PlasticSCM/Assets/Images/iconplasticview.png using Guid(dcb2ee37925b97e438ae244996d81a55) Importer(-1,00000000000000000000000000000000) [PhysX] Initialized MultithreadedTaskDispatcher with 8 workers.
 -> (artifact id: '69790802ea41fe0428375dd0c304efb8') in 0.001442 seconds
Start importing Packages/com.unity.collab-proxy/Editor/PlasticSCM/Assets/Images/d_iconoutofsyncoverlay.png using Guid(dc633de6e6e7415448c7568418239a9d) Importer(-1,00000000000000000000000000000000) [PhysX] Initialized MultithreadedTaskDispatcher with 8 workers.
 -> (artifact id: 'a44a720a1b0f20ec527fb5e7155f572f') in 0.001649 seconds
Start importing Packages/com.unity.services.core/Editor/Core/UiHelpers/Images/ExternalLinkIcon.png using Guid(dcfa8e537229b4e8db4c6bc39a906c89) Importer(-1,00000000000000000000000000000000) [PhysX] Initialized MultithreadedTaskDispatcher with 8 workers.
 -> (artifact id: 'aeae8d6907c1a70a163fa28b00698370') in 0.000881 seconds
Start importing Packages/com.unity.collab-proxy/Editor/PlasticSCM/Assets/Images/d_colorbuhoshechristmas.png using Guid(ec03f79379868c642b48ae5ddc821b6d) Importer(-1,00000000000000000000000000000000) [PhysX] Initialized MultithreadedTaskDispatcher with 8 workers.
 -> (artifact id: '54dd005e87f42f3fbf791277e76129a9') in 0.006594 seconds
Start importing Packages/com.unity.textmeshpro/Editor Resources/Gizmos/TMP - Sprite Asset Icon.psd using Guid(ec7c645d93308c04d8840982af12101e) Importer(-1,00000000000000000000000000000000) [PhysX] Initialized MultithreadedTaskDispatcher with 8 workers.
 -> (artifact id: 'bf39c7ac73476a7b406eb75a80baea73') in 0.001500 seconds
Start importing Packages/com.unity.collab-proxy/Editor/Collaborate/Assets/Icons/added-file-light@2x.png using Guid(ec2e3aa6d0ab8ce4eac29b56d65d61d5) Importer(-1,00000000000000000000000000000000) [PhysX] Initialized MultithreadedTaskDispatcher with 8 workers.
 -> (artifact id: '94529939680a70a2c25aad8ab7d9789b') in 0.000838 seconds
Start importing Packages/com.unity.collab-proxy/Editor/PlasticSCM/Assets/Images/iconplasticviewnotify.png using Guid(fcbb76d583fe7ee4e80e7e47c0593c4a) Importer(-1,00000000000000000000000000000000) [PhysX] Initialized MultithreadedTaskDispatcher with 8 workers.
 -> (artifact id: '2abbf1e573ed8aa43f84704707a2e435') in 0.000915 seconds
Start importing Packages/com.unity.textmeshpro/Editor Resources/Textures/btn_AlignCapLine.psd using Guid(0d9a36012a224080966c7b55896aa0f9) Importer(-1,00000000000000000000000000000000) [PhysX] Initialized MultithreadedTaskDispatcher with 8 workers.
 -> (artifact id: 'd5f88e07ae5b87c3b5227ba27b419cd0') in 0.001617 seconds
Start importing Packages/com.unity.collab-proxy/Editor/PlasticSCM/Assets/Images/iconundo@2x.png using Guid(0dfbb2b6ddcdd254da80e3418498b3a6) Importer(-1,00000000000000000000000000000000) [PhysX] Initialized MultithreadedTaskDispatcher with 8 workers.
 -> (artifact id: 'f854e317f4732ba792f175af128e2bef') in 0.001140 seconds
Start importing Packages/com.unity.timeline/Editor/StyleSheets/Images/DarkSkin/TimelineMarkerItemSelected.png using Guid(3dd65256ca8837544b3e738c0d3ee0e2) Importer(-1,00000000000000000000000000000000) [PhysX] Initialized MultithreadedTaskDispatcher with 8 workers.
 -> (artifact id: 'dd9fdea977ffe0b0f1763104a8fdd626') in 0.000960 seconds
Start importing Packages/com.unity.collab-proxy/Editor/PlasticSCM/Assets/Images/d_icondeletedremoteoverlay.png using Guid(3de8a0634e55df8499c88204001cb0dd) Importer(-1,00000000000000000000000000000000) [PhysX] Initialized MultithreadedTaskDispatcher with 8 workers.
 -> (artifact id: '76f67792f4a0ee0b55d5e268e76ec134') in 0.001890 seconds
Start importing Packages/com.unity.collab-proxy/Editor/Collaborate/Assets/Icons/loading-light@2x.png using Guid(4d614e4edbf542c418d50ec49eed858d) Importer(-1,00000000000000000000000000000000) [PhysX] Initialized MultithreadedTaskDispatcher with 8 workers.
 -> (artifact id: '77820f27dc869f5581862ac8c6b6e856') in 0.000940 seconds
Start importing Packages/com.unity.collab-proxy/Editor/PlasticSCM/Assets/Images/d_icondeletedlocaloverlay.png using Guid(4da274d970a82a943ae3979e7833f3dd) Importer(-1,00000000000000000000000000000000) [PhysX] Initialized MultithreadedTaskDispatcher with 8 workers.
 -> (artifact id: '1224a0f6da86f3c97478c1b48e05f59f') in 0.000650 seconds
Start importing Packages/com.unity.collab-proxy/Editor/PlasticSCM/Assets/Images/d_iconoutofsyncoverlay@2x.png using Guid(4d7e6e570e9d65a4c9a994783a0652e2) Importer(-1,00000000000000000000000000000000) [PhysX] Initialized MultithreadedTaskDispatcher with 8 workers.
 -> (artifact id: '2ae52b235d45787fc04ba3c630660712') in 0.001026 seconds
Start importing Packages/com.unity.collab-proxy/Editor/PlasticSCM/Assets/Images/loading@2x.png using Guid(5dbc069eb79bd4d43840847264d6d956) Importer(-1,00000000000000000000000000000000) [PhysX] Initialized MultithreadedTaskDispatcher with 8 workers.
 -> (artifact id: '84d3a76974c572905445d5fcec679982') in 0.002917 seconds
Start importing Packages/com.unity.timeline/Editor/StyleSheets/Images/Shared/TimelineSeqEnd.png using Guid(5dfe66e61e0d270468ae75349ff3a3eb) Importer(-1,00000000000000000000000000000000) [PhysX] Initialized MultithreadedTaskDispatcher with 8 workers.
 -> (artifact id: 'cac7332b024204d528482f99eee97f38') in 0.000938 seconds
Start importing Packages/com.unity.collab-proxy/Editor/PlasticSCM/Assets/Images/d_iconundo@2x.png using Guid(6d6088174bb906b49ad8428526ee337b) Importer(-1,00000000000000000000000000000000) [PhysX] Initialized MultithreadedTaskDispatcher with 8 workers.
 -> (artifact id: '4964483a407092939d09074510418104') in 0.000999 seconds
Start importing Packages/com.unity.timeline/Editor/StyleSheets/Images/Icons/TimelineEditModeReplaceON.png using Guid(6d41c3e8796a4fd4e80840354039e4ac) Importer(-1,00000000000000000000000000000000) [PhysX] Initialized MultithreadedTaskDispatcher with 8 workers.
 -> (artifact id: 'eebacad3b17729da4cf6d56800830f2d') in 0.000729 seconds
Start importing Packages/com.unity.timeline/Editor/StyleSheets/Images/LightSkin/TimelineMarkerItemCollapsed.png using Guid(7d4691eba7565c34ab785c00fbc27ff8) Importer(-1,00000000000000000000000000000000) [PhysX] Initialized MultithreadedTaskDispatcher with 8 workers.
 -> (artifact id: '7453f08619eadde2a19eaa5d6e930823') in 0.000911 seconds
Start importing Packages/com.unity.collab-proxy/Editor/Collaborate/Assets/Icons/merge-conflicts-dark@2x.png using Guid(7dc96f2ba3659a64eb632128d0705ddc) Importer(-1,00000000000000000000000000000000) [PhysX] Initialized MultithreadedTaskDispatcher with 8 workers.
 -> (artifact id: 'b92d8f717449be7512be791f9be0189c') in 0.000791 seconds
Start importing Packages/com.unity.collab-proxy/Editor/PlasticSCM/Assets/Images/d_iconcheckedoutlocaloverlay@2x.png using Guid(8d98ab6168c3e91439339f1908b8fe97) Importer(-1,00000000000000000000000000000000) [PhysX] Initialized MultithreadedTaskDispatcher with 8 workers.
 -> (artifact id: '195a40ae03d8cd2498d808b3a7e60275') in 0.001314 seconds
Start importing Packages/com.unity.collab-proxy/Editor/Collaborate/Assets/Icons/status-error-light.png using Guid(8d3ab9b7cb3a1794a891374315d8305a) Importer(-1,00000000000000000000000000000000) [PhysX] Initialized MultithreadedTaskDispatcher with 8 workers.
 -> (artifact id: '857fcedc72732a51c39303700aa7f621') in 0.001152 seconds
Start importing Packages/com.unity.collab-proxy/Editor/PlasticSCM/Assets/Images/iconprivateoverlay.png using Guid(9d6e2d7ce65565b4a93d524fe7a05d0b) Importer(-1,00000000000000000000000000000000) [PhysX] Initialized MultithreadedTaskDispatcher with 8 workers.
 -> (artifact id: '98e684771b401eec492b80571b21482b') in 0.001933 seconds
Start importing Packages/com.unity.timeline/Editor/StyleSheets/Images/Icons/d_TimelineSignal.png using Guid(ad2e3e92b00839c4e991ca602ef19822) Importer(-1,00000000000000000000000000000000) [PhysX] Initialized MultithreadedTaskDispatcher with 8 workers.
 -> (artifact id: '6809c2496e7c44fe0fc5dff223a692f6') in 0.000729 seconds
Start importing Packages/com.unity.timeline/Editor/StyleSheets/Images/Icons/TimelineEditModeRippleOFF.png using Guid(bd7b7cac6eb0c3f469781d9a729a1c94) Importer(-1,00000000000000000000000000000000) [PhysX] Initialized MultithreadedTaskDispatcher with 8 workers.
 -> (artifact id: '7b7fc685e3af9a869eb9aebc684c6922') in 0.000782 seconds
Start importing Packages/com.unity.collab-proxy/Editor/Collaborate/Assets/Icons/merge-light.png using Guid(cd20fda32910f2942bd0231aa038b0bf) Importer(-1,00000000000000000000000000000000) [PhysX] Initialized MultithreadedTaskDispatcher with 8 workers.
 -> (artifact id: 'ea8f617b0e1153bf0746e2a3f71f0603') in 0.000591 seconds
Start importing Packages/com.unity.collab-proxy/Editor/Collaborate/Assets/Icons/edited-file-dark@2x.png using Guid(cdf2b54d520524c418aed1dc00eec185) Importer(-1,00000000000000000000000000000000) [PhysX] Initialized MultithreadedTaskDispatcher with 8 workers.
 -> (artifact id: '277bcb0734312757c5034dac811c5716') in 0.000588 seconds
Start importing Packages/com.unity.collab-proxy/Editor/PlasticSCM/Assets/Images/d_step2@2x.png using Guid(cdb88fdb0cf46b244a667edaff21c7df) Importer(-1,00000000000000000000000000000000) [PhysX] Initialized MultithreadedTaskDispatcher with 8 workers.
 -> (artifact id: '39a972a5b391c2c45cc6db3964924f90') in 0.000986 seconds
Start importing Packages/com.unity.visualscripting/Graphics/FlowPorts_12x.psd using Guid(cdd996c0455369d40a3c5c465015834f) Importer(-1,00000000000000000000000000000000) [PhysX] Initialized MultithreadedTaskDispatcher with 8 workers.
 -> (artifact id: 'e9d90a4367ccf12a927e12c64a178556') in 0.000814 seconds
Start importing Packages/com.unity.collab-proxy/Editor/PlasticSCM/Assets/Images/step2.png using Guid(cd0b17b71a5c498428ee91dee8a78a88) Importer(-1,00000000000000000000000000000000) [PhysX] Initialized MultithreadedTaskDispatcher with 8 workers.
 -> (artifact id: 'e816c97570ddea8f60df0c8a53cfa794') in 0.000921 seconds
Start importing Packages/com.unity.collab-proxy/Editor/PlasticSCM/Assets/Images/buttonssosigninemail@2x.png using Guid(ddf2e76e8a1f88f46ae1e42277850b48) Importer(-1,00000000000000000000000000000000) [PhysX] Initialized MultithreadedTaskDispatcher with 8 workers.
 -> (artifact id: 'c216a225fbcc77e8a3f83b1c9a22acae') in 0.001526 seconds
Start importing Packages/com.unity.collab-proxy/Editor/Collaborate/Assets/Icons/loading-dark.png using Guid(ddc4c89f94d2d994c8d7275e3929ff60) Importer(-1,00000000000000000000000000000000) [PhysX] Initialized MultithreadedTaskDispatcher with 8 workers.
 -> (artifact id: '3ae04187e5892bb22ea0a89cda14fc00') in 0.000804 seconds
Start importing Packages/com.unity.testtools.codecoverage/Editor/Icons/FolderOpened@2x.png using Guid(dd4bd79e2c603964e8cbf04d0851a210) Importer(-1,00000000000000000000000000000000) [PhysX] Initialized MultithreadedTaskDispatcher with 8 workers.
 -> (artifact id: 'b0c35330609026dd538ca80354217863') in 0.000874 seconds
Start importing Packages/com.unity.timeline/Editor/StyleSheets/Images/DarkSkin/TimelineHold.png using Guid(ddbd45249a133a846b2f20e39b537565) Importer(-1,00000000000000000000000000000000) [PhysX] Initialized MultithreadedTaskDispatcher with 8 workers.
 -> (artifact id: '6135a7dab429bda0e276acfc14423148') in 0.000996 seconds
Start importing Packages/com.unity.textmeshpro/Editor Resources/Textures/btn_AlignTop_Light.psd using Guid(ed041e68439749a69d0efa0e3d896c2e) Importer(-1,00000000000000000000000000000000) [PhysX] Initialized MultithreadedTaskDispatcher with 8 workers.
 -> (artifact id: '59c983f7d2c36e4dae2ba8c5b5dd9408') in 0.001209 seconds
Start importing Packages/com.unity.collab-proxy/Editor/PlasticSCM/Assets/Images/iconrepository.png using Guid(ed64f3a17f2ede646be21ed6edc9161a) Importer(-1,00000000000000000000000000000000) [PhysX] Initialized MultithreadedTaskDispatcher with 8 workers.
 -> (artifact id: '7207f584a4f13fe5649cc335b2a59ec3') in 0.001468 seconds
Start importing Packages/com.unity.timeline/Editor/StyleSheets/Images/LightSkin/TimelineTimeCursor.png using Guid(ed665472b4fee2043a5c1cc802beaa8e) Importer(-1,00000000000000000000000000000000) [PhysX] Initialized MultithreadedTaskDispatcher with 8 workers.
 -> (artifact id: 'a22ff02acd0a09d4ea8bbd006f37788f') in 0.000985 seconds
Start importing Packages/com.unity.timeline/Editor/StyleSheets/Images/Icons/d_TrackAvatarButtonEnabled@2x.png using Guid(fd12dbe3b63ae464f824b4a74c0e1766) Importer(-1,00000000000000000000000000000000) [PhysX] Initialized MultithreadedTaskDispatcher with 8 workers.
 -> (artifact id: 'e41137f24b763ae985d7308b704542f3') in 0.001016 seconds
Start importing Packages/com.unity.collab-proxy/Editor/PlasticSCM/Assets/Images/d_colorbuhochristmas.png using Guid(fd098fb4cf57bad419701c802e442b7e) Importer(-1,00000000000000000000000000000000) [PhysX] Initialized MultithreadedTaskDispatcher with 8 workers.
 -> (artifact id: '0118c06589ae99d40fead515d291e1b4') in 0.005707 seconds
Start importing Packages/com.unity.timeline/Editor/StyleSheets/Images/Icons/d_TrackAvatarButtonDisabled@2x.png using Guid(fd194f75fe3d7ca4488fa775ae832fd8) Importer(-1,00000000000000000000000000000000) [PhysX] Initialized MultithreadedTaskDispatcher with 8 workers.
 -> (artifact id: '318aa0037b91693008683e47f12fa12f') in 0.000962 seconds
Start importing Packages/com.unity.collab-proxy/Editor/Collaborate/Assets/Icons/publish-dark.png using Guid(fdbd7df1b46f4714fbb0174e505f5a31) Importer(-1,00000000000000000000000000000000) [PhysX] Initialized MultithreadedTaskDispatcher with 8 workers.
 -> (artifact id: 'e25682dfea786b3e433f3318077f3318') in 0.000926 seconds
Start importing Packages/com.unity.timeline/Editor/StyleSheets/Images/Icons/d_TrackRecordButtonEnabled.png using Guid(0e5ba0f04df278944a8f5a62f64f5aa6) Importer(-1,00000000000000000000000000000000) [PhysX] Initialized MultithreadedTaskDispatcher with 8 workers.
 -> (artifact id: 'b28f544cb89d3a4324a349257d8718b2') in 0.001145 seconds
Start importing Packages/com.unity.collab-proxy/Editor/Collaborate/Assets/Icons/collaborate-warning-dark.png using Guid(0e3edcdf6743ba643999fb3882f1cc15) Importer(-1,00000000000000000000000000000000) [PhysX] Initialized MultithreadedTaskDispatcher with 8 workers.
 -> (artifact id: '576c0a2333a67f2ac5ff870a3d21ab40') in 0.001100 seconds
Start importing Packages/com.unity.collab-proxy/Editor/Collaborate/Assets/Icons/collaborate-warning-light.png using Guid(1e80543db0ef9494a9c1777f01e1a4a0) Importer(-1,00000000000000000000000000000000) [PhysX] Initialized MultithreadedTaskDispatcher with 8 workers.
 -> (artifact id: 'a196be47b4d14230a4c95ca37b501525') in 0.000861 seconds
Start importing Packages/com.unity.collab-proxy/Editor/PlasticSCM/Assets/Images/iconplasticnotifyincoming.png using Guid(1e6c9635b80f973488d8335a081c905f) Importer(-1,00000000000000000000000000000000) [PhysX] Initialized MultithreadedTaskDispatcher with 8 workers.
 -> (artifact id: '16ec4ec044a5cacce6af4057e55e5be2') in 0.001009 seconds
Start importing Packages/com.unity.collab-proxy/Editor/PlasticSCM/Assets/Images/d_iconmergeconflictoverlay@2x.png using Guid(2e2ab640fc132eb4c83f1c586c46d610) Importer(-1,00000000000000000000000000000000) [PhysX] Initialized MultithreadedTaskDispatcher with 8 workers.
 -> (artifact id: 'b9a39892a7fcf34bfe908c984de448dc') in 0.001466 seconds
Start importing Packages/com.unity.collab-proxy/Editor/PlasticSCM/Assets/Images/iconlockedlocaloverlay.png using Guid(3eb463f682a32ab48b98a68d3361e524) Importer(-1,00000000000000000000000000000000) [PhysX] Initialized MultithreadedTaskDispatcher with 8 workers.
 -> (artifact id: '6d2571e963164a5e3c6a28100df8b52e') in 0.000977 seconds
Start importing Packages/com.unity.textmeshpro/Editor Resources/Gizmos/TMP - Input Field Icon.psd using Guid(3ee40aa79cd242a5b53b0b0ca4f13f0f) Importer(-1,00000000000000000000000000000000) [PhysX] Initialized MultithreadedTaskDispatcher with 8 workers.
 -> (artifact id: '94e0245fd24e67bf600d83aaa3cbf49d') in 0.002440 seconds
Start importing Packages/com.unity.collab-proxy/Editor/Collaborate/Assets/Icons/collaborate-error-dark.png using Guid(3eeca90c1ad2c46499941d0901eef4c6) Importer(-1,00000000000000000000000000000000) [PhysX] Initialized MultithreadedTaskDispatcher with 8 workers.
 -> (artifact id: '2b556432c4ac3047237319993b268a4b') in 0.001127 seconds
Start importing Packages/com.unity.collab-proxy/Editor/PlasticSCM/Assets/Images/iconmergeconflict.png using Guid(3ebdd5b3c161fc343a4bbc3ea42da8ca) Importer(-1,00000000000000000000000000000000) [PhysX] Initialized MultithreadedTaskDispatcher with 8 workers.
 -> (artifact id: '6a37fd5d59a0e9e0eb04cbfc344f0356') in 0.001664 seconds
Start importing Packages/com.unity.testtools.codecoverage/Editor/Icons/CodeCoverage.png using Guid(5e4d1277a09266944b3431a0a44d0862) Importer(-1,00000000000000000000000000000000) [PhysX] Initialized MultithreadedTaskDispatcher with 8 workers.
 -> (artifact id: 'e6f7ee495ef0b608228c539f357430da') in 0.000840 seconds
Start importing Packages/com.unity.collab-proxy/Editor/PlasticSCM/Assets/Images/iconplasticnotifyconflict@2x.png using Guid(6e0a54826ffc3ee46b0aa3e1c1575a69) Importer(-1,00000000000000000000000000000000) [PhysX] Initialized MultithreadedTaskDispatcher with 8 workers.
 -> (artifact id: 'e6e1b94cbcebe9ce48c2cd4ca22a45a3') in 0.002163 seconds
Start importing Packages/com.unity.collab-proxy/Editor/PlasticSCM/Assets/Images/d_loading@2x.png using Guid(7ee48c5fba4919649a8a6094cbead669) Importer(-1,00000000000000000000000000000000) [PhysX] Initialized MultithreadedTaskDispatcher with 8 workers.
 -> (artifact id: '5879e1d2d58186855074f708e40ec9a2') in 0.001176 seconds
Start importing Assets/Art/Stimuli/_preview/water_shape_red.png using Guid(7e57fe62857094cf5a0803478746fabb) Importer(-1,00000000000000000000000000000000) [PhysX] Initialized MultithreadedTaskDispatcher with 8 workers.
 -> (artifact id: '741a5c87732998853f1168b6a8d1fab9') in 0.005658 seconds
Start importing Packages/com.unity.visualscripting/Editor/VisualScripting.Core/IconMap/VariablesSaver@32x.png using Guid(8ef7c0fbb1fbcd64e954e5eafe1652ad) Importer(-1,00000000000000000000000000000000) [PhysX] Initialized MultithreadedTaskDispatcher with 8 workers.
 -> (artifact id: '328046c0ec89f371fd93dc2e7a72a36d') in 0.001859 seconds
Start importing Packages/com.unity.timeline/Editor/StyleSheets/Images/DarkSkin/TimelineKeyframe.png using Guid(8eba099eb091faf419fecdcd5cdabfd7) Importer(-1,00000000000000000000000000000000) [PhysX] Initialized MultithreadedTaskDispatcher with 8 workers.
 -> (artifact id: '68ae4ba1a5cf0d4b4d55a74fe57bec0e') in 0.002210 seconds
Start importing Packages/com.unity.collab-proxy/Editor/Collaborate/Assets/Icons/back-dark.png using Guid(8e3ec2dfd58b79842aa78376678a9a05) Importer(-1,00000000000000000000000000000000) [PhysX] Initialized MultithreadedTaskDispatcher with 8 workers.
 -> (artifact id: '66f4ab83ffaf185e28c75129a5baa268') in 0.000891 seconds
Start importing Packages/com.unity.timeline/Editor/StyleSheets/Images/Icons/TrackCurvesButtonEnabled@2x.png using Guid(9e541b6dcfb77d34481f69b3d62d0343) Importer(-1,00000000000000000000000000000000) [PhysX] Initialized MultithreadedTaskDispatcher with 8 workers.
 -> (artifact id: 'eae91a28eb5623f9c59b9b9d2567dd00') in 0.000709 seconds
Start importing Packages/com.unity.collab-proxy/Editor/PlasticSCM/Assets/Images/d_genericbuho3.png using Guid(9e9474494461bd048803b48e391ef0f6) Importer(-1,00000000000000000000000000000000) [PhysX] Initialized MultithreadedTaskDispatcher with 8 workers.
 -> (artifact id: '8bb82c6e205ace211816fd183556949a') in 0.005833 seconds
Start importing Packages/com.unity.settings-manager/Content/Options.png using Guid(9eff477e4332346818c96745043dae9e) Importer(-1,00000000000000000000000000000000) [PhysX] Initialized MultithreadedTaskDispatcher with 8 workers.
 -> (artifact id: 'a7fb5e5eee300f131bebd6d2af5e0b2f') in 0.001093 seconds
Start importing Packages/com.unity.collab-proxy/Editor/PlasticSCM/Assets/Images/d_iconlockedlocaloverlay@2x.png using Guid(ae53a7884da90e94eb5dfeab594b746c) Importer(-1,00000000000000000000000000000000) [PhysX] Initialized MultithreadedTaskDispatcher with 8 workers.
 -> (artifact id: '0b7be402882c86d0629e819eea695be7') in 0.001059 seconds
Start importing Packages/com.unity.collab-proxy/Editor/PlasticSCM/Assets/Images/iconplasticnotifyincoming@2x.png using Guid(ae869fe6797f4454cbbf417d87ff637c) Importer(-1,00000000000000000000000000000000) [PhysX] Initialized MultithreadedTaskDispatcher with 8 workers.
 -> (artifact id: 'c907bfd925bd1fd55e1450299c51106d') in 0.001422 seconds
Start importing Packages/com.unity.collab-proxy/Editor/Collaborate/Assets/Icons/collaborate-progress-light@2x.png using Guid(ae9e7828f0813b04fbe3f839422b2289) Importer(-1,00000000000000000000000000000000) [PhysX] Initialized MultithreadedTaskDispatcher with 8 workers.
 -> (artifact id: '666460d96d443481365859b57b52ab21') in 0.001176 seconds
Start importing Packages/com.unity.collab-proxy/Editor/PlasticSCM/Assets/Images/d_stepok.png using Guid(be423a54b981d38428de82ad12534629) Importer(-1,00000000000000000000000000000000) [PhysX] Initialized MultithreadedTaskDispatcher with 8 workers.
 -> (artifact id: 'e24f7035423ad181ad1c0254f78d1cac') in 0.001045 seconds
Start importing Packages/com.unity.collab-proxy/Editor/PlasticSCM/Assets/Images/stepok@2x.png using Guid(be340a165cb9c8d4cb50f1deeb51d4ea) Importer(-1,00000000000000000000000000000000) [PhysX] Initialized MultithreadedTaskDispatcher with 8 workers.
 -> (artifact id: 'cdd7d6b87fb4056a80524f218da626de') in 0.001213 seconds
Start importing Packages/com.unity.collab-proxy/Editor/Collaborate/Assets/Icons/deleted-file-dark.png using Guid(ce3ca6a541b5fbc4c80edb5195d78731) Importer(-1,00000000000000000000000000000000) [PhysX] Initialized MultithreadedTaskDispatcher with 8 workers.
 -> (artifact id: '015c4fe0de6a1a3c45d378a518f133f8') in 0.000585 seconds
Start importing Packages/com.unity.collab-proxy/Editor/Collaborate/Assets/Icons/show-dark@2x.png using Guid(de4c62a7de5c61a41b5b0029b339f373) Importer(-1,00000000000000000000000000000000) [PhysX] Initialized MultithreadedTaskDispatcher with 8 workers.
 -> (artifact id: 'a13e08c7c91032b80c72b79b7f8c757c') in 0.000927 seconds
Start importing Packages/com.unity.textmeshpro/Editor Resources/Gizmos/TMP - Font Asset Icon.psd using Guid(ee148e281f3c41c5b4ff5f8a5afe5a6c) Importer(-1,00000000000000000000000000000000) [PhysX] Initialized MultithreadedTaskDispatcher with 8 workers.
 -> (artifact id: 'ba383a7ffa4fa8982bc25982f2df7949') in 0.002516 seconds
Start importing Packages/com.unity.timeline/Editor/StyleSheets/Images/Icons/TrackLockButtonDisabled.png using Guid(fef7487d8b06bba408f70354e2463ce4) Importer(-1,00000000000000000000000000000000) [PhysX] Initialized MultithreadedTaskDispatcher with 8 workers.
 -> (artifact id: '1e8ded6d921f1d724408c040d1402b3d') in 0.000791 seconds
Start importing Packages/com.unity.collab-proxy/Editor/PlasticSCM/Assets/Images/d_ignoredoverlay.png using Guid(0f5597de928ba6547895c4cdb9fa4185) Importer(-1,00000000000000000000000000000000) [PhysX] Initialized MultithreadedTaskDispatcher with 8 workers.
 -> (artifact id: 'b1f7770a3e477c0bda53c59a3aaecfd5') in 0.000852 seconds
Start importing Packages/com.unity.collab-proxy/Editor/PlasticSCM/Assets/Images/d_genericbuho2.png using Guid(0f061b4bd0275bc4eb60f2af31e7375a) Importer(-1,00000000000000000000000000000000) [PhysX] Initialized MultithreadedTaskDispatcher with 8 workers.
 -> (artifact id: '6e8a744287ce9fc51a4238d0b439e016') in 0.005687 seconds
Start importing Packages/com.unity.timeline/Editor/StyleSheets/Images/Icons/d_TrackRecordButtonEnabled@2x.png using Guid(0f1c9a12872a30f45bab34f536332bb3) Importer(-1,00000000000000000000000000000000) [PhysX] Initialized MultithreadedTaskDispatcher with 8 workers.
 -> (artifact id: '88349fc88aad30a128fe9019b9af6938') in 0.001166 seconds
Start importing Packages/com.unity.timeline/Editor/StyleSheets/Images/Icons/d_TrackCurvesButtonDisabled@2x.png using Guid(1f3ea4caa6e0ec74388e4d7d16690e68) Importer(-1,00000000000000000000000000000000) [PhysX] Initialized MultithreadedTaskDispatcher with 8 workers.
 -> (artifact id: 'b44b8e4bf07c683379789f79c87d0b93') in 0.000844 seconds
Start importing Packages/com.unity.textmeshpro/Editor Resources/Gizmos/TMP - Text Component Icon.psd using Guid(2fd6421f253b4ef1a19526541f9ffc0c) Importer(-1,00000000000000000000000000000000) [PhysX] Initialized MultithreadedTaskDispatcher with 8 workers.
 -> (artifact id: 'af7c46ab57396e80d01619f6f7dd7ded') in 0.001563 seconds
Start importing Packages/com.unity.timeline/Editor/StyleSheets/Images/Icons/d_TimelineHeaderMarkerIcon.png using Guid(4f8d98ef7dbbe3d469e14c04722cbeed) Importer(-1,00000000000000000000000000000000) [PhysX] Initialized MultithreadedTaskDispatcher with 8 workers.
 -> (artifact id: 'c2337129b50d098f5ea95decaf5cc918') in 0.000608 seconds
Start importing Packages/com.unity.collab-proxy/Editor/Collaborate/Assets/Icons/collaborate-incoming-dark.png using Guid(4f1f02bee0a5ae24aac00a40a212299a) Importer(-1,00000000000000000000000000000000) [PhysX] Initialized MultithreadedTaskDispatcher with 8 workers.
 -> (artifact id: '878e9f0c246209fec69e2eeceb4f1f03') in 0.000831 seconds
Start importing Packages/com.unity.timeline/Editor/StyleSheets/Images/Icons/TrackLockButtonDisabled@2x.png using Guid(6fb5cabb85ba3794682b16eba19440cb) Importer(-1,00000000000000000000000000000000) [PhysX] Initialized MultithreadedTaskDispatcher with 8 workers.
 -> (artifact id: '58b42ff41210ab90073b45b9b7d73c47') in 0.000625 seconds
Start importing Packages/com.unity.timeline/Editor/StyleSheets/Images/Icons/d_TrackLockButtonDisabled@2x.png using Guid(6f0b77e050cdb12478ed9514b3a0e40e) Importer(-1,00000000000000000000000000000000) [PhysX] Initialized MultithreadedTaskDispatcher with 8 workers.
 -> (artifact id: 'a777fe0db32196a2bdfb2cb639020add') in 0.000604 seconds
Start importing Packages/com.unity.collab-proxy/Editor/PlasticSCM/Assets/Images/d_genericbuhochristmas3.png using Guid(6fac4e39926fd9c4ca2ba4416160a857) Importer(-1,00000000000000000000000000000000) [PhysX] Initialized MultithreadedTaskDispatcher with 8 workers.
 -> (artifact id: 'afe367133320015d73cc40288039376c') in 0.005935 seconds
Start importing Packages/com.unity.collab-proxy/Editor/PlasticSCM/Assets/Images/d_genericbuhoshechristmas2.png using Guid(7fd3cda14282bb7429b8eeb6c121e5bb) Importer(-1,00000000000000000000000000000000) [PhysX] Initialized MultithreadedTaskDispatcher with 8 workers.
 -> (artifact id: '2c49624f247336f2cccd57d9e096db50') in 0.007655 seconds
Start importing Packages/com.unity.collab-proxy/Editor/PlasticSCM/Assets/Images/d_iconprivateoverlay@2x.png using Guid(7f854f490da24e54f9e8383e446b5d81) Importer(-1,00000000000000000000000000000000) [PhysX] Initialized MultithreadedTaskDispatcher with 8 workers.
 -> (artifact id: 'bdb5e61af4492df7bc48afe3616022b9') in 0.002562 seconds
Start importing Packages/com.unity.collab-proxy/Editor/Collaborate/Assets/Icons/status-warning-light.png using Guid(7f5bfdeb677f0f9439f594f1cf98266a) Importer(-1,00000000000000000000000000000000) [PhysX] Initialized MultithreadedTaskDispatcher with 8 workers.
 -> (artifact id: 'd93c98335b84cafea2fbbefcad31361e') in 0.001749 seconds
Start importing Packages/com.unity.collab-proxy/Editor/Collaborate/Assets/Icons/status-error-dark.png using Guid(8f169193df3d51042a705fa81fc46e72) Importer(-1,00000000000000000000000000000000) [PhysX] Initialized MultithreadedTaskDispatcher with 8 workers.
 -> (artifact id: 'ff9c73acd0e8afa0161006217524ead4') in 0.000810 seconds
Start importing Packages/com.unity.collab-proxy/Editor/PlasticSCM/Assets/Images/DownloadIconRed.png using Guid(8f56d994b6d39c84c9869b7f64438f52) Importer(-1,00000000000000000000000000000000) [PhysX] Initialized MultithreadedTaskDispatcher with 8 workers.
 -> (artifact id: 'e4da98271759a0e109ac71018feffec4') in 0.001169 seconds
Start importing Packages/com.unity.timeline/Editor/StyleSheets/Images/Icons/TimelineEditModeMixOFF.png using Guid(8fca5ed160cdc5440a4c7561db4082b2) Importer(-1,00000000000000000000000000000000) [PhysX] Initialized MultithreadedTaskDispatcher with 8 workers.
 -> (artifact id: 'e98fe0cafa8ae00dd876ea3a8ecbb2eb') in 0.000863 seconds
Start importing Packages/com.unity.timeline/Editor/StyleSheets/Images/Icons/TrackRecordButtonEnabled@2x.png using Guid(8fdae4ac756ed6047b01021ff0cc3ebb) Importer(-1,00000000000000000000000000000000) [PhysX] Initialized MultithreadedTaskDispatcher with 8 workers.
 -> (artifact id: '956c699122257e5c5fa5335a06c90624') in 0.000699 seconds
Start importing Packages/com.unity.collab-proxy/Editor/Collaborate/Assets/Icons/undo-dark.png using Guid(9f379314652051f4aa49201b44eae54d) Importer(-1,00000000000000000000000000000000) [PhysX] Initialized MultithreadedTaskDispatcher with 8 workers.
 -> (artifact id: '0104eea83457bd5d0262d659599f246c') in 0.000835 seconds
Start importing Packages/com.unity.timeline/Editor/StyleSheets/Images/DarkSkin/TimelineAutokey@2x.png using Guid(af24c542434a025448222d576f61a956) Importer(-1,00000000000000000000000000000000) [PhysX] Initialized MultithreadedTaskDispatcher with 8 workers.
 -> (artifact id: 'aa97c30787340b0dd36379e484e69d28') in 0.000755 seconds
Start importing Packages/com.unity.timeline/Editor/StyleSheets/Images/LightSkin/TimelineAutokey.png using Guid(af3aec622aef40c45813b39e405966a3) Importer(-1,00000000000000000000000000000000) [PhysX] Initialized MultithreadedTaskDispatcher with 8 workers.
 -> (artifact id: '6eba2b61674d9db7217f7e41f47d2cc0') in 0.000976 seconds
Start importing Packages/com.unity.collab-proxy/Editor/PlasticSCM/Assets/Images/step1@2x.png using Guid(affeade9874cf2347abb155e8d0db4d8) Importer(-1,00000000000000000000000000000000) [PhysX] Initialized MultithreadedTaskDispatcher with 8 workers.
 -> (artifact id: '08ac516c03ffb4ee23cce54e973e1ae9') in 0.001112 seconds
Start importing Packages/com.unity.timeline/Editor/StyleSheets/Images/Icons/TimelineHeaderMarkerIcon.png using Guid(bf1debab21103154b99778ba6e074175) Importer(-1,00000000000000000000000000000000) [PhysX] Initialized MultithreadedTaskDispatcher with 8 workers.
 -> (artifact id: '7e8606d759429c936c98d9e4d98d920a') in 0.000637 seconds
Start importing Packages/com.unity.timeline/Editor/StyleSheets/Images/Icons/TrackLockButtonEnabled.png using Guid(cf575301f1e76c4478de0e77db15eba0) Importer(-1,00000000000000000000000000000000) [PhysX] Initialized MultithreadedTaskDispatcher with 8 workers.
 -> (artifact id: '8c91f48bdefb3e5e622393218f31787a') in 0.000835 seconds
Start importing Packages/com.unity.timeline/Editor/StyleSheets/Images/LightSkin/TimelineAutokey@2x.png using Guid(cf3fbf98d5c3f1941bd9c0256918a4c8) Importer(-1,00000000000000000000000000000000) [PhysX] Initialized MultithreadedTaskDispatcher with 8 workers.
 -> (artifact id: '78b784bc6b7893b51b99834562ba179f') in 0.000702 seconds
Start importing Packages/com.unity.collab-proxy/Editor/PlasticSCM/Assets/Images/d_iconplasticviewnotify.png using Guid(df7dbac99fae5444f92b497c52f0ecfb) Importer(-1,00000000000000000000000000000000) [PhysX] Initialized MultithreadedTaskDispatcher with 8 workers.
 -> (artifact id: '19cedc6c8ca425aa108ca30a5aebf87c') in 0.000993 seconds
Start importing Assets/TextMesh Pro/Sprites/EmojiOne.png using Guid(dffef66376be4fa480fb02b19edbe903) Importer(-1,00000000000000000000000000000000) [PhysX] Initialized MultithreadedTaskDispatcher with 8 workers.
 -> (artifact id: '40b511ef30f1dfb8c61643d3ccb7da7b') in 0.008276 seconds
Start importing Packages/com.unity.collab-proxy/Editor/Collaborate/Assets/Icons/collaborate-done-light@2x.png using Guid(efbf52d7ee1264d478d63a17b943941a) Importer(-1,00000000000000000000000000000000) [PhysX] Initialized MultithreadedTaskDispatcher with 8 workers.
 -> (artifact id: '293e752629f07defc7b66111dc490ad3') in 0.002063 seconds
Start importing Assets/TextMesh Pro/Fonts/LiberationSans.ttf using Guid(e3265ab4bf004d28a9537516768c1c75) Importer(-1,00000000000000000000000000000000) [PhysX] Initialized MultithreadedTaskDispatcher with 8 workers.
 -> (artifact id: '65ae907df666f9271fd7943ee4e514a0') in 0.235564 seconds
Start importing Assets/Fonts/NotoSansTC-Regular.otf using Guid(e5464e32c2fee49bf955d899a901fd5a) Importer(-1,00000000000000000000000000000000) [PhysX] Initialized MultithreadedTaskDispatcher with 8 workers.
 -> (artifact id: 'f66a35d4b0d25c21e847b4b3ebba4d49') in 0.011175 seconds
Refreshing native plugins compatible for Editor in 0.96 ms, found 2 plugins.
Preloading 0 native plugins for Editor in 0.00 ms.
Asset Pipeline Refresh (id=0b76d40645be747fab40db6ab767ff85): Total: 1.151 seconds - Initiated by RefreshV2(NoUpdateAssetOptions)
	Summary:
		Imports: total=466 (actual=466, local cache=0, cache server=0)
		Asset DB Process Time: managed=15 ms, native=1103 ms
		Asset DB Callback time: managed=27 ms, native=4 ms
		Scripting: domain reloads=0, domain reload time=0 ms, compile time=0 ms, other=0 ms
		Project Asset Count: scripts=4295, non-scripts=859
		Asset File Changes: new=0, changed=0, moved=0, deleted=0
		Scan Filter Count: 1
	InvokeBeforeRefreshCallbacks: 0.000ms
	ApplyChangesToAssetFolders: 0.046ms
	Scan: 67.118ms
	OnSourceAssetsModified: 0.001ms
	GetAllGuidsForCategorization: 0.207ms
	CategorizeAssets: 16.757ms
	ImportOutOfDateAssets: 1019.269ms (-6.625ms without children)
		ImportManagerImport: 1016.899ms (12.883ms without children)
			ImportInProcess: 1002.423ms
			UpdateCategorizedAssets: 1.594ms
		ReloadNativeAssets: 0.008ms
		UnloadImportedAssets: 0.777ms
		ReloadImportedAssets: 6.878ms
		EnsureUptoDateAssetsAreRegisteredWithGuidPM: 0.540ms
		InitializingProgressBar: 0.004ms
		PostProcessAllAssetNotificationsAddChangedAssets: 0.010ms
		OnDemandSchedulerStart: 0.777ms
	PostProcessAllAssets: 30.420ms
	Hotreload: 1.782ms
	GatherAllCurrentPrimaryArtifactRevisions: 0.356ms
	UnloadStreamsBegin: 0.156ms
	PersistCurrentRevisions: 0.928ms
	UnloadStreamsEnd: 0.012ms
	Untracked: 14.401ms
Asset Pipeline Refresh (id=17c3ec1ab0f4040d8bd786bbb411c47d): Total: 0.054 seconds - Initiated by RefreshV2(NoUpdateAssetOptions)
Asset Pipeline Refresh (id=e85ef4a4e52744023a7afa8730bd006a): Total: 0.060 seconds - Initiated by RefreshV2(NoUpdateAssetOptions)
Opening scene 'Assets/Scenes/SampleScene.unity'
[PhysX] Initialized MultithreadedTaskDispatcher with 8 workers.
Unloading 4 Unused Serialized files (Serialized files now loaded: 0)
Loaded scene 'Assets/Scenes/SampleScene.unity'
	Deserialize:            22.052 ms
	Integration:            32.401 ms
	Integration of assets:  2.283 ms
	Thread Wait Time:       -0.004 ms
	Total Operation Time:   56.733 ms
Unloading 43 unused Assets / (0.5 MB). Loaded Objects now: 4271.
Memory consumption went from 142.4 MB to 141.9 MB.
Total: 6.510375 ms (FindLiveObjects: 0.182541 ms CreateObjectMapping: 0.047709 ms MarkObjects: 5.997292 ms  DeleteObjects: 0.281875 ms)

Created GICache directory at /Users/chifankung/Library/Caches/com.unity3d.UnityEditor/GiCache. Took: 0.008s, timestamps: [29.672 - 29.680]
gi::BakeBackendSwitch: switching bake backend from 3 to 2.
[00:00:00] Builtin Sky manager started.
[00:00:00] Finished 2 Bake Ambient Probe jobs (0.00s execute, 0.00s integrate, 0.35s wallclock)
Starting cubemap convolution for '' (size 128)
...took 0.115 seconds


Mono dependencies included in the build
Dependency assembly - System.ServiceModel.Activation.dll
Dependency assembly - System.Runtime.InteropServices.WindowsRuntime.dll
Dependency assembly - System.IdentityModel.Selectors.dll
Dependency assembly - System.Diagnostics.StackTrace.dll
Dependency assembly - System.Configuration.Install.dll
Dependency assembly - System.Runtime.Remoting.dll
Dependency assembly - System.Configuration.dll
Dependency assembly - System.ComponentModel.Primitives.dll
Dependency assembly - System.Net.WebHeaderCollection.dll
Dependency assembly - System.Xml.Linq.dll
Dependency assembly - Mono.Security.dll
Dependency assembly - System.Xml.XmlSerializer.dll
Dependency assembly - System.Data.Common.dll
Dependency assembly - mscorlib.dll
Dependency assembly - System.Reflection.Primitives.dll
Dependency assembly - System.Runtime.InteropServices.RuntimeInformation.dll
Dependency assembly - System.Data.Services.dll
Dependency assembly - System.Xml.Xsl.Primitives.dll
Dependency assembly - System.Net.Http.dll
Dependency assembly - System.Security.Cryptography.Pkcs.dll
Dependency assembly - System.EnterpriseServices.dll
Dependency assembly - Unity.Timeline.dll
Dependency assembly - System.Net.Mail.dll
Dependency assembly - System.Management.dll
Dependency assembly - System.Threading.Thread.dll
Dependency assembly - System.Net.NameResolution.dll
Dependency assembly - System.Runtime.Serialization.dll
Dependency assembly - System.Threading.dll
Dependency assembly - System.IdentityModel.dll
Dependency assembly - System.Runtime.Numerics.dll
Dependency assembly - System.Security.dll
Dependency assembly - System.Security.Cryptography.ProtectedData.dll
Dependency assembly - System.Drawing.dll
Dependency assembly - System.IO.Compression.FileSystem.dll
Dependency assembly - System.Net.Cache.dll
Dependency assembly - System.Core.dll
Dependency assembly - System.Messaging.dll
Dependency assembly - System.IO.FileSystem.AccessControl.dll
Dependency assembly - System.Security.Cryptography.Primitives.dll
Dependency assembly - System.Xaml.dll
Dependency assembly - System.Reflection.dll
Dependency assembly - System.Xml.XPath.XDocument.dll
Dependency assembly - System.Security.Cryptography.RSA.dll
Dependency assembly - System.Security.Principal.dll
Dependency assembly - System.Runtime.Serialization.Xml.dll
Dependency assembly - System.ServiceModel.Primitives.dll
Dependency assembly - System.Linq.Expressions.dll
Dependency assembly - System.ServiceModel.Security.dll
Dependency assembly - UnityEngine.UI.dll
Dependency assembly - System.Net.Ping.dll
Dependency assembly - Unity.Services.Core.Analytics.dll
Dependency assembly - System.AppContext.dll
Dependency assembly - System.Reflection.DispatchProxy.dll
Dependency assembly - System.Runtime.DurableInstancing.dll
Dependency assembly - System.Drawing.Design.dll
Dependency assembly - System.Net.ServicePoint.dll
Dependency assembly - System.Runtime.Loader.dll
Dependency assembly - System.Net.HttpListener.dll
Dependency assembly - Microsoft.Win32.Registry.AccessControl.dll
Dependency assembly - System.Resources.ReaderWriter.dll
Dependency assembly - System.Numerics.Vectors.dll
Dependency assembly - Assembly-CSharp.dll
Dependency assembly - System.Globalization.Extensions.dll
Dependency assembly - System.Json.dll
Dependency assembly - System.Linq.Parallel.dll
Dependency assembly - System.Reflection.TypeExtensions.dll
Dependency assembly - System.ServiceModel.Internals.dll
Dependency assembly - System.Text.Encoding.dll
Dependency assembly - System.Linq.dll
Dependency assembly - Unity.VisualScripting.State.dll
Dependency assembly - System.Data.DataSetExtensions.dll
Dependency assembly - System.Runtime.Serialization.Formatters.dll
Dependency assembly - System.Data.Entity.dll
Dependency assembly - System.Threading.Tasks.dll
Dependency assembly - System.ServiceModel.Routing.dll
Dependency assembly - System.Security.Cryptography.Cng.dll
Dependency assembly - System.ComponentModel.EventBasedAsync.dll
Dependency assembly - System.Resources.Reader.dll
Dependency assembly - System.Runtime.Serialization.Json.dll
Dependency assembly - System.Collections.NonGeneric.dll
Dependency assembly - System.Diagnostics.Tools.dll
Dependency assembly - System.IO.FileSystem.dll
Dependency assembly - System.Web.DynamicData.dll
Dependency assembly - Unity.TextMeshPro.dll
Dependency assembly - System.ComponentModel.dll
Dependency assembly - System.Diagnostics.Contracts.dll
Dependency assembly - System.Security.Cryptography.Encryption.Aes.dll
Dependency assembly - System.Web.ApplicationServices.dll
Dependency assembly - Microsoft.CSharp.dll
Dependency assembly - Mono.Data.Sqlite.dll
Dependency assembly - System.Console.dll
Dependency assembly - Unity.Services.Core.Networking.dll
Dependency assembly - System.Net.Http.WebRequest.dll
Dependency assembly - Unity.Services.Core.Configuration.dll
Dependency assembly - Mono.Data.Tds.dll
Dependency assembly - System.Security.Cryptography.Encoding.dll
Dependency assembly - System.Reflection.Emit.Lightweight.dll
Dependency assembly - System.ServiceModel.dll
Dependency assembly - System.ObjectModel.dll
Dependency assembly - System.Design.dll
Dependency assembly - System.ServiceProcess.ServiceController.dll
Dependency assembly - System.Diagnostics.Tracing.dll
Dependency assembly - System.Windows.Forms.dll
Dependency assembly - System.Reflection.Emit.ILGeneration.dll
Dependency assembly - System.Net.Sockets.dll
Dependency assembly - Unity.Services.Core.dll
Dependency assembly - System.IO.UnmanagedMemoryStream.dll
Dependency assembly - System.Runtime.Serialization.Primitives.dll
Dependency assembly - System.DirectoryServices.Protocols.dll
Dependency assembly - System.Xml.XDocument.dll
Dependency assembly - Unity.VisualScripting.Flow.dll
Dependency assembly - System.Runtime.Serialization.Formatters.Soap.dll
Dependency assembly - System.Runtime.dll
Dependency assembly - System.ValueTuple.dll
Dependency assembly - System.IO.dll
Dependency assembly - System.Security.SecureString.dll
Dependency assembly - System.Net.AuthenticationManager.dll
Dependency assembly - System.Diagnostics.FileVersionInfo.dll
Dependency assembly - System.Web.RegularExpressions.dll
Dependency assembly - System.Diagnostics.TraceSource.dll
Dependency assembly - System.Text.Encoding.Extensions.dll
Dependency assembly - System.Threading.Tasks.Extensions.dll
Dependency assembly - System.Windows.Forms.DataVisualization.dll
Dependency assembly - System.Diagnostics.TextWriterTraceListener.dll
Dependency assembly - System.IO.Compression.ZipFile.dll
Dependency assembly - System.ComponentModel.Annotations.dll
Dependency assembly - System.Security.Cryptography.RandomNumberGenerator.dll
Dependency assembly - Unity.Services.Core.Scheduler.dll
Dependency assembly - System.Diagnostics.Debug.dll
Dependency assembly - System.IO.IsolatedStorage.dll
Dependency assembly - System.Net.NetworkInformation.dll
Dependency assembly - System.Text.RegularExpressions.dll
Dependency assembly - System.Net.Primitives.dll
Dependency assembly - System.Xml.Serialization.dll
Dependency assembly - System.Security.Cryptography.Encryption.dll
Dependency assembly - System.Security.AccessControl.dll
Dependency assembly - Unity.VisualScripting.Core.dll
Dependency assembly - System.Web.Services.dll
Dependency assembly - System.Web.Extensions.dll
Dependency assembly - System.Threading.Tasks.Parallel.dll
Dependency assembly - System.Web.Extensions.Design.dll
Dependency assembly - Unity.Services.Core.Threading.dll
Dependency assembly - System.Net.WebSockets.Client.dll
Dependency assembly - System.Data.dll
Dependency assembly - System.Runtime.Handles.dll
Dependency assembly - System.Buffers.dll
Dependency assembly - System.Security.Claims.dll
Dependency assembly - Microsoft.Win32.Registry.dll
Dependency assembly - System.DirectoryServices.dll
Dependency assembly - System.Runtime.InteropServices.dll
Dependency assembly - System.Security.Principal.Windows.dll
Dependency assembly - System.Threading.Overlapped.dll
Dependency assembly - System.Net.Utilities.dll
Dependency assembly - System.ServiceProcess.dll
Dependency assembly - System.Xml.XPath.dll
Dependency assembly - Unity.Services.Core.Components.dll
Dependency assembly - System.dll
Dependency assembly - System.Net.dll
Dependency assembly - Unity.Services.Core.Environments.dll
Dependency assembly - System.Xml.XPath.XmlDocument.dll
Dependency assembly - Unity.Services.Core.Registration.dll
Dependency assembly - System.Collections.Concurrent.dll
Dependency assembly - System.ServiceModel.Http.dll
Dependency assembly - System.Xml.dll
Dependency assembly - System.Xml.ReaderWriter.dll
Dependency assembly - System.Threading.ThreadPool.dll
Dependency assembly - System.Xml.XmlDocument.dll
Dependency assembly - System.Globalization.dll
Dependency assembly - System.ComponentModel.TypeConverter.dll
Dependency assembly - System.Reflection.Emit.dll
Dependency assembly - System.Data.SqlClient.dll
Dependency assembly - System.Reflection.Extensions.dll
Dependency assembly - System.ServiceModel.Duplex.dll
Dependency assembly - System.ComponentModel.Composition.dll
Dependency assembly - System.ServiceModel.Web.dll
Dependency assembly - Unity.Services.Core.Device.dll
Dependency assembly - Unity.Services.Core.Environments.Internal.dll
Dependency assembly - System.Net.WebSockets.dll
Dependency assembly - System.Dynamic.Runtime.dll
Dependency assembly - System.Linq.Queryable.dll
Dependency assembly - System.Diagnostics.TraceEvent.dll
Dependency assembly - System.ComponentModel.DataAnnotations.dll
Dependency assembly - System.IO.FileSystem.DriveInfo.dll
Dependency assembly - System.IO.FileSystem.Watcher.dll
Dependency assembly - System.Security.Cryptography.DeriveBytes.dll
Dependency assembly - System.Diagnostics.Process.dll
Dependency assembly - System.Security.Cryptography.Algorithms.dll
Dependency assembly - System.Text.Encoding.CodePages.dll
Dependency assembly - System.IO.FileSystem.Primitives.dll
Dependency assembly - System.IO.MemoryMappedFiles.dll
Dependency assembly - System.IO.Pipes.dll
Dependency assembly - netstandard.dll
Dependency assembly - System.ServiceModel.NetTcp.dll
Dependency assembly - System.Security.Cryptography.OpenSsl.dll
Dependency assembly - Unity.Services.Core.Internal.dll
Dependency assembly - System.Memory.dll
Dependency assembly - System.Net.Requests.dll
Dependency assembly - Unity.Services.Core.Telemetry.dll
Dependency assembly - System.Resources.ResourceManager.dll
Dependency assembly - System.Security.Cryptography.Csp.dll
Dependency assembly - Newtonsoft.Json.dll
Dependency assembly - System.Security.Cryptography.Hashing.dll
Dependency assembly - System.Runtime.CompilerServices.VisualC.dll
Dependency assembly - System.Threading.AccessControl.dll
Dependency assembly - System.Security.Cryptography.Encryption.ECDiffieHellman.dll
Dependency assembly - System.Security.Cryptography.Encryption.ECDsa.dll
Dependency assembly - System.Data.Linq.dll
Dependency assembly - System.Data.Services.Client.dll
Dependency assembly - System.Drawing.Primitives.dll
Dependency assembly - Microsoft.Win32.Primitives.dll
Dependency assembly - System.Collections.Specialized.dll
Dependency assembly - System.IO.Compression.dll
Dependency assembly - System.Collections.dll
Dependency assembly - System.Web.dll
Dependency assembly - System.Security.Cryptography.Hashing.Algorithms.dll
Dependency assembly - System.Reflection.Context.dll
Dependency assembly - Accessibility.dll
Dependency assembly - Unity.VisualScripting.Antlr3.Runtime.dll
Dependency assembly - System.Threading.Timer.dll
Dependency assembly - System.Resources.Writer.dll
Dependency assembly - System.Data.OracleClient.dll
Dependency assembly - System.Runtime.Extensions.dll
Dependency assembly - System.Windows.dll
Dependency assembly - System.Transactions.dll
Dependency assembly - System.Security.Cryptography.X509Certificates.dll
Dependency assembly - System.Globalization.Calendars.dll
Dependency assembly - System.ServiceModel.Discovery.dll
Dependency assembly - System.Net.Security.dll
Dependency assembly - System.Runtime.Caching.dll
Dependency assembly - System.Numerics.dll

[PhysX] Initialized MultithreadedTaskDispatcher with 8 workers.
Unloading 27 Unused Serialized files (Serialized files now loaded: 0)
Unloading 43 unused Assets / (0.5 MB). Loaded Objects now: 4146.
Memory consumption went from 134.3 MB to 133.8 MB.
Total: 4.354667 ms (FindLiveObjects: 0.141834 ms CreateObjectMapping: 0.044125 ms MarkObjects: 3.890042 ms  DeleteObjects: 0.277667 ms)

[EnlightenBakeManager] m_Clear = false;
Unloading 0 Unused Serialized files (Serialized files now loaded: 0)
Unloading 0 unused Assets / (0 B). Loaded Objects now: 4146.
Memory consumption went from 133.8 MB to 133.8 MB.
Total: 3.531250 ms (FindLiveObjects: 0.116750 ms CreateObjectMapping: 0.045458 ms MarkObjects: 3.361167 ms  DeleteObjects: 0.007250 ms)

[PhysX] Initialized MultithreadedTaskDispatcher with 8 workers.
Unloading 1 Unused Serialized files (Serialized files now loaded: 0)
Unloading 170 unused Assets / (132.1 MB). Loaded Objects now: 4146.
Memory consumption went from 265.7 MB to 133.6 MB.
Total: 12.834625 ms (FindLiveObjects: 0.099125 ms CreateObjectMapping: 0.056333 ms MarkObjects: 4.371375 ms  DeleteObjects: 8.307250 ms)

Compiling shader "TextMeshPro/Sprite" pass "Default" (vp)
    Full variant space:         4
    After settings filtering:   4
    After built-in stripping:   4
    After scriptable stripping: 4
    Processed in 0.00 seconds
    starting compilation...
Launching external process: /Applications/Unity/Hub/Editor/2022.3.62f3/Unity.app/Contents/Tools/UnityShaderCompiler
Launched and connected shader compiler UnityShaderCompiler after 0.30 seconds
Launching external process: /Applications/Unity/Hub/Editor/2022.3.62f3/Unity.app/Contents/Tools/UnityShaderCompiler
Launched and connected shader compiler UnityShaderCompiler after 0.03 seconds
Launching external process: /Applications/Unity/Hub/Editor/2022.3.62f3/Unity.app/Contents/Tools/UnityShaderCompiler
Launched and connected shader compiler UnityShaderCompiler after 0.03 seconds
    finished in 0.41 seconds. Local cache hits 0 (0.00s CPU time), remote cache hits 0 (0.00s CPU time), compiled 4 variants (1.13s CPU time), skipped 0 variants
    Prepared data for serialisation in 0.00s
Serialized binary data for shader TextMeshPro/Sprite in 0.00s
    gles3 (total internal programs: 4, unique: 4)
Compiling shader "Skybox/Procedural" pass "" (vp)
    Full variant space:         3
    After settings filtering:   3
    After built-in stripping:   3
    After scriptable stripping: 3
    Processed in 0.00 seconds
    starting compilation...
    finished in 0.08 seconds. Local cache hits 0 (0.00s CPU time), remote cache hits 0 (0.00s CPU time), compiled 3 variants (0.22s CPU time), skipped 0 variants
    Prepared data for serialisation in 0.00s
Serialized binary data for shader Skybox/Procedural in 0.00s
    gles3 (total internal programs: 3, unique: 3)
Compiling shader "TextMeshPro/Mobile/Distance Field" pass "" (vp)
    Full variant space:         12
    After settings filtering:   12
    After built-in stripping:   12
    After scriptable stripping: 12
    Processed in 0.00 seconds
    starting compilation...
Launching external process: /Applications/Unity/Hub/Editor/2022.3.62f3/Unity.app/Contents/Tools/UnityShaderCompiler
Launched and connected shader compiler UnityShaderCompiler after 0.04 seconds
Launching external process: /Applications/Unity/Hub/Editor/2022.3.62f3/Unity.app/Contents/Tools/UnityShaderCompiler
Launched and connected shader compiler UnityShaderCompiler after 0.05 seconds
Launching external process: /Applications/Unity/Hub/Editor/2022.3.62f3/Unity.app/Contents/Tools/UnityShaderCompiler
Launched and connected shader compiler UnityShaderCompiler after 0.04 seconds
Launching external process: /Applications/Unity/Hub/Editor/2022.3.62f3/Unity.app/Contents/Tools/UnityShaderCompiler
Launched and connected shader compiler UnityShaderCompiler after 0.03 seconds
    finished in 0.24 seconds. Local cache hits 0 (0.00s CPU time), remote cache hits 0 (0.00s CPU time), compiled 12 variants (1.22s CPU time), skipped 0 variants
    Prepared data for serialisation in 0.00s
Serialized binary data for shader TextMeshPro/Mobile/Distance Field in 0.00s
    gles3 (total internal programs: 12, unique: 12)
Compiling shader "Legacy Shaders/VertexLit" pass "" (vp)
    Full variant space:         12
    After settings filtering:   12
    After built-in stripping:   3
    After scriptable stripping: 3
    Processed in 0.00 seconds
    starting compilation...
    finished in 0.05 seconds. Local cache hits 0 (0.00s CPU time), remote cache hits 0 (0.00s CPU time), compiled 3 variants (0.13s CPU time), skipped 0 variants
    Prepared data for serialisation in 0.00s
Compiling shader "Legacy Shaders/VertexLit" pass "" (vp)
    Full variant space:         4
    After settings filtering:   4
    After built-in stripping:   1
    After scriptable stripping: 1
    Processed in 0.00 seconds
    starting compilation...
    finished in 0.02 seconds. Local cache hits 0 (0.00s CPU time), remote cache hits 0 (0.00s CPU time), compiled 1 variants (0.02s CPU time), skipped 0 variants
    Prepared data for serialisation in 0.00s
Compiling shader "Legacy Shaders/VertexLit" pass "ShadowCaster" (vp)
    Full variant space:         4
    After settings filtering:   4
    After built-in stripping:   2
    After scriptable stripping: 2
    Processed in 0.00 seconds
    starting compilation...
    finished in 0.02 seconds. Local cache hits 0 (0.00s CPU time), remote cache hits 0 (0.00s CPU time), compiled 2 variants (0.04s CPU time), skipped 0 variants
    Prepared data for serialisation in 0.00s
Serialized binary data for shader Legacy Shaders/VertexLit in 0.00s
    gles3 (total internal programs: 6, unique: 6)
Compiling shader "Legacy Shaders/Diffuse" pass "FORWARD" (vp)
    Full variant space:         664
    After settings filtering:   664
    After built-in stripping:   8
    After scriptable stripping: 8
    Processed in 0.00 seconds
    starting compilation...
    finished in 0.08 seconds. Local cache hits 0 (0.00s CPU time), remote cache hits 0 (0.00s CPU time), compiled 8 variants (0.51s CPU time), skipped 0 variants
    Prepared data for serialisation in 0.00s
Compiling shader "Legacy Shaders/Diffuse" pass "FORWARD" (vp)
    Full variant space:         20
    After settings filtering:   20
    After built-in stripping:   5
    After scriptable stripping: 5
    Processed in 0.00 seconds
    starting compilation...
    finished in 0.07 seconds. Local cache hits 0 (0.00s CPU time), remote cache hits 0 (0.00s CPU time), compiled 5 variants (0.29s CPU time), skipped 0 variants
    Prepared data for serialisation in 0.00s
Compiling shader "Legacy Shaders/Diffuse" pass "DEFERRED" (vp)
    Full variant space:         76
    After settings filtering:   76
    After built-in stripping:   4
    After scriptable stripping: 4
    Processed in 0.00 seconds
    starting compilation...
    finished in 0.04 seconds. Local cache hits 0 (0.00s CPU time), remote cache hits 0 (0.00s CPU time), compiled 4 variants (0.13s CPU time), skipped 0 variants
    Prepared data for serialisation in 0.00s
Serialized binary data for shader Legacy Shaders/Diffuse in 0.00s
    gles3 (total internal programs: 17, unique: 17)
Compiling shader "Hidden/Internal-StencilWrite" pass "" (vp)
    Full variant space:         1
    After settings filtering:   1
    After built-in stripping:   1
    After scriptable stripping: 1
    Processed in 0.00 seconds
    starting compilation...
    finished in 0.01 seconds. Local cache hits 0 (0.00s CPU time), remote cache hits 0 (0.00s CPU time), compiled 1 variants (0.01s CPU time), skipped 0 variants
    Prepared data for serialisation in 0.00s
Serialized binary data for shader Hidden/Internal-StencilWrite in 0.00s
    gles3 (total internal programs: 1, unique: 1)
Compiling shader "Hidden/Internal-DepthNormalsTexture" pass "" (vp)
    Full variant space:         1
    After settings filtering:   1
    After built-in stripping:   1
    After scriptable stripping: 1
    Processed in 0.00 seconds
    starting compilation...
    finished in 0.02 seconds. Local cache hits 0 (0.00s CPU time), remote cache hits 0 (0.00s CPU time), compiled 1 variants (0.02s CPU time), skipped 0 variants
    Prepared data for serialisation in 0.00s
Compiling shader "Hidden/Internal-DepthNormalsTexture" pass "" (vp)
    Full variant space:         1
    After settings filtering:   1
    After built-in stripping:   1
    After scriptable stripping: 1
    Processed in 0.00 seconds
    starting compilation...
    finished in 0.03 seconds. Local cache hits 0 (0.00s CPU time), remote cache hits 0 (0.00s CPU time), compiled 1 variants (0.03s CPU time), skipped 0 variants
    Prepared data for serialisation in 0.00s
Compiling shader "Hidden/Internal-DepthNormalsTexture" pass "" (vp)
    Full variant space:         1
    After settings filtering:   1
    After built-in stripping:   1
    After scriptable stripping: 1
    Processed in 0.00 seconds
    starting compilation...
    finished in 0.04 seconds. Local cache hits 0 (0.00s CPU time), remote cache hits 0 (0.00s CPU time), compiled 1 variants (0.04s CPU time), skipped 0 variants
    Prepared data for serialisation in 0.00s
Compiling shader "Hidden/Internal-DepthNormalsTexture" pass "" (vp)
    Full variant space:         1
    After settings filtering:   1
    After built-in stripping:   1
    After scriptable stripping: 1
    Processed in 0.00 seconds
    starting compilation...
    finished in 0.06 seconds. Local cache hits 0 (0.00s CPU time), remote cache hits 0 (0.00s CPU time), compiled 1 variants (0.06s CPU time), skipped 0 variants
    Prepared data for serialisation in 0.00s
Compiling shader "Hidden/Internal-DepthNormalsTexture" pass "" (vp)
    Full variant space:         1
    After settings filtering:   1
    After built-in stripping:   1
    After scriptable stripping: 1
    Processed in 0.00 seconds
    starting compilation...
    finished in 0.02 seconds. Local cache hits 0 (0.00s CPU time), remote cache hits 0 (0.00s CPU time), compiled 1 variants (0.02s CPU time), skipped 0 variants
    Prepared data for serialisation in 0.00s
Compiling shader "Hidden/Internal-DepthNormalsTexture" pass "" (vp)
    Full variant space:         1
    After settings filtering:   1
    After built-in stripping:   1
    After scriptable stripping: 1
    Processed in 0.00 seconds
    starting compilation...
    finished in 0.03 seconds. Local cache hits 0 (0.00s CPU time), remote cache hits 0 (0.00s CPU time), compiled 1 variants (0.03s CPU time), skipped 0 variants
    Prepared data for serialisation in 0.00s
Compiling shader "Hidden/Internal-DepthNormalsTexture" pass "" (vp)
    Full variant space:         1
    After settings filtering:   1
    After built-in stripping:   1
    After scriptable stripping: 1
    Processed in 0.00 seconds
    starting compilation...
    finished in 0.03 seconds. Local cache hits 0 (0.00s CPU time), remote cache hits 0 (0.00s CPU time), compiled 1 variants (0.03s CPU time), skipped 0 variants
    Prepared data for serialisation in 0.00s
Compiling shader "Hidden/Internal-DepthNormalsTexture" pass "" (vp)
    Full variant space:         1
    After settings filtering:   1
    After built-in stripping:   1
    After scriptable stripping: 1
    Processed in 0.00 seconds
    starting compilation...
    finished in 0.02 seconds. Local cache hits 0 (0.00s CPU time), remote cache hits 0 (0.00s CPU time), compiled 1 variants (0.02s CPU time), skipped 0 variants
    Prepared data for serialisation in 0.00s
Compiling shader "Hidden/Internal-DepthNormalsTexture" pass "" (vp)
    Full variant space:         1
    After settings filtering:   1
    After built-in stripping:   1
    After scriptable stripping: 1
    Processed in 0.00 seconds
    starting compilation...
    finished in 0.04 seconds. Local cache hits 0 (0.00s CPU time), remote cache hits 0 (0.00s CPU time), compiled 1 variants (0.04s CPU time), skipped 0 variants
    Prepared data for serialisation in 0.00s
Compiling shader "Hidden/Internal-DepthNormalsTexture" pass "" (vp)
    Full variant space:         1
    After settings filtering:   1
    After built-in stripping:   1
    After scriptable stripping: 1
    Processed in 0.00 seconds
    starting compilation...
    finished in 0.04 seconds. Local cache hits 0 (0.00s CPU time), remote cache hits 0 (0.00s CPU time), compiled 1 variants (0.04s CPU time), skipped 0 variants
    Prepared data for serialisation in 0.00s
Serialized binary data for shader Hidden/Internal-DepthNormalsTexture in 0.00s
    gles3 (total internal programs: 10, unique: 10)
Compiling shader "Hidden/Internal-ScreenSpaceShadows" pass "" (vp)
    Full variant space:         4
    After settings filtering:   4
    After built-in stripping:   4
    After scriptable stripping: 4
    Processed in 0.00 seconds
    starting compilation...
    finished in 0.05 seconds. Local cache hits 0 (0.00s CPU time), remote cache hits 0 (0.00s CPU time), compiled 4 variants (0.17s CPU time), skipped 0 variants
    Prepared data for serialisation in 0.00s
Compiling shader "Hidden/Internal-ScreenSpaceShadows" pass "" (vp)
    Full variant space:         4
    After settings filtering:   4
    After built-in stripping:   4
    After scriptable stripping: 4
    Processed in 0.00 seconds
    starting compilation...
    finished in 0.05 seconds. Local cache hits 0 (0.00s CPU time), remote cache hits 0 (0.00s CPU time), compiled 4 variants (0.18s CPU time), skipped 0 variants
    Prepared data for serialisation in 0.00s
Compiling shader "Hidden/Internal-ScreenSpaceShadows" pass "" (vp)
    Full variant space:         4
    After settings filtering:   4
    After built-in stripping:   4
    After scriptable stripping: 4
    Processed in 0.00 seconds
    starting compilation...
    finished in 0.08 seconds. Local cache hits 0 (0.00s CPU time), remote cache hits 0 (0.00s CPU time), compiled 4 variants (0.30s CPU time), skipped 0 variants
    Prepared data for serialisation in 0.00s
Compiling shader "Hidden/Internal-ScreenSpaceShadows" pass "" (vp)
    Full variant space:         4
    After settings filtering:   4
    After built-in stripping:   4
    After scriptable stripping: 4
    Processed in 0.00 seconds
    starting compilation...
    finished in 0.08 seconds. Local cache hits 0 (0.00s CPU time), remote cache hits 0 (0.00s CPU time), compiled 4 variants (0.30s CPU time), skipped 0 variants
    Prepared data for serialisation in 0.00s
Serialized binary data for shader Hidden/Internal-ScreenSpaceShadows in 0.00s
    gles3 (total internal programs: 16, unique: 16)
Compiling shader "Hidden/Internal-CombineDepthNormals" pass "" (vp)
    Full variant space:         1
    After settings filtering:   1
    After built-in stripping:   1
    After scriptable stripping: 1
    Processed in 0.00 seconds
    starting compilation...
    finished in 0.02 seconds. Local cache hits 0 (0.00s CPU time), remote cache hits 0 (0.00s CPU time), compiled 1 variants (0.02s CPU time), skipped 0 variants
    Prepared data for serialisation in 0.00s
Serialized binary data for shader Hidden/Internal-CombineDepthNormals in 0.00s
    gles3 (total internal programs: 1, unique: 1)
Compiling shader "Hidden/BlitCopy" pass "" (vp)
    Full variant space:         1
    After settings filtering:   1
    After built-in stripping:   1
    After scriptable stripping: 1
    Processed in 0.00 seconds
    starting compilation...
    finished in 0.02 seconds. Local cache hits 0 (0.00s CPU time), remote cache hits 0 (0.00s CPU time), compiled 1 variants (0.02s CPU time), skipped 0 variants
    Prepared data for serialisation in 0.00s
Serialized binary data for shader Hidden/BlitCopy in 0.00s
    gles3 (total internal programs: 1, unique: 1)
Compiling shader "Hidden/BlitCopyDepth" pass "" (vp)
    Full variant space:         1
    After settings filtering:   1
    After built-in stripping:   1
    After scriptable stripping: 1
    Processed in 0.00 seconds
    starting compilation...
    finished in 0.01 seconds. Local cache hits 0 (0.00s CPU time), remote cache hits 0 (0.00s CPU time), compiled 1 variants (0.01s CPU time), skipped 0 variants
    Prepared data for serialisation in 0.00s
Serialized binary data for shader Hidden/BlitCopyDepth in 0.00s
    gles3 (total internal programs: 1, unique: 1)
Compiling shader "Hidden/ConvertTexture" pass "" (vp)
    Full variant space:         1
    After settings filtering:   1
    After built-in stripping:   1
    After scriptable stripping: 1
    Processed in 0.00 seconds
    starting compilation...
    finished in 0.02 seconds. Local cache hits 0 (0.00s CPU time), remote cache hits 0 (0.00s CPU time), compiled 1 variants (0.02s CPU time), skipped 0 variants
    Prepared data for serialisation in 0.00s
Serialized binary data for shader Hidden/ConvertTexture in 0.00s
    gles3 (total internal programs: 1, unique: 1)
Compiling shader "Hidden/Internal-DeferredShading" pass "" (vp)
    Full variant space:         94
    After settings filtering:   94
    After built-in stripping:   26
    After scriptable stripping: 26
    Processed in 0.00 seconds
    starting compilation...
    finished in 0.54 seconds. Local cache hits 0 (0.00s CPU time), remote cache hits 0 (0.00s CPU time), compiled 26 variants (3.32s CPU time), skipped 0 variants
    Prepared data for serialisation in 0.00s
Compiling shader "Hidden/Internal-DeferredShading" pass "" (vp)
    Full variant space:         1
    After settings filtering:   1
    After built-in stripping:   1
    After scriptable stripping: 1
    Processed in 0.00 seconds
    starting compilation...
    finished in 0.02 seconds. Local cache hits 0 (0.00s CPU time), remote cache hits 0 (0.00s CPU time), compiled 1 variants (0.02s CPU time), skipped 0 variants
    Prepared data for serialisation in 0.00s
Serialized binary data for shader Hidden/Internal-DeferredShading in 0.00s
    gles3 (total internal programs: 27, unique: 27)
Compiling shader "Hidden/Internal-DeferredReflections" pass "" (vp)
    Full variant space:         1
    After settings filtering:   1
    After built-in stripping:   1
    After scriptable stripping: 1
    Processed in 0.00 seconds
    starting compilation...
    finished in 0.06 seconds. Local cache hits 0 (0.00s CPU time), remote cache hits 0 (0.00s CPU time), compiled 1 variants (0.06s CPU time), skipped 0 variants
    Prepared data for serialisation in 0.00s
Compiling shader "Hidden/Internal-DeferredReflections" pass "" (vp)
    Full variant space:         2
    After settings filtering:   2
    After built-in stripping:   2
    After scriptable stripping: 2
    Processed in 0.00 seconds
    starting compilation...
    finished in 0.02 seconds. Local cache hits 0 (0.00s CPU time), remote cache hits 0 (0.00s CPU time), compiled 2 variants (0.04s CPU time), skipped 0 variants
    Prepared data for serialisation in 0.00s
Serialized binary data for shader Hidden/Internal-DeferredReflections in 0.00s
    gles3 (total internal programs: 3, unique: 3)
Compiling shader "Hidden/Internal-MotionVectors" pass "" (vp)
    Full variant space:         1
    After settings filtering:   1
    After built-in stripping:   1
    After scriptable stripping: 1
    Processed in 0.00 seconds
    starting compilation...
    finished in 0.03 seconds. Local cache hits 0 (0.00s CPU time), remote cache hits 0 (0.00s CPU time), compiled 1 variants (0.03s CPU time), skipped 0 variants
    Prepared data for serialisation in 0.00s
Compiling shader "Hidden/Internal-MotionVectors" pass "" (vp)
    Full variant space:         1
    After settings filtering:   1
    After built-in stripping:   1
    After scriptable stripping: 1
    Processed in 0.00 seconds
    starting compilation...
    finished in 0.03 seconds. Local cache hits 0 (0.00s CPU time), remote cache hits 0 (0.00s CPU time), compiled 1 variants (0.03s CPU time), skipped 0 variants
    Prepared data for serialisation in 0.00s
Compiling shader "Hidden/Internal-MotionVectors" pass "" (vp)
    Full variant space:         1
    After settings filtering:   1
    After built-in stripping:   1
    After scriptable stripping: 1
    Processed in 0.00 seconds
    starting compilation...
    finished in 0.03 seconds. Local cache hits 0 (0.00s CPU time), remote cache hits 0 (0.00s CPU time), compiled 1 variants (0.03s CPU time), skipped 0 variants
    Prepared data for serialisation in 0.00s
Serialized binary data for shader Hidden/Internal-MotionVectors in 0.00s
    gles3 (total internal programs: 3, unique: 3)
Compiling shader "Hidden/Internal-Flare" pass "" (vp)
    Full variant space:         1
    After settings filtering:   1
    After built-in stripping:   1
    After scriptable stripping: 1
    Processed in 0.00 seconds
    starting compilation...
    finished in 0.02 seconds. Local cache hits 0 (0.00s CPU time), remote cache hits 0 (0.00s CPU time), compiled 1 variants (0.02s CPU time), skipped 0 variants
    Prepared data for serialisation in 0.00s
Serialized binary data for shader Hidden/Internal-Flare in 0.00s
    gles3 (total internal programs: 1, unique: 1)
Compiling shader "Hidden/Internal-Halo" pass "" (vp)
    Full variant space:         4
    After settings filtering:   4
    After built-in stripping:   1
    After scriptable stripping: 1
    Processed in 0.00 seconds
    starting compilation...
    finished in 0.02 seconds. Local cache hits 0 (0.00s CPU time), remote cache hits 0 (0.00s CPU time), compiled 1 variants (0.02s CPU time), skipped 0 variants
    Prepared data for serialisation in 0.00s
Serialized binary data for shader Hidden/Internal-Halo in 0.00s
    gles3 (total internal programs: 1, unique: 1)
Compiling shader "Hidden/BlitCopyWithDepth" pass "" (vp)
    Full variant space:         1
    After settings filtering:   1
    After built-in stripping:   1
    After scriptable stripping: 1
    Processed in 0.00 seconds
    starting compilation...
    finished in 0.02 seconds. Local cache hits 0 (0.00s CPU time), remote cache hits 0 (0.00s CPU time), compiled 1 variants (0.02s CPU time), skipped 0 variants
    Prepared data for serialisation in 0.00s
Serialized binary data for shader Hidden/BlitCopyWithDepth in 0.00s
    gles3 (total internal programs: 1, unique: 1)
Compiling shader "Hidden/BlitToDepth" pass "" (vp)
    Full variant space:         1
    After settings filtering:   1
    After built-in stripping:   1
    After scriptable stripping: 1
    Processed in 0.00 seconds
    starting compilation...
    finished in 0.02 seconds. Local cache hits 0 (0.00s CPU time), remote cache hits 0 (0.00s CPU time), compiled 1 variants (0.02s CPU time), skipped 0 variants
    Prepared data for serialisation in 0.00s
Serialized binary data for shader Hidden/BlitToDepth in 0.00s
    gles3 (total internal programs: 1, unique: 1)
Compiling shader "Hidden/BlitToDepth_MSAA" pass "" (vp)
    Full variant space:         1
    After settings filtering:   1
    After built-in stripping:   1
    After scriptable stripping: 1
    Processed in 0.00 seconds
    starting compilation...
    finished in 0.01 seconds. Local cache hits 0 (0.00s CPU time), remote cache hits 0 (0.00s CPU time), compiled 1 variants (0.01s CPU time), skipped 0 variants
    Prepared data for serialisation in 0.00s
Serialized binary data for shader Hidden/BlitToDepth_MSAA in 0.00s
    gles3 (total internal programs: 1, unique: 1)
Compiling shader "Hidden/BlitCopyHDRTonemap" pass "" (vp)
    Full variant space:         1
    After settings filtering:   1
    After built-in stripping:   1
    After scriptable stripping: 1
    Processed in 0.00 seconds
    starting compilation...
    finished in 0.03 seconds. Local cache hits 0 (0.00s CPU time), remote cache hits 0 (0.00s CPU time), compiled 1 variants (0.03s CPU time), skipped 0 variants
    Prepared data for serialisation in 0.00s
Serialized binary data for shader Hidden/BlitCopyHDRTonemap in 0.00s
    gles3 (total internal programs: 1, unique: 1)
Compiling shader "Hidden/Internal-DebugPattern" pass "Target Color and DepthStencil" (vp)
    Full variant space:         1
    After settings filtering:   1
    After built-in stripping:   1
    After scriptable stripping: 1
    Processed in 0.00 seconds
    starting compilation...
    finished in 0.02 seconds. Local cache hits 0 (0.00s CPU time), remote cache hits 0 (0.00s CPU time), compiled 1 variants (0.02s CPU time), skipped 0 variants
    Prepared data for serialisation in 0.00s
Compiling shader "Hidden/Internal-DebugPattern" pass "Target only Color" (vp)
    Full variant space:         1
    After settings filtering:   1
    After built-in stripping:   1
    After scriptable stripping: 1
    Processed in 0.00 seconds
    starting compilation...
    finished in 0.01 seconds. Local cache hits 0 (0.00s CPU time), remote cache hits 0 (0.00s CPU time), compiled 1 variants (0.01s CPU time), skipped 0 variants
    Prepared data for serialisation in 0.00s
Compiling shader "Hidden/Internal-DebugPattern" pass "Target only DepthStencil" (vp)
    Full variant space:         1
    After settings filtering:   1
    After built-in stripping:   1
    After scriptable stripping: 1
    Processed in 0.00 seconds
    starting compilation...
    finished in 0.02 seconds. Local cache hits 0 (0.00s CPU time), remote cache hits 0 (0.00s CPU time), compiled 1 variants (0.02s CPU time), skipped 0 variants
    Prepared data for serialisation in 0.00s
Serialized binary data for shader Hidden/Internal-DebugPattern in 0.00s
    gles3 (total internal programs: 3, unique: 3)
Compiling shader "Hidden/Internal-GUITextureClip" pass "" (vp)
    Full variant space:         1
    After settings filtering:   1
    After built-in stripping:   1
    After scriptable stripping: 1
    Processed in 0.00 seconds
    starting compilation...
    finished in 0.02 seconds. Local cache hits 0 (0.00s CPU time), remote cache hits 0 (0.00s CPU time), compiled 1 variants (0.02s CPU time), skipped 0 variants
    Prepared data for serialisation in 0.00s
Compiling shader "Hidden/Internal-GUITextureClip" pass "" (vp)
    Full variant space:         1
    After settings filtering:   1
    After built-in stripping:   1
    After scriptable stripping: 1
    Processed in 0.00 seconds
    starting compilation...
    finished in 0.02 seconds. Local cache hits 0 (0.00s CPU time), remote cache hits 0 (0.00s CPU time), compiled 1 variants (0.02s CPU time), skipped 0 variants
    Prepared data for serialisation in 0.00s
Serialized binary data for shader Hidden/Internal-GUITextureClip in 0.00s
    gles3 (total internal programs: 2, unique: 1)
Compiling shader "Hidden/Internal-GUITextureClipText" pass "" (vp)
    Full variant space:         1
    After settings filtering:   1
    After built-in stripping:   1
    After scriptable stripping: 1
    Processed in 0.00 seconds
    starting compilation...
    finished in 0.02 seconds. Local cache hits 0 (0.00s CPU time), remote cache hits 0 (0.00s CPU time), compiled 1 variants (0.02s CPU time), skipped 0 variants
    Prepared data for serialisation in 0.00s
Compiling shader "Hidden/Internal-GUITextureClipText" pass "" (vp)
    Full variant space:         1
    After settings filtering:   1
    After built-in stripping:   1
    After scriptable stripping: 1
    Processed in 0.00 seconds
    starting compilation...
    finished in 0.02 seconds. Local cache hits 0 (0.00s CPU time), remote cache hits 0 (0.00s CPU time), compiled 1 variants (0.02s CPU time), skipped 0 variants
    Prepared data for serialisation in 0.00s
Serialized binary data for shader Hidden/Internal-GUITextureClipText in 0.00s
    gles3 (total internal programs: 2, unique: 1)
Compiling shader "Hidden/Internal-GUITexture" pass "" (vp)
    Full variant space:         1
    After settings filtering:   1
    After built-in stripping:   1
    After scriptable stripping: 1
    Processed in 0.00 seconds
    starting compilation...
    finished in 0.01 seconds. Local cache hits 0 (0.00s CPU time), remote cache hits 0 (0.00s CPU time), compiled 1 variants (0.01s CPU time), skipped 0 variants
    Prepared data for serialisation in 0.00s
Compiling shader "Hidden/Internal-GUITexture" pass "" (vp)
    Full variant space:         1
    After settings filtering:   1
    After built-in stripping:   1
    After scriptable stripping: 1
    Processed in 0.00 seconds
    starting compilation...
    finished in 0.01 seconds. Local cache hits 0 (0.00s CPU time), remote cache hits 0 (0.00s CPU time), compiled 1 variants (0.01s CPU time), skipped 0 variants
    Prepared data for serialisation in 0.00s
Serialized binary data for shader Hidden/Internal-GUITexture in 0.00s
    gles3 (total internal programs: 2, unique: 1)
Compiling shader "Hidden/Internal-GUITextureBlit" pass "" (vp)
    Full variant space:         1
    After settings filtering:   1
    After built-in stripping:   1
    After scriptable stripping: 1
    Processed in 0.00 seconds
    starting compilation...
    finished in 0.03 seconds. Local cache hits 0 (0.00s CPU time), remote cache hits 0 (0.00s CPU time), compiled 1 variants (0.03s CPU time), skipped 0 variants
    Prepared data for serialisation in 0.00s
Compiling shader "Hidden/Internal-GUITextureBlit" pass "" (vp)
    Full variant space:         1
    After settings filtering:   1
    After built-in stripping:   1
    After scriptable stripping: 1
    Processed in 0.00 seconds
    starting compilation...
    finished in 0.02 seconds. Local cache hits 0 (0.00s CPU time), remote cache hits 0 (0.00s CPU time), compiled 1 variants (0.02s CPU time), skipped 0 variants
    Prepared data for serialisation in 0.00s
Serialized binary data for shader Hidden/Internal-GUITextureBlit in 0.00s
    gles3 (total internal programs: 2, unique: 1)
Compiling shader "Hidden/Internal-GUIRoundedRect" pass "" (vp)
    Full variant space:         1
    After settings filtering:   1
    After built-in stripping:   1
    After scriptable stripping: 1
    Processed in 0.00 seconds
    starting compilation...
    finished in 0.03 seconds. Local cache hits 0 (0.00s CPU time), remote cache hits 0 (0.00s CPU time), compiled 1 variants (0.03s CPU time), skipped 0 variants
    Prepared data for serialisation in 0.00s
Compiling shader "Hidden/Internal-GUIRoundedRect" pass "" (vp)
    Full variant space:         1
    After settings filtering:   1
    After built-in stripping:   1
    After scriptable stripping: 1
    Processed in 0.00 seconds
    starting compilation...
    finished in 0.03 seconds. Local cache hits 0 (0.00s CPU time), remote cache hits 0 (0.00s CPU time), compiled 1 variants (0.03s CPU time), skipped 0 variants
    Prepared data for serialisation in 0.00s
Serialized binary data for shader Hidden/Internal-GUIRoundedRect in 0.00s
    gles3 (total internal programs: 2, unique: 1)
Compiling shader "Hidden/Internal-GUIRoundedRectWithColorPerBorder" pass "" (vp)
    Full variant space:         1
    After settings filtering:   1
    After built-in stripping:   1
    After scriptable stripping: 1
    Processed in 0.00 seconds
    starting compilation...
    finished in 0.04 seconds. Local cache hits 0 (0.00s CPU time), remote cache hits 0 (0.00s CPU time), compiled 1 variants (0.04s CPU time), skipped 0 variants
    Prepared data for serialisation in 0.00s
Compiling shader "Hidden/Internal-GUIRoundedRectWithColorPerBorder" pass "" (vp)
    Full variant space:         1
    After settings filtering:   1
    After built-in stripping:   1
    After scriptable stripping: 1
    Processed in 0.00 seconds
    starting compilation...
    finished in 0.04 seconds. Local cache hits 0 (0.00s CPU time), remote cache hits 0 (0.00s CPU time), compiled 1 variants (0.04s CPU time), skipped 0 variants
    Prepared data for serialisation in 0.00s
Serialized binary data for shader Hidden/Internal-GUIRoundedRectWithColorPerBorder in 0.00s
    gles3 (total internal programs: 2, unique: 1)
Compiling shader "Hidden/Internal-UIRDefault" pass "" (vp)
    Full variant space:         1
    After settings filtering:   1
    After built-in stripping:   1
    After scriptable stripping: 1
    Processed in 0.00 seconds
    starting compilation...
    finished in 0.11 seconds. Local cache hits 0 (0.00s CPU time), remote cache hits 0 (0.00s CPU time), compiled 1 variants (0.11s CPU time), skipped 0 variants
    Prepared data for serialisation in 0.00s
Compiling shader "Hidden/Internal-UIRDefault" pass "" (vp)
    Full variant space:         1
    After settings filtering:   1
    After built-in stripping:   1
    After scriptable stripping: 1
    Processed in 0.00 seconds
    starting compilation...
    finished in 0.11 seconds. Local cache hits 0 (0.00s CPU time), remote cache hits 0 (0.00s CPU time), compiled 1 variants (0.11s CPU time), skipped 0 variants
    Prepared data for serialisation in 0.00s
Serialized binary data for shader Hidden/Internal-UIRDefault in 0.00s
    gles3 (total internal programs: 2, unique: 2)
Compiling shader "Hidden/Internal-UIRAtlasBlitCopy" pass "" (vp)
    Full variant space:         1
    After settings filtering:   1
    After built-in stripping:   1
    After scriptable stripping: 1
    Processed in 0.00 seconds
    starting compilation...
    finished in 0.02 seconds. Local cache hits 0 (0.00s CPU time), remote cache hits 0 (0.00s CPU time), compiled 1 variants (0.02s CPU time), skipped 0 variants
    Prepared data for serialisation in 0.00s
Serialized binary data for shader Hidden/Internal-UIRAtlasBlitCopy in 0.00s
    gles3 (total internal programs: 1, unique: 1)
Compiling shader "Hidden/Internal-UIRDefaultWorld" pass "" (vp)
    Full variant space:         1
    After settings filtering:   1
    After built-in stripping:   1
    After scriptable stripping: 1
    Processed in 0.00 seconds
    starting compilation...
    finished in 0.11 seconds. Local cache hits 0 (0.00s CPU time), remote cache hits 0 (0.00s CPU time), compiled 1 variants (0.11s CPU time), skipped 0 variants
    Prepared data for serialisation in 0.00s
Compiling shader "Hidden/Internal-UIRDefaultWorld" pass "" (vp)
    Full variant space:         1
    After settings filtering:   1
    After built-in stripping:   1
    After scriptable stripping: 1
    Processed in 0.00 seconds
    starting compilation...
    finished in 0.11 seconds. Local cache hits 0 (0.00s CPU time), remote cache hits 0 (0.00s CPU time), compiled 1 variants (0.11s CPU time), skipped 0 variants
    Prepared data for serialisation in 0.00s
Serialized binary data for shader Hidden/Internal-UIRDefaultWorld in 0.00s
    gles3 (total internal programs: 2, unique: 2)
Compiling shader "Sprites/Default" pass "" (vp)
    Full variant space:         8
    After settings filtering:   8
    After built-in stripping:   4
    After scriptable stripping: 4
    Processed in 0.00 seconds
    starting compilation...
    finished in 0.02 seconds. Local cache hits 0 (0.00s CPU time), remote cache hits 0 (0.00s CPU time), compiled 4 variants (0.09s CPU time), skipped 0 variants
    Prepared data for serialisation in 0.00s
Serialized binary data for shader Sprites/Default in 0.00s
    gles3 (total internal programs: 4, unique: 4)
Compiling shader "Sprites/Mask" pass "" (vp)
    Full variant space:         4
    After settings filtering:   4
    After built-in stripping:   4
    After scriptable stripping: 4
    Processed in 0.00 seconds
    starting compilation...
    finished in 0.02 seconds. Local cache hits 0 (0.00s CPU time), remote cache hits 0 (0.00s CPU time), compiled 4 variants (0.09s CPU time), skipped 0 variants
    Prepared data for serialisation in 0.00s
Serialized binary data for shader Sprites/Mask in 0.00s
    gles3 (total internal programs: 4, unique: 4)
Compiling shader "UI/Default" pass "Default" (vp)
    Full variant space:         4
    After settings filtering:   4
    After built-in stripping:   4
    After scriptable stripping: 4
    Processed in 0.00 seconds
    starting compilation...
    finished in 0.03 seconds. Local cache hits 0 (0.00s CPU time), remote cache hits 0 (0.00s CPU time), compiled 4 variants (0.13s CPU time), skipped 0 variants
    Prepared data for serialisation in 0.00s
Serialized binary data for shader UI/Default in 0.00s
    gles3 (total internal programs: 4, unique: 4)
Compiling shader "Hidden/CubeBlur" pass "" (vp)
    Full variant space:         1
    After settings filtering:   1
    After built-in stripping:   1
    After scriptable stripping: 1
    Processed in 0.00 seconds
    starting compilation...
    finished in 0.06 seconds. Local cache hits 0 (0.00s CPU time), remote cache hits 0 (0.00s CPU time), compiled 1 variants (0.06s CPU time), skipped 0 variants
    Prepared data for serialisation in 0.00s
Compiling shader "Hidden/CubeBlur" pass "" (vp)
    Full variant space:         1
    After settings filtering:   1
    After built-in stripping:   1
    After scriptable stripping: 1
    Processed in 0.00 seconds
    starting compilation...
    finished in 0.02 seconds. Local cache hits 0 (0.00s CPU time), remote cache hits 0 (0.00s CPU time), compiled 1 variants (0.02s CPU time), skipped 0 variants
    Prepared data for serialisation in 0.00s
Serialized binary data for shader Hidden/CubeBlur in 0.00s
    gles3 (total internal programs: 2, unique: 2)
Compiling shader "Hidden/CubeCopy" pass "" (vp)
    Full variant space:         1
    After settings filtering:   1
    After built-in stripping:   1
    After scriptable stripping: 1
    Processed in 0.00 seconds
    starting compilation...
    finished in 0.02 seconds. Local cache hits 0 (0.00s CPU time), remote cache hits 0 (0.00s CPU time), compiled 1 variants (0.02s CPU time), skipped 0 variants
    Prepared data for serialisation in 0.00s
Compiling shader "Hidden/CubeCopy" pass "" (vp)
    Full variant space:         1
    After settings filtering:   1
    After built-in stripping:   1
    After scriptable stripping: 1
    Processed in 0.00 seconds
    starting compilation...
    finished in 0.02 seconds. Local cache hits 0 (0.00s CPU time), remote cache hits 0 (0.00s CPU time), compiled 1 variants (0.02s CPU time), skipped 0 variants
    Prepared data for serialisation in 0.00s
Serialized binary data for shader Hidden/CubeCopy in 0.00s
    gles3 (total internal programs: 2, unique: 1)
Compiling shader "Hidden/CubeBlend" pass "" (vp)
    Full variant space:         1
    After settings filtering:   1
    After built-in stripping:   1
    After scriptable stripping: 1
    Processed in 0.00 seconds
    starting compilation...
    finished in 0.02 seconds. Local cache hits 0 (0.00s CPU time), remote cache hits 0 (0.00s CPU time), compiled 1 variants (0.02s CPU time), skipped 0 variants
    Prepared data for serialisation in 0.00s
Compiling shader "Hidden/CubeBlend" pass "" (vp)
    Full variant space:         1
    After settings filtering:   1
    After built-in stripping:   1
    After scriptable stripping: 1
    Processed in 0.00 seconds
    starting compilation...
    finished in 0.02 seconds. Local cache hits 0 (0.00s CPU time), remote cache hits 0 (0.00s CPU time), compiled 1 variants (0.02s CPU time), skipped 0 variants
    Prepared data for serialisation in 0.00s
Serialized binary data for shader Hidden/CubeBlend in 0.00s
    gles3 (total internal programs: 2, unique: 1)
Compiling shader "Hidden/VR/BlitTexArraySlice" pass "" (vp)
    Full variant space:         1
    After settings filtering:   1
    After built-in stripping:   1
    After scriptable stripping: 1
    Processed in 0.00 seconds
    starting compilation...
    finished in 0.02 seconds. Local cache hits 0 (0.00s CPU time), remote cache hits 0 (0.00s CPU time), compiled 1 variants (0.02s CPU time), skipped 0 variants
    Prepared data for serialisation in 0.00s
Serialized binary data for shader Hidden/VR/BlitTexArraySlice in 0.00s
    gles3 (total internal programs: 1, unique: 1)
Compiling shader "Hidden/Internal-ODSWorldTexture" pass "" (vp)
    Full variant space:         1
    After settings filtering:   1
    After built-in stripping:   1
    After scriptable stripping: 1
    Processed in 0.00 seconds
    starting compilation...
    finished in 0.01 seconds. Local cache hits 0 (0.00s CPU time), remote cache hits 0 (0.00s CPU time), compiled 1 variants (0.01s CPU time), skipped 0 variants
    Prepared data for serialisation in 0.00s
Compiling shader "Hidden/Internal-ODSWorldTexture" pass "" (vp)
    Full variant space:         1
    After settings filtering:   1
    After built-in stripping:   1
    After scriptable stripping: 1
    Processed in 0.00 seconds
    starting compilation...
    finished in 0.02 seconds. Local cache hits 0 (0.00s CPU time), remote cache hits 0 (0.00s CPU time), compiled 1 variants (0.02s CPU time), skipped 0 variants
    Prepared data for serialisation in 0.00s
Compiling shader "Hidden/Internal-ODSWorldTexture" pass "" (vp)
    Full variant space:         1
    After settings filtering:   1
    After built-in stripping:   1
    After scriptable stripping: 1
    Processed in 0.00 seconds
    starting compilation...
    finished in 0.04 seconds. Local cache hits 0 (0.00s CPU time), remote cache hits 0 (0.00s CPU time), compiled 1 variants (0.04s CPU time), skipped 0 variants
    Prepared data for serialisation in 0.00s
Compiling shader "Hidden/Internal-ODSWorldTexture" pass "" (vp)
    Full variant space:         1
    After settings filtering:   1
    After built-in stripping:   1
    After scriptable stripping: 1
    Processed in 0.00 seconds
    starting compilation...
    finished in 0.05 seconds. Local cache hits 0 (0.00s CPU time), remote cache hits 0 (0.00s CPU time), compiled 1 variants (0.05s CPU time), skipped 0 variants
    Prepared data for serialisation in 0.00s
Compiling shader "Hidden/Internal-ODSWorldTexture" pass "" (vp)
    Full variant space:         1
    After settings filtering:   1
    After built-in stripping:   1
    After scriptable stripping: 1
    Processed in 0.00 seconds
    starting compilation...
    finished in 0.02 seconds. Local cache hits 0 (0.00s CPU time), remote cache hits 0 (0.00s CPU time), compiled 1 variants (0.02s CPU time), skipped 0 variants
    Prepared data for serialisation in 0.00s
Compiling shader "Hidden/Internal-ODSWorldTexture" pass "" (vp)
    Full variant space:         1
    After settings filtering:   1
    After built-in stripping:   1
    After scriptable stripping: 1
    Processed in 0.00 seconds
    starting compilation...
    finished in 0.02 seconds. Local cache hits 0 (0.00s CPU time), remote cache hits 0 (0.00s CPU time), compiled 1 variants (0.02s CPU time), skipped 0 variants
    Prepared data for serialisation in 0.00s
Compiling shader "Hidden/Internal-ODSWorldTexture" pass "" (vp)
    Full variant space:         1
    After settings filtering:   1
    After built-in stripping:   1
    After scriptable stripping: 1
    Processed in 0.00 seconds
    starting compilation...
    finished in 0.02 seconds. Local cache hits 0 (0.00s CPU time), remote cache hits 0 (0.00s CPU time), compiled 1 variants (0.02s CPU time), skipped 0 variants
    Prepared data for serialisation in 0.00s
Compiling shader "Hidden/Internal-ODSWorldTexture" pass "" (vp)
    Full variant space:         1
    After settings filtering:   1
    After built-in stripping:   1
    After scriptable stripping: 1
    Processed in 0.00 seconds
    starting compilation...
    finished in 0.02 seconds. Local cache hits 0 (0.00s CPU time), remote cache hits 0 (0.00s CPU time), compiled 1 variants (0.02s CPU time), skipped 0 variants
    Prepared data for serialisation in 0.00s
Compiling shader "Hidden/Internal-ODSWorldTexture" pass "" (vp)
    Full variant space:         1
    After settings filtering:   1
    After built-in stripping:   1
    After scriptable stripping: 1
    Processed in 0.00 seconds
    starting compilation...
    finished in 0.04 seconds. Local cache hits 0 (0.00s CPU time), remote cache hits 0 (0.00s CPU time), compiled 1 variants (0.04s CPU time), skipped 0 variants
    Prepared data for serialisation in 0.00s
Compiling shader "Hidden/Internal-ODSWorldTexture" pass "" (vp)
    Full variant space:         1
    After settings filtering:   1
    After built-in stripping:   1
    After scriptable stripping: 1
    Processed in 0.00 seconds
    starting compilation...
    finished in 0.03 seconds. Local cache hits 0 (0.00s CPU time), remote cache hits 0 (0.00s CPU time), compiled 1 variants (0.03s CPU time), skipped 0 variants
    Prepared data for serialisation in 0.00s
Serialized binary data for shader Hidden/Internal-ODSWorldTexture in 0.00s
    gles3 (total internal programs: 10, unique: 9)
Compiling shader "Hidden/Internal-CubemapToEquirect" pass "" (vp)
    Full variant space:         1
    After settings filtering:   1
    After built-in stripping:   1
    After scriptable stripping: 1
    Processed in 0.00 seconds
    starting compilation...
    finished in 0.01 seconds. Local cache hits 0 (0.00s CPU time), remote cache hits 0 (0.00s CPU time), compiled 1 variants (0.01s CPU time), skipped 0 variants
    Prepared data for serialisation in 0.00s
Serialized binary data for shader Hidden/Internal-CubemapToEquirect in 0.00s
    gles3 (total internal programs: 1, unique: 1)
Compiling shader "Hidden/VR/BlitFromTex2DToTexArraySlice" pass "" (vp)
    Full variant space:         1
    After settings filtering:   1
    After built-in stripping:   1
    After scriptable stripping: 1
    Processed in 0.00 seconds
    starting compilation...
    finished in 0.01 seconds. Local cache hits 0 (0.00s CPU time), remote cache hits 0 (0.00s CPU time), compiled 1 variants (0.01s CPU time), skipped 0 variants
    Prepared data for serialisation in 0.00s
Compiling shader "Hidden/VR/BlitFromTex2DToTexArraySlice" pass "" (vp)
    Full variant space:         1
    After settings filtering:   1
    After built-in stripping:   1
    After scriptable stripping: 1
    Processed in 0.00 seconds
    starting compilation...
    finished in 0.02 seconds. Local cache hits 0 (0.00s CPU time), remote cache hits 0 (0.00s CPU time), compiled 1 variants (0.02s CPU time), skipped 0 variants
    Prepared data for serialisation in 0.00s
Serialized binary data for shader Hidden/VR/BlitFromTex2DToTexArraySlice in 0.00s
    gles3 (total internal programs: 2, unique: 2)
Compiling shader "Hidden/VideoComposite" pass "Default" (vp)
    Full variant space:         1
    After settings filtering:   1
    After built-in stripping:   1
    After scriptable stripping: 1
    Processed in 0.00 seconds
    starting compilation...
    finished in 0.02 seconds. Local cache hits 0 (0.00s CPU time), remote cache hits 0 (0.00s CPU time), compiled 1 variants (0.02s CPU time), skipped 0 variants
    Prepared data for serialisation in 0.00s
Serialized binary data for shader Hidden/VideoComposite in 0.00s
    gles3 (total internal programs: 1, unique: 1)
Compiling shader "Hidden/TextCore/Distance Field SSD" pass "" (vp)
    Full variant space:         1
    After settings filtering:   1
    After built-in stripping:   1
    After scriptable stripping: 1
    Processed in 0.00 seconds
    starting compilation...
    finished in 0.03 seconds. Local cache hits 0 (0.00s CPU time), remote cache hits 0 (0.00s CPU time), compiled 1 variants (0.03s CPU time), skipped 0 variants
    Prepared data for serialisation in 0.00s
Serialized binary data for shader Hidden/TextCore/Distance Field SSD in 0.00s
    gles3 (total internal programs: 1, unique: 1)

***Player size statistics***
Level 0 'Assets/Scenes/SampleScene.unity' uses 6.0 MB compressed / 11.0 MB uncompressed.
Total compressed size 6.0 MB. Total uncompressed size 11.0 MB.
[40m[32minfo[39m[22m[49m: Microsoft.AspNetCore.Hosting.Diagnostics[1]
      Request starting HTTP/2 POST http://ilpp/UnityILPP.PostProcessing/Ping application/grpc -
[40m[32minfo[39m[22m[49m: Microsoft.AspNetCore.Routing.EndpointMiddleware[0]
      Executing endpoint 'gRPC - /UnityILPP.PostProcessing/Ping'
[40m[32minfo[39m[22m[49m: Microsoft.AspNetCore.Routing.EndpointMiddleware[1]
      Executed endpoint 'gRPC - /UnityILPP.PostProcessing/Ping'
[40m[32minfo[39m[22m[49m: Microsoft.AspNetCore.Hosting.Diagnostics[2]
      Request finished HTTP/2 POST http://ilpp/UnityILPP.PostProcessing/Ping application/grpc - - 200 - application/grpc 0.7194ms
Starting: /Applications/Unity/Hub/Editor/2022.3.62f3/Unity.app/Contents/bee_backend --ipc --dagfile="Library/Bee/Player3612b428.dag" --profile="Library/Bee/backend1.traceevents" Player
WorkingDir: /Users/chifankung/Desktop/StroopGame-handoff/StroopGame/game
[             ] Require frontend run.  Library/Bee/Player3612b428.dag couldn't be loaded
Starting: /Applications/Unity/Hub/Editor/2022.3.62f3/Unity.app/Contents/Tools/netcorerun/netcorerun "/Applications/Unity/Hub/Editor/2022.3.62f3/PlaybackEngines/WebGLSupport/WebGLPlayerBuildProgram.exe" "/Applications/Unity/Hub/Editor/2022.3.62f3/PlaybackEngines/WebGLSupport/Bee:/Applications/Unity/Hub/Editor/2022.3.62f3/Unity.app/Contents/Tools/BuildPipeline" "Library/Bee/Player3612b428.dag.json" "Library/Bee/Player3612b428-inputdata.json" "Library/Bee/buildprogram0.traceevents"
WorkingDir: /Users/chifankung/Desktop/StroopGame-handoff/StroopGame/game
ExitCode: 4 Duration: 0s109ms
DisplayProgressbar: Incremental Player Build
ExitCode: 0 Duration: 0s448ms
Starting: /Applications/Unity/Hub/Editor/2022.3.62f3/Unity.app/Contents/bee_backend --ipc --dagfile="Library/Bee/Player3612b428.dag" --dagfilejson="Library/Bee/Player3612b428.dag.json" --profile="Library/Bee/backend2.traceevents" Player
WorkingDir: /Users/chifankung/Desktop/StroopGame-handoff/StroopGame/game
Finished compiling graph: 232 nodes, 468 flattened edges (468 ToBuild, 0 ToUse), maximum node priority 24
[  1/231    0s] MakeLump Library/Bee/artifacts/WebGL/il2cpp/release_WebGL_wasm/m3q52tsfj6oz0.lump.cpp
[  2/231    0s] WriteText Library/Bee/artifacts/WebGL/bdwgc/release_WebGL_wasm/_dummy_for_header_discovery
[  3/231    0s] MakeLump Library/Bee/artifacts/WebGL/il2cpp/release_WebGL_wasm/nd4tiomc2bhd0.lump.cpp
[  4/231    0s] WriteText Library/Bee/artifacts/csharpactions/UnityClassRegistration.cpp_w2n3.info
[  5/231    0s] WriteText Library/Bee/artifacts/WebGL/il2cpp/release_WebGL_wasm/_dummy_for_header_discovery
[  6/231    0s] MakeLump Library/Bee/artifacts/WebGL/il2cpp/release_WebGL_wasm/hln91w6z98tn0.lump.cpp
[  7/231    0s] MakeLump Library/Bee/artifacts/WebGL/il2cpp/release_WebGL_wasm/e2r78bh4ymc60.lump.cpp
[  8/231    0s] MakeLump Library/Bee/artifacts/WebGL/il2cpp/release_WebGL_wasm/p6kih9d7vser0.lump.cpp
[  9/231    0s] WriteText Library/Bee/artifacts/WebGL/zlib/release_WebGL_wasm/_dummy_for_header_discovery
[ 10/231    0s] MakeLump Library/Bee/artifacts/WebGL/il2cpp/release_WebGL_wasm/yhio1d1cyv230.lump.cpp
[ 11/231    0s] MakeLump Library/Bee/artifacts/WebGL/il2cpp/release_WebGL_wasm/i621g3bdd2g10.lump.cpp
[ 12/231    0s] MakeLump Library/Bee/artifacts/WebGL/il2cpp/release_WebGL_wasm/e2r78bh4ymc61.lump.cpp
[ 13/231    0s] MakeLump Library/Bee/artifacts/WebGL/il2cpp/release_WebGL_wasm/9op074p2fqqa2.lump.cpp
[ 14/231    0s] MakeLump Library/Bee/artifacts/WebGL/il2cpp/release_WebGL_wasm/51d8lxrjoxlr0.lump.cpp
[ 15/231    0s] MakeLump Library/Bee/artifacts/WebGL/il2cpp/release_WebGL_wasm/e2r78bh4ymc62.lump.cpp
[ 16/231    0s] MakeLump Library/Bee/artifacts/WebGL/il2cpp/release_WebGL_wasm/u4wyt4xxlrwu0.lump.cpp
[ 17/231    0s] MakeLump Library/Bee/artifacts/WebGL/il2cpp/release_WebGL_wasm/f36zifjp7fgc0.lump.cpp
[ 18/231    0s] MakeLump Library/Bee/artifacts/WebGL/il2cpp/release_WebGL_wasm/aozr2m7c4dii0.lump.cpp
[ 19/231    0s] WriteText Library/Bee/artifacts/WebGL/GameAssembly/release_WebGL_wasm/_dummy_for_header_discovery
[ 20/231    0s] MakeLump Library/Bee/artifacts/WebGL/il2cpp/release_WebGL_wasm/w2wbtl11kkjp0.lump.cpp
[ 21/231    0s] MakeLump Library/Bee/artifacts/WebGL/il2cpp/release_WebGL_wasm/hszbi8iq3rta0.lump.cpp
[ 22/231    0s] MakeLump Library/Bee/artifacts/WebGL/il2cpp/release_WebGL_wasm/bfr6ll0z51qq0.lump.cpp
[ 23/231    0s] MakeLump Library/Bee/artifacts/WebGL/il2cpp/release_WebGL_wasm/bfr6ll0z51qq1.lump.cpp
[ 24/231    0s] MakeLump Library/Bee/artifacts/WebGL/il2cpp/release_WebGL_wasm/bfr6ll0z51qq2.lump.cpp
[ 25/231    0s] MakeLump Library/Bee/artifacts/WebGL/il2cpp/release_WebGL_wasm/ahxds3l8dfcp0.lump.cpp
[ 26/231    0s] MakeLump Library/Bee/artifacts/WebGL/il2cpp/release_WebGL_wasm/ons3rh3eam5e0.lump.cpp
[ 27/231    0s] MakeLump Library/Bee/artifacts/WebGL/il2cpp/release_WebGL_wasm/4m8be8rv5sh62.lump.cpp
[ 28/231    0s] MakeLump Library/Bee/artifacts/WebGL/il2cpp/release_WebGL_wasm/4m8be8rv5sh61.lump.cpp
[ 29/231    0s] MakeLump Library/Bee/artifacts/WebGL/il2cpp/release_WebGL_wasm/bfr6ll0z51qq3.lump.cpp
[ 30/231    0s] MakeLump Library/Bee/artifacts/WebGL/il2cpp/release_WebGL_wasm/4m8be8rv5sh60.lump.cpp
[ 31/231    0s] MakeLump Library/Bee/artifacts/WebGL/il2cpp/release_WebGL_wasm/ihm1b65r6hsl0.lump.cpp
[ 32/231    0s] MakeLump Library/Bee/artifacts/WebGL/il2cpp/release_WebGL_wasm/ihm1b65r6hsl1.lump.cpp
[ 33/231    0s] MakeLump Library/Bee/artifacts/WebGL/il2cpp/release_WebGL_wasm/1kllqly5g3i10.lump.cpp
[ 34/231    0s] MakeLump Library/Bee/artifacts/WebGL/il2cpp/release_WebGL_wasm/xte2lorixebn0.lump.cpp
[ 35/231    0s] MakeLump Library/Bee/artifacts/WebGL/il2cpp/release_WebGL_wasm/18m0ltux7d8h0.lump.cpp
[ 36/231    0s] MakeLump Library/Bee/artifacts/WebGL/il2cpp/release_WebGL_wasm/18m0ltux7d8h1.lump.cpp
[ 37/231    0s] MakeLump Library/Bee/artifacts/WebGL/il2cpp/release_WebGL_wasm/bg8noxyden190.lump.cpp
[ 38/231    0s] MakeLump Library/Bee/artifacts/WebGL/il2cpp/release_WebGL_wasm/ah4g3nz0qfuz0.lump.cpp
[ 39/231    0s] MakeLump Library/Bee/artifacts/WebGL/il2cpp/release_WebGL_wasm/9op074p2fqqa0.lump.cpp
[ 40/231    0s] MakeLump Library/Bee/artifacts/WebGL/il2cpp/release_WebGL_wasm/9op074p2fqqa1.lump.cpp
[ 41/231    0s] MakeLump Library/Bee/artifacts/WebGL/il2cpp/release_WebGL_wasm/aoj6e46808r00.lump.cpp
[ 42/231    0s] MakeLump Library/Bee/artifacts/WebGL/il2cpp/release_WebGL_wasm/1tigb5f6s2hh0.lump.cpp
[ 43/231    0s] MakeLump Library/Bee/artifacts/WebGL/il2cpp/release_WebGL_wasm/1tigb5f6s2hh1.lump.cpp
[ 44/231    0s] MakeLump Library/Bee/artifacts/WebGL/il2cpp/release_WebGL_wasm/dxovvu87877m0.lump.cpp
[ 45/231    0s] MakeLump Library/Bee/artifacts/WebGL/il2cpp/release_WebGL_wasm/1tigb5f6s2hh2.lump.cpp
[ 46/231    0s] MakeLump Library/Bee/artifacts/WebGL/il2cpp/release_WebGL_wasm/dxovvu87877m1.lump.cpp
[ 47/231    0s] MakeLump Library/Bee/artifacts/WebGL/il2cpp/release_WebGL_wasm/w2iuicyp0tye5.lump.cpp
[ 48/231    0s] MakeLump Library/Bee/artifacts/WebGL/il2cpp/release_WebGL_wasm/w2iuicyp0tye6.lump.cpp
[ 49/231    0s] MakeLump Library/Bee/artifacts/WebGL/il2cpp/release_WebGL_wasm/1tigb5f6s2hh3.lump.cpp
[ 50/231    0s] MakeLump Library/Bee/artifacts/WebGL/il2cpp/release_WebGL_wasm/w2iuicyp0tye4.lump.cpp
[ 51/231    0s] MakeLump Library/Bee/artifacts/WebGL/il2cpp/release_WebGL_wasm/w2iuicyp0tye1.lump.cpp
[ 52/231    0s] MakeLump Library/Bee/artifacts/WebGL/il2cpp/release_WebGL_wasm/w2iuicyp0tye2.lump.cpp
[ 53/231    0s] MakeLump Library/Bee/artifacts/WebGL/il2cpp/release_WebGL_wasm/w2iuicyp0tye3.lump.cpp
[ 54/231    0s] MakeLump Library/Bee/artifacts/WebGL/il2cpp/release_WebGL_wasm/lyama9s9jjvx0.lump.cpp
[ 55/231    0s] MakeLump Library/Bee/artifacts/WebGL/il2cpp/release_WebGL_wasm/0gw5jrmadbeo2.lump.cpp
[ 56/231    0s] MakeLump Library/Bee/artifacts/WebGL/il2cpp/release_WebGL_wasm/otgh7ul7kskj0.lump.cpp
[ 57/231    0s] MakeLump Library/Bee/artifacts/WebGL/il2cpp/release_WebGL_wasm/w2iuicyp0tye0.lump.cpp
[ 58/231    0s] MakeLump Library/Bee/artifacts/WebGL/il2cpp/release_WebGL_wasm/dxovvu87877m2.lump.cpp
[ 59/231    0s] MakeLump Library/Bee/artifacts/WebGL/il2cpp/release_WebGL_wasm/0gw5jrmadbeo0.lump.cpp
[ 60/231    0s] MakeLump Library/Bee/artifacts/WebGL/il2cpp/release_WebGL_wasm/0gw5jrmadbeo1.lump.cpp
[ 61/231    0s] MakeLump Library/Bee/artifacts/WebGL/il2cpp/release_WebGL_wasm/cq3jyme1213f1.lump.cpp
[ 62/231    0s] MakeLump Library/Bee/artifacts/WebGL/il2cpp/release_WebGL_wasm/dxovvu87877m4.lump.cpp
[ 63/231    0s] MakeLump Library/Bee/artifacts/WebGL/il2cpp/release_WebGL_wasm/cq3jyme1213f0.lump.cpp
[ 64/231    0s] MakeLump Library/Bee/artifacts/WebGL/il2cpp/release_WebGL_wasm/dxovvu87877m3.lump.cpp
[ 65/231    3s] UnityLinker /Users/chifankung/Desktop/StroopGame-handoff/StroopGame/game/Library/Bee/artifacts/unitylinker_ber2.traceevents
/Applications/Unity/Hub/Editor/2022.3.62f3/Unity.app/Contents/il2cpp/build/deploy/UnityLinker --allowed-assembly=/Applications/Unity/Hub/Editor/2022.3.62f3/PlaybackEngines/WebGLSupport/Managed/UnityEngine.AIModule.dll --allowed-assembly=/Applications/Unity/Hub/Editor/2022.3.62f3/PlaybackEngines/WebGLSupport/Managed/UnityEngine.AccessibilityModule.dll --allowed-assembly=/Applications/Unity/Hub/Editor/2022.3.62f3/PlaybackEngines/WebGLSupport/Managed/UnityEngine.AndroidJNIModule.dll --allowed-assembly=/Applications/Unity/Hub/Editor/2022.3.62f3/PlaybackEngines/WebGLSupport/Managed/UnityEngine.AnimationModule.dll --allowed-assembly=/Applications/Unity/Hub/Editor/2022.3.62f3/PlaybackEngines/WebGLSupport/Managed/UnityEngine.AssetBundleModule.dll --allowed-assembly=/Applications/Unity/Hub/Editor/2022.3.62f3/PlaybackEngines/WebGLSupport/Managed/UnityEngine.AudioModule.dll --allowed-assembly=/Applications/Unity/Hub/Editor/2022.3.62f3/PlaybackEngines/WebGLSupport/Managed/UnityEngine.ClothModule.dll --allowed-assembly=/Applications/Unity/Hub/Editor/2022.3.62f3/PlaybackEngines/WebGLSupport/Managed/UnityEngine.ContentLoadModule.dll --allowed-assembly=/Applications/Unity/Hub/Editor/2022.3.62f3/PlaybackEngines/WebGLSupport/Managed/UnityEngine.CoreModule.dll --allowed-assembly=/Applications/Unity/Hub/Editor/2022.3.62f3/PlaybackEngines/WebGLSupport/Managed/UnityEngine.CrashReportingModule.dll --allowed-assembly=/Applications/Unity/Hub/Editor/2022.3.62f3/PlaybackEngines/WebGLSupport/Managed/UnityEngine.DSPGraphModule.dll --allowed-assembly=/Applications/Unity/Hub/Editor/2022.3.62f3/PlaybackEngines/WebGLSupport/Managed/UnityEngine.DirectorModule.dll --allowed-assembly=/Applications/Unity/Hub/Editor/2022.3.62f3/PlaybackEngines/WebGLSupport/Managed/UnityEngine.GIModule.dll --allowed-assembly=/Applications/Unity/Hub/Editor/2022.3.62f3/PlaybackEngines/WebGLSupport/Managed/UnityEngine.GameCenterModule.dll --allowed-assembly=/Applications/Unity/Hub/Editor/2022.3.62f3/PlaybackEngines/WebGLSupport/Managed/UnityEngine.GridModule.dll --allowed-assembly=/Applications/Unity/Hub/Editor/2022.3.62f3/PlaybackEngines/WebGLSupport/Managed/UnityEngine.HotReloadModule.dll --allowed-assembly=/Applications/Unity/Hub/Editor/2022.3.62f3/PlaybackEngines/WebGLSupport/Managed/UnityEngine.IMGUIModule.dll --allowed-assembly=/Applications/Unity/Hub/Editor/2022.3.62f3/PlaybackEngines/WebGLSupport/Managed/UnityEngine.ImageConversionModule.dll --allowed-assembly=/Applications/Unity/Hub/Editor/2022.3.62f3/PlaybackEngines/WebGLSupport/Managed/UnityEngine.InputLegacyModule.dll --allowed-assembly=/Applications/Unity/Hub/Editor/2022.3.62f3/PlaybackEngines/WebGLSupport/Managed/UnityEngine.InputModule.dll --allowed-assembly=/Applications/Unity/Hub/Editor/2022.3.62f3/PlaybackEngines/WebGLSupport/Managed/UnityEngine.JSONSerializeModule.dll --allowed-assembly=/Applications/Unity/Hub/Editor/2022.3.62f3/PlaybackEngines/WebGLSupport/Managed/UnityEngine.LocalizationModule.dll --allowed-assembly=/Applications/Unity/Hub/Editor/2022.3.62f3/PlaybackEngines/WebGLSupport/Managed/UnityEngine.ParticleSystemModule.dll --allowed-assembly=/Applications/Unity/Hub/Editor/2022.3.62f3/PlaybackEngines/WebGLSupport/Managed/UnityEngine.PerformanceReportingModule.dll --allowed-assembly=/Applications/Unity/Hub/Editor/2022.3.62f3/PlaybackEngines/WebGLSupport/Managed/UnityEngine.Physics2DModule.dll --allowed-assembly=/Applications/Unity/Hub/Editor/2022.3.62f3/PlaybackEngines/WebGLSupport/Managed/UnityEngine.PhysicsModule.dll --allowed-assembly=/Applications/Unity/Hub/Editor/2022.3.62f3/PlaybackEngines/WebGLSupport/Managed/UnityEngine.ProfilerModule.dll --allowed-assembly=/Applications/Unity/Hub/Editor/2022.3.62f3/PlaybackEngines/WebGLSupport/Managed/UnityEngine.PropertiesModule.dll --allowed-assembly=/Applications/Unity/Hub/Editor/2022.3.62f3/PlaybackEngines/WebGLSupport/Managed/UnityEngine.RuntimeInitializeOnLoadManagerInitializerModule.dll --allowed-assembly=/Applications/Unity/Hub/Editor/2022.3.62f3/PlaybackEngines/WebGLSupport/Managed/UnityEngine.ScreenCaptureModule.dll --allowed-assembly=/Applications/Unity/Hub/Editor/2022.3.62f3/PlaybackEngines/WebGLSupport/Managed/UnityEngine.SharedInternalsModule.dll --allowed-assembly=/Applications/Unity/Hub/Editor/2022.3.62f3/PlaybackEngines/WebGLSupport/Managed/UnityEngine.SpriteMaskModule.dll --allowed-assembly=/Applications/Unity/Hub/Editor/2022.3.62f3/PlaybackEngines/WebGLSupport/Managed/UnityEngine.SpriteShapeModule.dll --allowed-assembly=/Applications/Unity/Hub/Editor/2022.3.62f3/PlaybackEngines/WebGLSupport/Managed/UnityEngine.StreamingModule.dll --allowed-assembly=/Applications/Unity/Hub/Editor/2022.3.62f3/PlaybackEngines/WebGLSupport/Managed/UnityEngine.SubstanceModule.dll --allowed-assembly=/Applications/Unity/Hub/Editor/2022.3.62f3/PlaybackEngines/WebGLSupport/Managed/UnityEngine.SubsystemsModule.dll --allowed-assembly=/Applications/Unity/Hub/Editor/2022.3.62f3/PlaybackEngines/WebGLSupport/Managed/UnityEngine.TLSModule.dll --allowed-assembly=/Applications/Unity/Hub/Editor/2022.3.62f3/PlaybackEngines/WebGLSupport/Managed/UnityEngine.TerrainModule.dll --allowed-assembly=/Applications/Unity/Hub/Editor/2022.3.62f3/PlaybackEngines/WebGLSupport/Managed/UnityEngine.TerrainPhysicsModule.dll --allowed-assembly=/Applications/Unity/Hub/Editor/2022.3.62f3/PlaybackEngines/WebGLSupport/Managed/UnityEngine.TextCoreFontEngineModule.dll --allowed-assembly=/Applications/Unity/Hub/Editor/2022.3.62f3/PlaybackEngines/WebGLSupport/Managed/UnityEngine.TextCoreTextEngineModule.dll --allowed-assembly=/Applications/Unity/Hub/Editor/2022.3.62f3/PlaybackEngines/WebGLSupport/Managed/UnityEngine.TextRenderingModule.dll --allowed-assembly=/Applications/Unity/Hub/Editor/2022.3.62f3/PlaybackEngines/WebGLSupport/Managed/UnityEngine.TilemapModule.dll --allowed-assembly=/Applications/Unity/Hub/Editor/2022.3.62f3/PlaybackEngines/WebGLSupport/Managed/UnityEngine.UIElementsModule.dll --allowed-assembly=/Applications/Unity/Hub/Editor/2022.3.62f3/PlaybackEngines/WebGLSupport/Managed/UnityEngine.UIModule.dll --allowed-assembly=/Applications/Unity/Hub/Editor/2022.3.62f3/PlaybackEngines/WebGLSupport/Managed/UnityEngine.UmbraModule.dll --allowed-assembly=/Applications/Unity/Hub/Editor/2022.3.62f3/PlaybackEngines/WebGLSupport/Managed/UnityEngine.UnityAnalyticsCommonModule.dll --allowed-assembly=/Applications/Unity/Hub/Editor/2022.3.62f3/PlaybackEngines/WebGLSupport/Managed/UnityEngine.UnityAnalyticsModule.dll --allowed-assembly=/Applications/Unity/Hub/Editor/2022.3.62f3/PlaybackEngines/WebGLSupport/Managed/UnityEngine.UnityConnectModule.dll --allowed-assembly=/Applications/Unity/Hub/Editor/2022.3.62f3/PlaybackEngines/WebGLSupport/Managed/UnityEngine.UnityCurlModule.dll --allowed-assembly=/Applications/Unity/Hub/Editor/2022.3.62f3/PlaybackEngines/WebGLSupport/Managed/UnityEngine.UnityTestProtocolModule.dll --allowed-assembly=/Applications/Unity/Hub/Editor/2022.3.62f3/PlaybackEngines/WebGLSupport/Managed/UnityEngine.UnityWebRequestAssetBundleModule.dll --allowed-assembly=/Applications/Unity/Hub/Editor/2022.3.62f3/PlaybackEngines/WebGLSupport/Managed/UnityEngine.UnityWebRequestAudioModule.dll --allowed-assembly=/Applications/Unity/Hub/Editor/2022.3.62f3/PlaybackEngines/WebGLSupport/Managed/UnityEngine.UnityWebRequestModule.dll --allowed-assembly=/Applications/Unity/Hub/Editor/2022.3.62f3/PlaybackEngines/WebGLSupport/Managed/UnityEngine.UnityWebRequestTextureModule.dll --allowed-assembly=/Applications/Unity/Hub/Editor/2022.3.62f3/PlaybackEngines/WebGLSupport/Managed/UnityEngine.UnityWebRequestWWWModule.dll --allowed-assembly=/Applications/Unity/Hub/Editor/2022.3.62f3/PlaybackEngines/WebGLSupport/Managed/UnityEngine.VFXModule.dll --allowed-assembly=/Applications/Unity/Hub/Editor/2022.3.62f3/PlaybackEngines/WebGLSupport/Managed/UnityEngine.VRModule.dll --allowed-assembly=/Applications/Unity/Hub/Editor/2022.3.62f3/PlaybackEngines/WebGLSupport/Managed/UnityEngine.VehiclesModule.dll --allowed-assembly=/Applications/Unity/Hub/Editor/2022.3.62f3/PlaybackEngines/WebGLSupport/Managed/UnityEngine.VideoModule.dll --allowed-assembly=/Applications/Unity/Hub/Editor/2022.3.62f3/PlaybackEngines/WebGLSupport/Managed/UnityEngine.WebGLModule.dll --allowed-assembly=/Applications/Unity/Hub/Editor/2022.3.62f3/PlaybackEngines/WebGLSupport/Managed/UnityEngine.WindModule.dll --allowed-assembly=/Applications/Unity/Hub/Editor/2022.3.62f3/PlaybackEngines/WebGLSupport/Managed/UnityEngine.XRModule.dll --allowed-assembly=/Applications/Unity/Hub/Editor/2022.3.62f3/PlaybackEngines/WebGLSupport/Managed/UnityEngine.dll --allowed-assembly=/Users/chifankung/Desktop/StroopGame-handoff/StroopGame/game/Library/Bee/PlayerScriptAssemblies/Assembly-CSharp.dll --allowed-assembly=/Users/chifankung/Desktop/StroopGame-handoff/StroopGame/game/Library/Bee/PlayerScriptAssemblies/Unity.Services.Core.Internal.dll --allowed-assembly=/Users/chifankung/Desktop/StroopGame-handoff/StroopGame/game/Library/Bee/PlayerScriptAssemblies/Unity.Services.Core.Environments.Internal.dll --allowed-assembly=/Users/chifankung/Desktop/StroopGame-handoff/StroopGame/game/Library/Bee/PlayerScriptAssemblies/Unity.Services.Core.Device.dll --allowed-assembly=/Users/chifankung/Desktop/StroopGame-handoff/StroopGame/game/Library/Bee/PlayerScriptAssemblies/Unity.Services.Core.dll --allowed-assembly=/Users/chifankung/Desktop/StroopGame-handoff/StroopGame/game/Library/Bee/PlayerScriptAssemblies/Unity.Services.Core.Threading.dll --allowed-assembly=/Users/chifankung/Desktop/StroopGame-handoff/StroopGame/game/Library/Bee/PlayerScriptAssemblies/Unity.VisualScripting.Core.dll --allowed-assembly=/Users/chifankung/Desktop/StroopGame-handoff/StroopGame/game/Library/Bee/PlayerScriptAssemblies/Unity.Services.Core.Networking.dll --allowed-assembly=/Users/chifankung/Desktop/StroopGame-handoff/StroopGame/game/Library/Bee/PlayerScriptAssemblies/UnityEngine.UI.dll --allowed-assembly=/Users/chifankung/Desktop/StroopGame-handoff/StroopGame/game/Library/Bee/PlayerScriptAssemblies/Unity.Services.Core.Telemetry.dll --allowed-assembly=/Users/chifankung/Desktop/StroopGame-handoff/StroopGame/game/Library/Bee/PlayerScriptAssemblies/Unity.VisualScripting.Flow.dll --allowed-assembly=/Users/chifankung/Desktop/StroopGame-handoff/StroopGame/game/Library/Bee/PlayerScriptAssemblies/Unity.Timeline.dll --allowed-assembly=/Users/chifankung/Desktop/StroopGame-handoff/StroopGame/game/Library/Bee/PlayerScriptAssemblies/Unity.Services.Core.Components.dll --allowed-assembly=/Users/chifankung/Desktop/StroopGame-handoff/StroopGame/game/Library/Bee/PlayerScriptAssemblies/Unity.Services.Core.Scheduler.dll --allowed-assembly=/Users/chifankung/Desktop/StroopGame-handoff/StroopGame/game/Library/Bee/PlayerScriptAssemblies/Unity.Services.Core.Environments.dll --allowed-assembly=/Users/chifankung/Desktop/StroopGame-handoff/StroopGame/game/Library/Bee/PlayerScriptAssemblies/Unity.Services.Core.Configuration.dll --allowed-assembly=/Users/chifankung/Desktop/StroopGame-handoff/StroopGame/game/Library/Bee/PlayerScriptAssemblies/Unity.TextMeshPro.dll --allowed-assembly=/Users/chifankung/Desktop/StroopGame-handoff/StroopGame/game/Library/Bee/PlayerScriptAssemblies/Unity.Services.Core.Analytics.dll --allowed-assembly=/Users/chifankung/Desktop/StroopGame-handoff/StroopGame/game/Library/Bee/PlayerScriptAssemblies/Unity.Services.Core.Registration.dll --allowed-assembly=/Users/chifankung/Desktop/StroopGame-handoff/StroopGame/game/Library/Bee/PlayerScriptAssemblies/Unity.VisualScripting.State.dll --allowed-assembly=/Users/chifankung/Desktop/StroopGame-handoff/StroopGame/game/Library/PackageCache/com.unity.visualscripting@1.7.6/Runtime/VisualScripting.Flow/Dependencies/NCalc/Unity.VisualScripting.Antlr3.Runtime.dll --allowed-assembly=/Users/chifankung/Desktop/StroopGame-handoff/StroopGame/game/Library/PackageCache/com.unity.nuget.newtonsoft-json@3.2.1/Runtime/AOT/Newtonsoft.Json.dll --allowed-assembly=/Applications/Unity/Hub/Editor/2022.3.62f3/Unity.app/Contents/MonoBleedingEdge/lib/mono/unityaot-linux/Accessibility.dll --allowed-assembly=/Applications/Unity/Hub/Editor/2022.3.62f3/Unity.app/Contents/MonoBleedingEdge/lib/mono/unityaot-linux/Facades/Microsoft.Win32.Primitives.dll --allowed-assembly=/Applications/Unity/Hub/Editor/2022.3.62f3/Unity.app/Contents/MonoBleedingEdge/lib/mono/unityaot-linux/Facades/Microsoft.Win32.Registry.AccessControl.dll --allowed-assembly=/Applications/Unity/Hub/Editor/2022.3.62f3/Unity.app/Contents/MonoBleedingEdge/lib/mono/unityaot-linux/Facades/Microsoft.Win32.Registry.dll --allowed-assembly=/Applications/Unity/Hub/Editor/2022.3.62f3/Unity.app/Contents/MonoBleedingEdge/lib/mono/unityaot-linux/Facades/System.AppContext.dll --allowed-assembly=/Applications/Unity/Hub/Editor/2022.3.62f3/Unity.app/Contents/MonoBleedingEdge/lib/mono/unityaot-linux/Facades/System.Buffers.dll --allowed-assembly=/Applications/Unity/Hub/Editor/2022.3.62f3/Unity.app/Contents/MonoBleedingEdge/lib/mono/unityaot-linux/Facades/System.Collections.Concurrent.dll --allowed-assembly=/Applications/Unity/Hub/Editor/2022.3.62f3/Unity.app/Contents/MonoBleedingEdge/lib/mono/unityaot-linux/Facades/System.Collections.NonGeneric.dll --allowed-assembly=/Applications/Unity/Hub/Editor/2022.3.62f3/Unity.app/Contents/MonoBleedingEdge/lib/mono/unityaot-linux/Facades/System.Collections.Specialized.dll --allowed-assembly=/Applications/Unity/Hub/Editor/2022.3.62f3/Unity.app/Contents/MonoBleedingEdge/lib/mono/unityaot-linux/Facades/System.Collections.dll --allowed-assembly=/Applications/Unity/Hub/Editor/2022.3.62f3/Unity.app/Contents/MonoBleedingEdge/lib/mono/unityaot-linux/Facades/System.ComponentModel.Annotations.dll --allowed-assembly=/Applications/Unity/Hub/Editor/2022.3.62f3/Unity.app/Contents/MonoBleedingEdge/lib/mono/unityaot-linux/Facades/System.ComponentModel.EventBasedAsync.dll --allowed-assembly=/Applications/Unity/Hub/Editor/2022.3.62f3/Unity.app/Contents/MonoBleedingEdge/lib/mono/unityaot-linux/Facades/System.ComponentModel.Primitives.dll --allowed-assembly=/Applications/Unity/Hub/Editor/2022.3.62f3/Unity.app/Contents/MonoBleedingEdge/lib/mono/unityaot-linux/Facades/System.ComponentModel.TypeConverter.dll --allowed-assembly=/Applications/Unity/Hub/Editor/2022.3.62f3/Unity.app/Contents/MonoBleedingEdge/lib/mono/unityaot-linux/Facades/System.ComponentModel.dll --allowed-assembly=/Applications/Unity/Hub/Editor/2022.3.62f3/Unity.app/Contents/MonoBleedingEdge/lib/mono/unityaot-linux/Facades/System.Console.dll --allowed-assembly=/Applications/Unity/Hub/Editor/2022.3.62f3/Unity.app/Contents/MonoBleedingEdge/lib/mono/unityaot-linux/Facades/System.Data.Common.dll --allowed-assembly=/Applications/Unity/Hub/Editor/2022.3.62f3/Unity.app/Contents/MonoBleedingEdge/lib/mono/unityaot-linux/Facades/System.Data.SqlClient.dll --allowed-assembly=/Applications/Unity/Hub/Editor/2022.3.62f3/Unity.app/Contents/MonoBleedingEdge/lib/mono/unityaot-linux/Facades/System.Diagnostics.Contracts.dll --allowed-assembly=/Applications/Unity/Hub/Editor/2022.3.62f3/Unity.app/Contents/MonoBleedingEdge/lib/mono/unityaot-linux/Facades/System.Diagnostics.Debug.dll --allowed-assembly=/Applications/Unity/Hub/Editor/2022.3.62f3/Unity.app/Contents/MonoBleedingEdge/lib/mono/unityaot-linux/Facades/System.Diagnostics.FileVersionInfo.dll --allowed-assembly=/Applications/Unity/Hub/Editor/2022.3.62f3/Unity.app/Contents/MonoBleedingEdge/lib/mono/unityaot-linux/Facades/System.Diagnostics.Process.dll --allowed-assembly=/Applications/Unity/Hub/Editor/2022.3.62f3/Unity.app/Contents/MonoBleedingEdge/lib/mono/unityaot-linux/Facades/System.Diagnostics.StackTrace.dll --allowed-assembly=/Applications/Unity/Hub/Editor/2022.3.62f3/Unity.app/Contents/MonoBleedingEdge/lib/mono/unityaot-linux/Facades/System.Diagnostics.TextWriterTraceListener.dll --allowed-assembly=/Applications/Unity/Hub/Editor/2022.3.62f3/Unity.app/Contents/MonoBleedingEdge/lib/mono/unityaot-linux/Facades/System.Diagnostics.Tools.dll --allowed-assembly=/Applications/Unity/Hub/Editor/2022.3.62f3/Unity.app/Contents/MonoBleedingEdge/lib/mono/unityaot-linux/Facades/System.Diagnostics.TraceEvent.dll --allowed-assembly=/Applications/Unity/Hub/Editor/2022.3.62f3/Unity.app/Contents/MonoBleedingEdge/lib/mono/unityaot-linux/Facades/System.Diagnostics.TraceSource.dll --allowed-assembly=/Applications/Unity/Hub/Editor/2022.3.62f3/Unity.app/Contents/MonoBleedingEdge/lib/mono/unityaot-linux/Facades/System.Diagnostics.Tracing.dll --allowed-assembly=/Applications/Unity/Hub/Editor/2022.3.62f3/Unity.app/Contents/MonoBleedingEdge/lib/mono/unityaot-linux/Facades/System.Drawing.Primitives.dll --allowed-assembly=/Applications/Unity/Hub/Editor/2022.3.62f3/Unity.app/Contents/MonoBleedingEdge/lib/mono/unityaot-linux/Facades/System.Dynamic.Runtime.dll --allowed-assembly=/Applications/Unity/Hub/Editor/2022.3.62f3/Unity.app/Contents/MonoBleedingEdge/lib/mono/unityaot-linux/Facades/System.Globalization.Calendars.dll --allowed-assembly=/Applications/Unity/Hub/Editor/2022.3.62f3/Unity.app/Contents/MonoBleedingEdge/lib/mono/unityaot-linux/Facades/System.Globalization.Extensions.dll --allowed-assembly=/Applications/Unity/Hub/Editor/2022.3.62f3/Unity.app/Contents/MonoBleedingEdge/lib/mono/unityaot-linux/Facades/System.Globalization.dll --allowed-assembly=/Applications/Unity/Hub/Editor/2022.3.62f3/Unity.app/Contents/MonoBleedingEdge/lib/mono/unityaot-linux/Facades/System.IO.Compression.ZipFile.dll --allowed-assembly=/Applications/Unity/Hub/Editor/2022.3.62f3/Unity.app/Contents/MonoBleedingEdge/lib/mono/unityaot-linux/Facades/System.IO.FileSystem.AccessControl.dll --allowed-assembly=/Applications/Unity/Hub/Editor/2022.3.62f3/Unity.app/Contents/MonoBleedingEdge/lib/mono/unityaot-linux/Facades/System.IO.FileSystem.DriveInfo.dll --allowed-assembly=/Applications/Unity/Hub/Editor/2022.3.62f3/Unity.app/Contents/MonoBleedingEdge/lib/mono/unityaot-linux/Facades/System.IO.FileSystem.Primitives.dll --allowed-assembly=/Applications/Unity/Hub/Editor/2022.3.62f3/Unity.app/Contents/MonoBleedingEdge/lib/mono/unityaot-linux/Facades/System.IO.FileSystem.Watcher.dll --allowed-assembly=/Applications/Unity/Hub/Editor/2022.3.62f3/Unity.app/Contents/MonoBleedingEdge/lib/mono/unityaot-linux/Facades/System.IO.FileSystem.dll --allowed-assembly=/Applications/Unity/Hub/Editor/2022.3.62f3/Unity.app/Contents/MonoBleedingEdge/lib/mono/unityaot-linux/Facades/System.IO.IsolatedStorage.dll --allowed-assembly=/Applications/Unity/Hub/Editor/2022.3.62f3/Unity.app/Contents/MonoBleedingEdge/lib/mono/unityaot-linux/Facades/System.IO.MemoryMappedFiles.dll --allowed-assembly=/Applications/Unity/Hub/Editor/2022.3.62f3/Unity.app/Contents/MonoBleedingEdge/lib/mono/unityaot-linux/Facades/System.IO.Pipes.dll --allowed-assembly=/Applications/Unity/Hub/Editor/2022.3.62f3/Unity.app/Contents/MonoBleedingEdge/lib/mono/unityaot-linux/Facades/System.IO.UnmanagedMemoryStream.dll --allowed-assembly=/Applications/Unity/Hub/Editor/2022.3.62f3/Unity.app/Contents/MonoBleedingEdge/lib/mono/unityaot-linux/Facades/System.IO.dll --allowed-assembly=/Applications/Unity/Hub/Editor/2022.3.62f3/Unity.app/Contents/MonoBleedingEdge/lib/mono/unityaot-linux/Facades/System.Linq.Expressions.dll --allowed-assembly=/Applications/Unity/Hub/Editor/2022.3.62f3/Unity.app/Contents/MonoBleedingEdge/lib/mono/unityaot-linux/Facades/System.Linq.Parallel.dll --allowed-assembly=/Applications/Unity/Hub/Editor/2022.3.62f3/Unity.app/Contents/MonoBleedingEdge/lib/mono/unityaot-linux/Facades/System.Linq.Queryable.dll --allowed-assembly=/Applications/Unity/Hub/Editor/2022.3.62f3/Unity.app/Contents/MonoBleedingEdge/lib/mono/unityaot-linux/Facades/System.Linq.dll --allowed-assembly=/Applications/Unity/Hub/Editor/2022.3.62f3/Unity.app/Contents/MonoBleedingEdge/lib/mono/unityaot-linux/Facades/System.Memory.dll --allowed-assembly=/Applications/Unity/Hub/Editor/2022.3.62f3/Unity.app/Contents/MonoBleedingEdge/lib/mono/unityaot-linux/Facades/System.Net.AuthenticationManager.dll --allowed-assembly=/Applications/Unity/Hub/Editor/2022.3.62f3/Unity.app/Contents/MonoBleedingEdge/lib/mono/unityaot-linux/Facades/System.Net.Cache.dll --allowed-assembly=/Applications/Unity/Hub/Editor/2022.3.62f3/Unity.app/Contents/MonoBleedingEdge/lib/mono/unityaot-linux/Facades/System.Net.HttpListener.dll --allowed-assembly=/Applications/Unity/Hub/Editor/2022.3.62f3/Unity.app/Contents/MonoBleedingEdge/lib/mono/unityaot-linux/Facades/System.Net.Mail.dll --allowed-assembly=/Applications/Unity/Hub/Editor/2022.3.62f3/Unity.app/Contents/MonoBleedingEdge/lib/mono/unityaot-linux/Facades/System.Net.NameResolution.dll --allowed-assembly=/Applications/Unity/Hub/Editor/2022.3.62f3/Unity.app/Contents/MonoBleedingEdge/lib/mono/unityaot-linux/Facades/System.Net.NetworkInformation.dll --allowed-assembly=/Applications/Unity/Hub/Editor/2022.3.62f3/Unity.app/Contents/MonoBleedingEdge/lib/mono/unityaot-linux/Facades/System.Net.Ping.dll --allowed-assembly=/Applications/Unity/Hub/Editor/2022.3.62f3/Unity.app/Contents/MonoBleedingEdge/lib/mono/unityaot-linux/Facades/System.Net.Primitives.dll --allowed-assembly=/Applications/Unity/Hub/Editor/2022.3.62f3/Unity.app/Contents/MonoBleedingEdge/lib/mono/unityaot-linux/Facades/System.Net.Requests.dll --allowed-assembly=/Applications/Unity/Hub/Editor/2022.3.62f3/Unity.app/Contents/MonoBleedingEdge/lib/mono/unityaot-linux/Facades/System.Net.Security.dll --allowed-assembly=/Applications/Unity/Hub/Editor/2022.3.62f3/Unity.app/Contents/MonoBleedingEdge/lib/mono/unityaot-linux/Facades/System.Net.ServicePoint.dll --allowed-assembly=/Applications/Unity/Hub/Editor/2022.3.62f3/Unity.app/Contents/MonoBleedingEdge/lib/mono/unityaot-linux/Facades/System.Net.Sockets.dll --allowed-assembly=/Applications/Unity/Hub/Editor/2022.3.62f3/Unity.app/Contents/MonoBleedingEdge/lib/mono/unityaot-linux/Facades/System.Net.Utilities.dll --allowed-assembly=/Applications/Unity/Hub/Editor/2022.3.62f3/Unity.app/Contents/MonoBleedingEdge/lib/mono/unityaot-linux/Facades/System.Net.WebHeaderCollection.dll --allowed-assembly=/Applications/Unity/Hub/Editor/2022.3.62f3/Unity.app/Contents/MonoBleedingEdge/lib/mono/unityaot-linux/Facades/System.Net.WebSockets.Client.dll --allowed-assembly=/Applications/Unity/Hub/Editor/2022.3.62f3/Unity.app/Contents/MonoBleedingEdge/lib/mono/unityaot-linux/Facades/System.Net.WebSockets.dll --allowed-assembly=/Applications/Unity/Hub/Editor/2022.3.62f3/Unity.app/Contents/MonoBleedingEdge/lib/mono/unityaot-linux/Facades/System.ObjectModel.dll --allowed-assembly=/Applications/Unity/Hub/Editor/2022.3.62f3/Unity.app/Contents/MonoBleedingEdge/lib/mono/unityaot-linux/Facades/System.Reflection.DispatchProxy.dll --allowed-assembly=/Applications/Unity/Hub/Editor/2022.3.62f3/Unity.app/Contents/MonoBleedingEdge/lib/mono/unityaot-linux/Facades/System.Reflection.Emit.ILGeneration.dll --allowed-assembly=/Applications/Unity/Hub/Editor/2022.3.62f3/Unity.app/Contents/MonoBleedingEdge/lib/mono/unityaot-linux/Facades/System.Reflection.Emit.Lightweight.dll --allowed-assembly=/Applications/Unity/Hub/Editor/2022.3.62f3/Unity.app/Contents/MonoBleedingEdge/lib/mono/unityaot-linux/Facades/System.Reflection.Emit.dll --allowed-assembly=/Applications/Unity/Hub/Editor/2022.3.62f3/Unity.app/Contents/MonoBleedingEdge/lib/mono/unityaot-linux/Facades/System.Reflection.Extensions.dll --allowed-assembly=/Applications/Unity/Hub/Editor/2022.3.62f3/Unity.app/Contents/MonoBleedingEdge/lib/mono/unityaot-linux/Facades/System.Reflection.Primitives.dll --allowed-assembly=/Applications/Unity/Hub/Editor/2022.3.62f3/Unity.app/Contents/MonoBleedingEdge/lib/mono/unityaot-linux/Facades/System.Reflection.TypeExtensions.dll --allowed-assembly=/Applications/Unity/Hub/Editor/2022.3.62f3/Unity.app/Contents/MonoBleedingEdge/lib/mono/unityaot-linux/Facades/System.Reflection.dll --allowed-assembly=/Applications/Unity/Hub/Editor/2022.3.62f3/Unity.app/Contents/MonoBleedingEdge/lib/mono/unityaot-linux/Facades/System.Resources.Reader.dll --allowed-assembly=/Applications/Unity/Hub/Editor/2022.3.62f3/Unity.app/Contents/MonoBleedingEdge/lib/mono/unityaot-linux/Facades/System.Resources.ReaderWriter.dll --allowed-assembly=/Applications/Unity/Hub/Editor/2022.3.62f3/Unity.app/Contents/MonoBleedingEdge/lib/mono/unityaot-linux/Facades/System.Resources.ResourceManager.dll --allowed-assembly=/Applications/Unity/Hub/Editor/2022.3.62f3/Unity.app/Contents/MonoBleedingEdge/lib/mono/unityaot-linux/Facades/System.Resources.Writer.dll --allowed-assembly=/Applications/Unity/Hub/Editor/2022.3.62f3/Unity.app/Contents/MonoBleedingEdge/lib/mono/unityaot-linux/Facades/System.Runtime.CompilerServices.VisualC.dll --allowed-assembly=/Applications/Unity/Hub/Editor/2022.3.62f3/Unity.app/Contents/MonoBleedingEdge/lib/mono/unityaot-linux/Facades/System.Runtime.Extensions.dll --allowed-assembly=/Applications/Unity/Hub/Editor/2022.3.62f3/Unity.app/Contents/MonoBleedingEdge/lib/mono/unityaot-linux/Facades/System.Runtime.Handles.dll --allowed-assembly=/Applications/Unity/Hub/Editor/2022.3.62f3/Unity.app/Contents/MonoBleedingEdge/lib/mono/unityaot-linux/Facades/System.Runtime.InteropServices.RuntimeInformation.dll --allowed-assembly=/Applications/Unity/Hub/Editor/2022.3.62f3/Unity.app/Contents/MonoBleedingEdge/lib/mono/unityaot-linux/Facades/System.Runtime.InteropServices.WindowsRuntime.dll --allowed-assembly=/Applications/Unity/Hub/Editor/2022.3.62f3/Unity.app/Contents/MonoBleedingEdge/lib/mono/unityaot-linux/Facades/System.Runtime.InteropServices.dll --allowed-assembly=/Applications/Unity/Hub/Editor/2022.3.62f3/Unity.app/Contents/MonoBleedingEdge/lib/mono/unityaot-linux/Facades/System.Runtime.Loader.dll --allowed-assembly=/Applications/Unity/Hub/Editor/2022.3.62f3/Unity.app/Contents/MonoBleedingEdge/lib/mono/unityaot-linux/Facades/System.Runtime.Numerics.dll --allowed-assembly=/Applications/Unity/Hub/Editor/2022.3.62f3/Unity.app/Contents/MonoBleedingEdge/lib/mono/unityaot-linux/Facades/System.Runtime.Serialization.Formatters.dll --allowed-assembly=/Applications/Unity/Hub/Editor/2022.3.62f3/Unity.app/Contents/MonoBleedingEdge/lib/mono/unityaot-linux/Facades/System.Runtime.Serialization.Json.dll --allowed-assembly=/Applications/Unity/Hub/Editor/2022.3.62f3/Unity.app/Contents/MonoBleedingEdge/lib/mono/unityaot-linux/Facades/System.Runtime.Serialization.Primitives.dll --allowed-assembly=/Applications/Unity/Hub/Editor/2022.3.62f3/Unity.app/Contents/MonoBleedingEdge/lib/mono/unityaot-linux/Facades/System.Runtime.Serialization.Xml.dll --allowed-assembly=/Applications/Unity/Hub/Editor/2022.3.62f3/Unity.app/Contents/MonoBleedingEdge/lib/mono/unityaot-linux/Facades/System.Runtime.dll --allowed-assembly=/Applications/Unity/Hub/Editor/2022.3.62f3/Unity.app/Contents/MonoBleedingEdge/lib/mono/unityaot-linux/Facades/System.Security.AccessControl.dll --allowed-assembly=/Applications/Unity/Hub/Editor/2022.3.62f3/Unity.app/Contents/MonoBleedingEdge/lib/mono/unityaot-linux/Facades/System.Security.Claims.dll --allowed-assembly=/Applications/Unity/Hub/Editor/2022.3.62f3/Unity.app/Contents/MonoBleedingEdge/lib/mono/unityaot-linux/Facades/System.Security.Cryptography.Algorithms.dll --allowed-assembly=/Applications/Unity/Hub/Editor/2022.3.62f3/Unity.app/Contents/MonoBleedingEdge/lib/mono/unityaot-linux/Facades/System.Security.Cryptography.Cng.dll --allowed-assembly=/Applications/Unity/Hub/Editor/2022.3.62f3/Unity.app/Contents/MonoBleedingEdge/lib/mono/unityaot-linux/Facades/System.Security.Cryptography.Csp.dll --allowed-assembly=/Applications/Unity/Hub/Editor/2022.3.62f3/Unity.app/Contents/MonoBleedingEdge/lib/mono/unityaot-linux/Facades/System.Security.Cryptography.DeriveBytes.dll --allowed-assembly=/Applications/Unity/Hub/Editor/2022.3.62f3/Unity.app/Contents/MonoBleedingEdge/lib/mono/unityaot-linux/Facades/System.Security.Cryptography.Encoding.dll --allowed-assembly=/Applications/Unity/Hub/Editor/2022.3.62f3/Unity.app/Contents/MonoBleedingEdge/lib/mono/unityaot-linux/Facades/System.Security.Cryptography.Encryption.Aes.dll --allowed-assembly=/Applications/Unity/Hub/Editor/2022.3.62f3/Unity.app/Contents/MonoBleedingEdge/lib/mono/unityaot-linux/Facades/System.Security.Cryptography.Encryption.ECDiffieHellman.dll --allowed-assembly=/Applications/Unity/Hub/Editor/2022.3.62f3/Unity.app/Contents/MonoBleedingEdge/lib/mono/unityaot-linux/Facades/System.Security.Cryptography.Encryption.ECDsa.dll --allowed-assembly=/Applications/Unity/Hub/Editor/2022.3.62f3/Unity.app/Contents/MonoBleedingEdge/lib/mono/unityaot-linux/Facades/System.Security.Cryptography.Encryption.dll --allowed-assembly=/Applications/Unity/Hub/Editor/2022.3.62f3/Unity.app/Contents/MonoBleedingEdge/lib/mono/unityaot-linux/Facades/System.Security.Cryptography.Hashing.Algorithms.dll --allowed-assembly=/Applications/Unity/Hub/Editor/2022.3.62f3/Unity.app/Contents/MonoBleedingEdge/lib/mono/unityaot-linux/Facades/System.Security.Cryptography.Hashing.dll --allowed-assembly=/Applications/Unity/Hub/Editor/2022.3.62f3/Unity.app/Contents/MonoBleedingEdge/lib/mono/unityaot-linux/Facades/System.Security.Cryptography.OpenSsl.dll --allowed-assembly=/Applications/Unity/Hub/Editor/2022.3.62f3/Unity.app/Contents/MonoBleedingEdge/lib/mono/unityaot-linux/Facades/System.Security.Cryptography.Pkcs.dll --allowed-assembly=/Applications/Unity/Hub/Editor/2022.3.62f3/Unity.app/Contents/MonoBleedingEdge/lib/mono/unityaot-linux/Facades/System.Security.Cryptography.Primitives.dll --allowed-assembly=/Applications/Unity/Hub/Editor/2022.3.62f3/Unity.app/Contents/MonoBleedingEdge/lib/mono/unityaot-linux/Facades/System.Security.Cryptography.ProtectedData.dll --allowed-assembly=/Applications/Unity/Hub/Editor/2022.3.62f3/Unity.app/Contents/MonoBleedingEdge/lib/mono/unityaot-linux/Facades/System.Security.Cryptography.RSA.dll --allowed-assembly=/Applications/Unity/Hub/Editor/2022.3.62f3/Unity.app/Contents/MonoBleedingEdge/lib/mono/unityaot-linux/Facades/System.Security.Cryptography.RandomNumberGenerator.dll --allowed-assembly=/Applications/Unity/Hub/Editor/2022.3.62f3/Unity.app/Contents/MonoBleedingEdge/lib/mono/unityaot-linux/Facades/System.Security.Cryptography.X509Certificates.dll --allowed-assembly=/Applications/Unity/Hub/Editor/2022.3.62f3/Unity.app/Contents/MonoBleedingEdge/lib/mono/unityaot-linux/Facades/System.Security.Principal.Windows.dll --allowed-assembly=/Applications/Unity/Hub/Editor/2022.3.62f3/Unity.app/Contents/MonoBleedingEdge/lib/mono/unityaot-linux/Facades/System.Security.Principal.dll --allowed-assembly=/Applications/Unity/Hub/Editor/2022.3.62f3/Unity.app/Contents/MonoBleedingEdge/lib/mono/unityaot-linux/Facades/System.Security.SecureString.dll --allowed-assembly=/Applications/Unity/Hub/Editor/2022.3.62f3/Unity.app/Contents/MonoBleedingEdge/lib/mono/unityaot-linux/Facades/System.ServiceModel.Duplex.dll --allowed-assembly=/Applications/Unity/Hub/Editor/2022.3.62f3/Unity.app/Contents/MonoBleedingEdge/lib/mono/unityaot-linux/Facades/System.ServiceModel.Http.dll --allowed-assembly=/Applications/Unity/Hub/Editor/2022.3.62f3/Unity.app/Contents/MonoBleedingEdge/lib/mono/unityaot-linux/Facades/System.ServiceModel.NetTcp.dll --allowed-assembly=/Applications/Unity/Hub/Editor/2022.3.62f3/Unity.app/Contents/MonoBleedingEdge/lib/mono/unityaot-linux/Facades/System.ServiceModel.Primitives.dll --allowed-assembly=/Applications/Unity/Hub/Editor/2022.3.62f3/Unity.app/Contents/MonoBleedingEdge/lib/mono/unityaot-linux/Facades/System.ServiceModel.Security.dll --allowed-assembly=/Applications/Unity/Hub/Editor/2022.3.62f3/Unity.app/Contents/MonoBleedingEdge/lib/mono/unityaot-linux/Facades/System.ServiceProcess.ServiceController.dll --allowed-assembly=/Applications/Unity/Hub/Editor/2022.3.62f3/Unity.app/Contents/MonoBleedingEdge/lib/mono/unityaot-linux/Facades/System.Text.Encoding.CodePages.dll --allowed-assembly=/Applications/Unity/Hub/Editor/2022.3.62f3/Unity.app/Contents/MonoBleedingEdge/lib/mono/unityaot-linux/Facades/System.Text.Encoding.Extensions.dll --allowed-assembly=/Applications/Unity/Hub/Editor/2022.3.62f3/Unity.app/Contents/MonoBleedingEdge/lib/mono/unityaot-linux/Facades/System.Text.Encoding.dll --allowed-assembly=/Applications/Unity/Hub/Editor/2022.3.62f3/Unity.app/Contents/MonoBleedingEdge/lib/mono/unityaot-linux/Facades/System.Text.RegularExpressions.dll --allowed-assembly=/Applications/Unity/Hub/Editor/2022.3.62f3/Unity.app/Contents/MonoBleedingEdge/lib/mono/unityaot-linux/Facades/System.Threading.AccessControl.dll --allowed-assembly=/Applications/Unity/Hub/Editor/2022.3.62f3/Unity.app/Contents/MonoBleedingEdge/lib/mono/unityaot-linux/Facades/System.Threading.Overlapped.dll --allowed-assembly=/Applications/Unity/Hub/Editor/2022.3.62f3/Unity.app/Contents/MonoBleedingEdge/lib/mono/unityaot-linux/Facades/System.Threading.Tasks.Extensions.dll --allowed-assembly=/Applications/Unity/Hub/Editor/2022.3.62f3/Unity.app/Contents/MonoBleedingEdge/lib/mono/unityaot-linux/Facades/System.Threading.Tasks.Parallel.dll --allowed-assembly=/Applications/Unity/Hub/Editor/2022.3.62f3/Unity.app/Contents/MonoBleedingEdge/lib/mono/unityaot-linux/Facades/System.Threading.Tasks.dll --allowed-assembly=/Applications/Unity/Hub/Editor/2022.3.62f3/Unity.app/Contents/MonoBleedingEdge/lib/mono/unityaot-linux/Facades/System.Threading.Thread.dll --allowed-assembly=/Applications/Unity/Hub/Editor/2022.3.62f3/Unity.app/Contents/MonoBleedingEdge/lib/mono/unityaot-linux/Facades/System.Threading.ThreadPool.dll --allowed-assembly=/Applications/Unity/Hub/Editor/2022.3.62f3/Unity.app/Contents/MonoBleedingEdge/lib/mono/unityaot-linux/Facades/System.Threading.Timer.dll --allowed-assembly=/Applications/Unity/Hub/Editor/2022.3.62f3/Unity.app/Contents/MonoBleedingEdge/lib/mono/unityaot-linux/Facades/System.Threading.dll --allowed-assembly=/Applications/Unity/Hub/Editor/2022.3.62f3/Unity.app/Contents/MonoBleedingEdge/lib/mono/unityaot-linux/Facades/System.ValueTuple.dll --allowed-assembly=/Applications/Unity/Hub/Editor/2022.3.62f3/Unity.app/Contents/MonoBleedingEdge/lib/mono/unityaot-linux/Facades/System.Xml.ReaderWriter.dll --allowed-assembly=/Applications/Unity/Hub/Editor/2022.3.62f3/Unity.app/Contents/MonoBleedingEdge/lib/mono/unityaot-linux/Facades/System.Xml.XDocument.dll --allowed-assembly=/Applications/Unity/Hub/Editor/2022.3.62f3/Unity.app/Contents/MonoBleedingEdge/lib/mono/unityaot-linux/Facades/System.Xml.XPath.XDocument.dll --allowed-assembly=/Applications/Unity/Hub/Editor/2022.3.62f3/Unity.app/Contents/MonoBleedingEdge/lib/mono/unityaot-linux/Facades/System.Xml.XPath.XmlDocument.dll --allowed-assembly=/Applications/Unity/Hub/Editor/2022.3.62f3/Unity.app/Contents/MonoBleedingEdge/lib/mono/unityaot-linux/Facades/System.Xml.XPath.dll --allowed-assembly=/Applications/Unity/Hub/Editor/2022.3.62f3/Unity.app/Contents/MonoBleedingEdge/lib/mono/unityaot-linux/Facades/System.Xml.XmlDocument.dll --allowed-assembly=/Applications/Unity/Hub/Editor/2022.3.62f3/Unity.app/Contents/MonoBleedingEdge/lib/mono/unityaot-linux/Facades/System.Xml.XmlSerializer.dll --allowed-assembly=/Applications/Unity/Hub/Editor/2022.3.62f3/Unity.app/Contents/MonoBleedingEdge/lib/mono/unityaot-linux/Facades/System.Xml.Xsl.Primitives.dll --allowed-assembly=/Applications/Unity/Hub/Editor/2022.3.62f3/Unity.app/Contents/MonoBleedingEdge/lib/mono/unityaot-linux/Facades/netstandard.dll --allowed-assembly=/Applications/Unity/Hub/Editor/2022.3.62f3/Unity.app/Contents/MonoBleedingEdge/lib/mono/unityaot-linux/Microsoft.CSharp.dll --allowed-assembly=/Applications/Unity/Hub/Editor/2022.3.62f3/Unity.app/Contents/MonoBleedingEdge/lib/mono/unityaot-linux/Mono.Data.Sqlite.dll --allowed-assembly=/Applications/Unity/Hub/Editor/2022.3.62f3/Unity.app/Contents/MonoBleedingEdge/lib/mono/unityaot-linux/Mono.Data.Tds.dll --allowed-assembly=/Applications/Unity/Hub/Editor/2022.3.62f3/Unity.app/Contents/MonoBleedingEdge/lib/mono/unityaot-linux/Mono.Security.dll --allowed-assembly=/Applications/Unity/Hub/Editor/2022.3.62f3/Unity.app/Contents/MonoBleedingEdge/lib/mono/unityaot-linux/System.ComponentModel.Composition.dll --allowed-assembly=/Applications/Unity/Hub/Editor/2022.3.62f3/Unity.app/Contents/MonoBleedingEdge/lib/mono/unityaot-linux/System.ComponentModel.DataAnnotations.dll --allowed-assembly=/Applications/Unity/Hub/Editor/2022.3.62f3/Unity.app/Contents/MonoBleedingEdge/lib/mono/unityaot-linux/System.Configuration.Install.dll --allowed-assembly=/Applications/Unity/Hub/Editor/2022.3.62f3/Unity.app/Contents/MonoBleedingEdge/lib/mono/unityaot-linux/System.Configuration.dll --allowed-assembly=/Applications/Unity/Hub/Editor/2022.3.62f3/Unity.app/Contents/MonoBleedingEdge/lib/mono/unityaot-linux/System.Core.dll --allowed-assembly=/Applications/Unity/Hub/Editor/2022.3.62f3/Unity.app/Contents/MonoBleedingEdge/lib/mono/unityaot-linux/System.Data.DataSetExtensions.dll --allowed-assembly=/Applications/Unity/Hub/Editor/2022.3.62f3/Unity.app/Contents/MonoBleedingEdge/lib/mono/unityaot-linux/System.Data.Entity.dll --allowed-assembly=/Applications/Unity/Hub/Editor/2022.3.62f3/Unity.app/Contents/MonoBleedingEdge/lib/mono/unityaot-linux/System.Data.Linq.dll --allowed-assembly=/Applications/Unity/Hub/Editor/2022.3.62f3/Unity.app/Contents/MonoBleedingEdge/lib/mono/unityaot-linux/System.Data.OracleClient.dll --allowed-assembly=/Applications/Unity/Hub/Editor/2022.3.62f3/Unity.app/Contents/MonoBleedingEdge/lib/mono/unityaot-linux/System.Data.Services.Client.dll --allowed-assembly=/Applications/Unity/Hub/Editor/2022.3.62f3/Unity.app/Contents/MonoBleedingEdge/lib/mono/unityaot-linux/System.Data.Services.dll --allowed-assembly=/Applications/Unity/Hub/Editor/2022.3.62f3/Unity.app/Contents/MonoBleedingEdge/lib/mono/unityaot-linux/System.Data.dll --allowed-assembly=/Applications/Unity/Hub/Editor/2022.3.62f3/Unity.app/Contents/MonoBleedingEdge/lib/mono/unityaot-linux/System.Design.dll --allowed-assembly=/Applications/Unity/Hub/Editor/2022.3.62f3/Unity.app/Contents/MonoBleedingEdge/lib/mono/unityaot-linux/System.DirectoryServices.Protocols.dll --allowed-assembly=/Applications/Unity/Hub/Editor/2022.3.62f3/Unity.app/Contents/MonoBleedingEdge/lib/mono/unityaot-linux/System.DirectoryServices.dll --allowed-assembly=/Applications/Unity/Hub/Editor/2022.3.62f3/Unity.app/Contents/MonoBleedingEdge/lib/mono/unityaot-linux/System.Drawing.Design.dll --allowed-assembly=/Applications/Unity/Hub/Editor/2022.3.62f3/Unity.app/Contents/MonoBleedingEdge/lib/mono/unityaot-linux/System.Drawing.dll --allowed-assembly=/Applications/Unity/Hub/Editor/2022.3.62f3/Unity.app/Contents/MonoBleedingEdge/lib/mono/unityaot-linux/System.EnterpriseServices.dll --allowed-assembly=/Applications/Unity/Hub/Editor/2022.3.62f3/Unity.app/Contents/MonoBleedingEdge/lib/mono/unityaot-linux/System.IO.Compression.FileSystem.dll --allowed-assembly=/Applications/Unity/Hub/Editor/2022.3.62f3/Unity.app/Contents/MonoBleedingEdge/lib/mono/unityaot-linux/System.IO.Compression.dll --allowed-assembly=/Applications/Unity/Hub/Editor/2022.3.62f3/Unity.app/Contents/MonoBleedingEdge/lib/mono/unityaot-linux/System.IdentityModel.Selectors.dll --allowed-assembly=/Applications/Unity/Hub/Editor/2022.3.62f3/Unity.app/Contents/MonoBleedingEdge/lib/mono/unityaot-linux/System.IdentityModel.dll --allowed-assembly=/Applications/Unity/Hub/Editor/2022.3.62f3/Unity.app/Contents/MonoBleedingEdge/lib/mono/unityaot-linux/System.Json.dll --allowed-assembly=/Applications/Unity/Hub/Editor/2022.3.62f3/Unity.app/Contents/MonoBleedingEdge/lib/mono/unityaot-linux/System.Management.dll --allowed-assembly=/Applications/Unity/Hub/Editor/2022.3.62f3/Unity.app/Contents/MonoBleedingEdge/lib/mono/unityaot-linux/System.Messaging.dll --allowed-assembly=/Applications/Unity/Hub/Editor/2022.3.62f3/Unity.app/Contents/MonoBleedingEdge/lib/mono/unityaot-linux/System.Net.Http.WebRequest.dll --allowed-assembly=/Applications/Unity/Hub/Editor/2022.3.62f3/Unity.app/Contents/MonoBleedingEdge/lib/mono/unityaot-linux/System.Net.Http.dll --allowed-assembly=/Applications/Unity/Hub/Editor/2022.3.62f3/Unity.app/Contents/MonoBleedingEdge/lib/mono/unityaot-linux/System.Net.dll --allowed-assembly=/Applications/Unity/Hub/Editor/2022.3.62f3/Unity.app/Contents/MonoBleedingEdge/lib/mono/unityaot-linux/System.Numerics.Vectors.dll --allowed-assembly=/Applications/Unity/Hub/Editor/2022.3.62f3/Unity.app/Contents/MonoBleedingEdge/lib/mono/unityaot-linux/System.Numerics.dll --allowed-assembly=/Applications/Unity/Hub/Editor/2022.3.62f3/Unity.app/Contents/MonoBleedingEdge/lib/mono/unityaot-linux/System.Reflection.Context.dll --allowed-assembly=/Applications/Unity/Hub/Editor/2022.3.62f3/Unity.app/Contents/MonoBleedingEdge/lib/mono/unityaot-linux/System.Runtime.Caching.dll --allowed-assembly=/Applications/Unity/Hub/Editor/2022.3.62f3/Unity.app/Contents/MonoBleedingEdge/lib/mono/unityaot-linux/System.Runtime.DurableInstancing.dll --allowed-assembly=/Applications/Unity/Hub/Editor/2022.3.62f3/Unity.app/Contents/MonoBleedingEdge/lib/mono/unityaot-linux/System.Runtime.Remoting.dll --allowed-assembly=/Applications/Unity/Hub/Editor/2022.3.62f3/Unity.app/Contents/MonoBleedingEdge/lib/mono/unityaot-linux/System.Runtime.Serialization.Formatters.Soap.dll --allowed-assembly=/Applications/Unity/Hub/Editor/2022.3.62f3/Unity.app/Contents/MonoBleedingEdge/lib/mono/unityaot-linux/System.Runtime.Serialization.dll --allowed-assembly=/Applications/Unity/Hub/Editor/2022.3.62f3/Unity.app/Contents/MonoBleedingEdge/lib/mono/unityaot-linux/System.Security.dll --allowed-assembly=/Applications/Unity/Hub/Editor/2022.3.62f3/Unity.app/Contents/MonoBleedingEdge/lib/mono/unityaot-linux/System.ServiceModel.Activation.dll --allowed-assembly=/Applications/Unity/Hub/Editor/2022.3.62f3/Unity.app/Contents/MonoBleedingEdge/lib/mono/unityaot-linux/System.ServiceModel.Discovery.dll --allowed-assembly=/Applications/Unity/Hub/Editor/2022.3.62f3/Unity.app/Contents/MonoBleedingEdge/lib/mono/unityaot-linux/System.ServiceModel.Internals.dll --allowed-assembly=/Applications/Unity/Hub/Editor/2022.3.62f3/Unity.app/Contents/MonoBleedingEdge/lib/mono/unityaot-linux/System.ServiceModel.Routing.dll --allowed-assembly=/Applications/Unity/Hub/Editor/2022.3.62f3/Unity.app/Contents/MonoBleedingEdge/lib/mono/unityaot-linux/System.ServiceModel.Web.dll --allowed-assembly=/Applications/Unity/Hub/Editor/2022.3.62f3/Unity.app/Contents/MonoBleedingEdge/lib/mono/unityaot-linux/System.ServiceModel.dll --allowed-assembly=/Applications/Unity/Hub/Editor/2022.3.62f3/Unity.app/Contents/MonoBleedingEdge/lib/mono/unityaot-linux/System.ServiceProcess.dll --allowed-assembly=/Applications/Unity/Hub/Editor/2022.3.62f3/Unity.app/Contents/MonoBleedingEdge/lib/mono/unityaot-linux/System.Transactions.dll --allowed-assembly=/Applications/Unity/Hub/Editor/2022.3.62f3/Unity.app/Contents/MonoBleedingEdge/lib/mono/unityaot-linux/System.Web.ApplicationServices.dll --allowed-assembly=/Applications/Unity/Hub/Editor/2022.3.62f3/Unity.app/Contents/MonoBleedingEdge/lib/mono/unityaot-linux/System.Web.DynamicData.dll --allowed-assembly=/Applications/Unity/Hub/Editor/2022.3.62f3/Unity.app/Contents/MonoBleedingEdge/lib/mono/unityaot-linux/System.Web.Extensions.Design.dll --allowed-assembly=/Applications/Unity/Hub/Editor/2022.3.62f3/Unity.app/Contents/MonoBleedingEdge/lib/mono/unityaot-linux/System.Web.Extensions.dll --allowed-assembly=/Applications/Unity/Hub/Editor/2022.3.62f3/Unity.app/Contents/MonoBleedingEdge/lib/mono/unityaot-linux/System.Web.RegularExpressions.dll --allowed-assembly=/Applications/Unity/Hub/Editor/2022.3.62f3/Unity.app/Contents/MonoBleedingEdge/lib/mono/unityaot-linux/System.Web.Services.dll --allowed-assembly=/Applications/Unity/Hub/Editor/2022.3.62f3/Unity.app/Contents/MonoBleedingEdge/lib/mono/unityaot-linux/System.Web.dll --allowed-assembly=/Applications/Unity/Hub/Editor/2022.3.62f3/Unity.app/Contents/MonoBleedingEdge/lib/mono/unityaot-linux/System.Windows.Forms.DataVisualization.dll --allowed-assembly=/Applications/Unity/Hub/Editor/2022.3.62f3/Unity.app/Contents/MonoBleedingEdge/lib/mono/unityaot-linux/System.Windows.Forms.dll --allowed-assembly=/Applications/Unity/Hub/Editor/2022.3.62f3/Unity.app/Contents/MonoBleedingEdge/lib/mono/unityaot-linux/System.Windows.dll --allowed-assembly=/Applications/Unity/Hub/Editor/2022.3.62f3/Unity.app/Contents/MonoBleedingEdge/lib/mono/unityaot-linux/System.Xaml.dll --allowed-assembly=/Applications/Unity/Hub/Editor/2022.3.62f3/Unity.app/Contents/MonoBleedingEdge/lib/mono/unityaot-linux/System.Xml.Linq.dll --allowed-assembly=/Applications/Unity/Hub/Editor/2022.3.62f3/Unity.app/Contents/MonoBleedingEdge/lib/mono/unityaot-linux/System.Xml.Serialization.dll --allowed-assembly=/Applications/Unity/Hub/Editor/2022.3.62f3/Unity.app/Contents/MonoBleedingEdge/lib/mono/unityaot-linux/System.Xml.dll --allowed-assembly=/Applications/Unity/Hub/Editor/2022.3.62f3/Unity.app/Contents/MonoBleedingEdge/lib/mono/unityaot-linux/System.dll --allowed-assembly=/Applications/Unity/Hub/Editor/2022.3.62f3/Unity.app/Contents/MonoBleedingEdge/lib/mono/unityaot-linux/mscorlib.dll --out=Library/Bee/artifacts/WebGL/ManagedStripped --include-link-xml=/Users/chifankung/Desktop/StroopGame-handoff/StroopGame/game/Temp/StagingArea/Data/Managed/TypesInScenes.xml --include-link-xml=/Users/chifankung/Desktop/StroopGame-handoff/StroopGame/game/Temp/StagingArea/Data/Managed/SerializedTypes.xml --include-directory=/Users/chifankung/Desktop/StroopGame-handoff/StroopGame/game/Library/Bee/PlayerScriptAssemblies --include-directory=/Applications/Unity/Hub/Editor/2022.3.62f3/PlaybackEngines/WebGLSupport/Managed --include-directory=/Users/chifankung/Desktop/StroopGame-handoff/StroopGame/game/Library/PackageCache/com.unity.visualscripting@1.7.6/Runtime/VisualScripting.Flow/Dependencies/NCalc --include-directory=/Users/chifankung/Desktop/StroopGame-handoff/StroopGame/game/Library/PackageCache/com.unity.nuget.newtonsoft-json@3.2.1/Runtime/AOT --include-directory=/Applications/Unity/Hub/Editor/2022.3.62f3/Unity.app/Contents/MonoBleedingEdge/lib/mono/unityaot-linux --include-directory=/Applications/Unity/Hub/Editor/2022.3.62f3/Unity.app/Contents/MonoBleedingEdge/lib/mono/unityaot-linux/Facades --rule-set=Conservative --profiler-report --profiler-output-file=/Users/chifankung/Desktop/StroopGame-handoff/StroopGame/game/Library/Bee/artifacts/unitylinker_ber2.traceevents --dotnetprofile=unityaot-linux --dotnetruntime=Il2Cpp --architecture=EmscriptenJavaScript --platform=WebGL --use-editor-options --enable-engine-module-stripping --engine-modules-asset-file=/Applications/Unity/Hub/Editor/2022.3.62f3/PlaybackEngines/WebGLSupport/modules.asset --editor-data-file=/Users/chifankung/Desktop/StroopGame-handoff/StroopGame/game/Temp/StagingArea/Data/Managed/EditorToUnityLinkerData.json --include-unity-root-assembly=/Users/chifankung/Desktop/StroopGame-handoff/StroopGame/game/Library/Bee/PlayerScriptAssemblies/Assembly-CSharp.dll --include-unity-root-assembly=/Users/chifankung/Desktop/StroopGame-handoff/StroopGame/game/Library/Bee/PlayerScriptAssemblies/UnityEngine.UI.dll --include-unity-root-assembly=/Users/chifankung/Desktop/StroopGame-handoff/StroopGame/game/Library/Bee/PlayerScriptAssemblies/Unity.TextMeshPro.dll --print-command-line --enable-analytics
[BUSY       9s] C_WebGL_wasm Library/Bee/artifacts/WebGL/il2cpp/release_WebGL_wasm/l3fgalh6smbg.o
[BUSY      14s] C_WebGL_wasm Library/Bee/artifacts/WebGL/il2cpp/release_WebGL_wasm/jza83pqkz0rr.o
[BUSY      19s] C_WebGL_wasm Library/Bee/artifacts/WebGL/il2cpp/release_WebGL_wasm/l3fgalh6smbg.o
[ 66/231   21s] C_WebGL_wasm Library/Bee/artifacts/WebGL/il2cpp/release_WebGL_wasm/qu111mjhu9al.o
[ 67/231   21s] C_WebGL_wasm Library/Bee/artifacts/WebGL/il2cpp/release_WebGL_wasm/milq5xoovg8l.o
[ 68/231   21s] C_WebGL_wasm Library/Bee/artifacts/WebGL/il2cpp/release_WebGL_wasm/ksg1y6m91dew.o
[ 69/231   21s] C_WebGL_wasm Library/Bee/artifacts/WebGL/il2cpp/release_WebGL_wasm/nbrj0eldytuq.o
[ 70/231   17s] C_WebGL_wasm Library/Bee/artifacts/WebGL/il2cpp/release_WebGL_wasm/uz1ttzrfhr6n.o
[ 71/231   21s] C_WebGL_wasm Library/Bee/artifacts/WebGL/il2cpp/release_WebGL_wasm/jza83pqkz0rr.o
[ 72/231   22s] C_WebGL_wasm Library/Bee/artifacts/WebGL/il2cpp/release_WebGL_wasm/l3fgalh6smbg.o
[ 73/231    0s] C_WebGL_wasm Library/Bee/artifacts/WebGL/il2cpp/release_WebGL_wasm/dhvbossi879w.o
[ 74/231    1s] C_WebGL_wasm Library/Bee/artifacts/WebGL/il2cpp/release_WebGL_wasm/r50gd1deli84.o
[ 75/231   22s] C_WebGL_wasm Library/Bee/artifacts/WebGL/il2cpp/release_WebGL_wasm/omqybtfap2ra.o
[ 76/231    1s] C_WebGL_wasm Library/Bee/artifacts/WebGL/il2cpp/release_WebGL_wasm/y302nwvuw1xw.o
[ 77/231    2s] C_WebGL_wasm Library/Bee/artifacts/WebGL/il2cpp/release_WebGL_wasm/s902y5vj3sf0.o
[ 78/231    1s] C_WebGL_wasm Library/Bee/artifacts/WebGL/il2cpp/release_WebGL_wasm/gmpr5gk1bhmh.o
[ 79/231    0s] C_WebGL_wasm Library/Bee/artifacts/WebGL/il2cpp/release_WebGL_wasm/h95ixyo55xx1.o
[ 80/231    3s] C_WebGL_wasm Library/Bee/artifacts/WebGL/il2cpp/release_WebGL_wasm/hnde8zswsiyf.o
[ 81/231    2s] C_WebGL_wasm Library/Bee/artifacts/WebGL/il2cpp/release_WebGL_wasm/e42v6rusw2hl.o
[ 82/231    1s] C_WebGL_wasm Library/Bee/artifacts/WebGL/il2cpp/release_WebGL_wasm/3hf7fmr5ls00.o
[ 83/231    0s] C_WebGL_wasm Library/Bee/artifacts/WebGL/il2cpp/release_WebGL_wasm/yxe8qko083bb.o
[ 84/231    0s] C_WebGL_wasm Library/Bee/artifacts/WebGL/il2cpp/release_WebGL_wasm/ldgh4y4zs9wu.o
[ 85/231    2s] C_WebGL_wasm Library/Bee/artifacts/WebGL/il2cpp/release_WebGL_wasm/k6nw97q0oyea.o
[ 86/231    1s] C_WebGL_wasm Library/Bee/artifacts/WebGL/il2cpp/release_WebGL_wasm/d3e938lxf15m.o
[ 87/231    1s] C_WebGL_wasm Library/Bee/artifacts/WebGL/il2cpp/release_WebGL_wasm/70t80sppn58x.o
[ 88/231    0s] C_WebGL_wasm Library/Bee/artifacts/WebGL/il2cpp/release_WebGL_wasm/h78h0kzazirb.o
[ 89/231    4s] C_WebGL_wasm Library/Bee/artifacts/WebGL/il2cpp/release_WebGL_wasm/vsbl0dunz8vu.o
[ 90/231    1s] C_WebGL_wasm Library/Bee/artifacts/WebGL/il2cpp/release_WebGL_wasm/b75s06libg07.o
[ 91/231    1s] C_WebGL_wasm Library/Bee/artifacts/WebGL/il2cpp/release_WebGL_wasm/8nvazynef0jd.o
[ 92/231    2s] C_WebGL_wasm Library/Bee/artifacts/WebGL/il2cpp/release_WebGL_wasm/ak4q20ntjlps.o
[ 93/231    0s] C_WebGL_wasm Library/Bee/artifacts/WebGL/il2cpp/release_WebGL_wasm/4rthmu7qv6sf.o
[ 94/231    4s] C_WebGL_wasm Library/Bee/artifacts/WebGL/il2cpp/release_WebGL_wasm/60pphup9h8gv.o
[ 95/231    1s] C_WebGL_wasm Library/Bee/artifacts/WebGL/il2cpp/release_WebGL_wasm/k957tybl2ng8.o
[ 96/231    0s] C_WebGL_wasm Library/Bee/artifacts/WebGL/il2cpp/release_WebGL_wasm/rzhf6s2nau2u.o
[ 97/231    1s] C_WebGL_wasm Library/Bee/artifacts/WebGL/il2cpp/release_WebGL_wasm/ab9pc72s7nol.o
[ 98/231    1s] C_WebGL_wasm Library/Bee/artifacts/WebGL/il2cpp/release_WebGL_wasm/ejnuukewwlus.o
[ 99/231    1s] C_WebGL_wasm Library/Bee/artifacts/WebGL/il2cpp/release_WebGL_wasm/h2xcwsc0s1an.o
[100/231    0s] C_WebGL_wasm Library/Bee/artifacts/WebGL/il2cpp/release_WebGL_wasm/rgbp9w8289hh.o
[101/231    1s] C_WebGL_wasm Library/Bee/artifacts/WebGL/il2cpp/release_WebGL_wasm/vhbmp5rmi7q6.o
[102/231    1s] C_WebGL_wasm Library/Bee/artifacts/WebGL/il2cpp/release_WebGL_wasm/ssj95mr7fwj1.o
[103/231    2s] C_WebGL_wasm Library/Bee/artifacts/WebGL/il2cpp/release_WebGL_wasm/6xhgy0symmhg.o
[104/231    2s] C_WebGL_wasm Library/Bee/artifacts/WebGL/il2cpp/release_WebGL_wasm/1mtff4607wtn.o
[105/231    1s] C_WebGL_wasm Library/Bee/artifacts/WebGL/il2cpp/release_WebGL_wasm/m4q6gxlhrct3.o
[106/231    1s] C_WebGL_wasm Library/Bee/artifacts/WebGL/il2cpp/release_WebGL_wasm/63yagbv9sh8q.o
[107/231    0s] C_WebGL_wasm Library/Bee/artifacts/WebGL/il2cpp/release_WebGL_wasm/s8ppyqlrzf0d.o
[108/231    1s] C_WebGL_wasm Library/Bee/artifacts/WebGL/il2cpp/release_WebGL_wasm/9m9shjtdpxol.o
[109/231    1s] C_WebGL_wasm Library/Bee/artifacts/WebGL/il2cpp/release_WebGL_wasm/yznzbqwe9mq2.o
[110/231    2s] C_WebGL_wasm Library/Bee/artifacts/WebGL/il2cpp/release_WebGL_wasm/p98q4et3jg36.o
[111/231    1s] C_WebGL_wasm Library/Bee/artifacts/WebGL/il2cpp/release_WebGL_wasm/xhfqsix1ubaf.o
[112/231    2s] C_WebGL_wasm Library/Bee/artifacts/WebGL/il2cpp/release_WebGL_wasm/sy03nxtimrac.o
[113/231    0s] C_WebGL_wasm Library/Bee/artifacts/WebGL/il2cpp/release_WebGL_wasm/nc2khwbkdibf.o
[114/231    1s] C_WebGL_wasm Library/Bee/artifacts/WebGL/il2cpp/release_WebGL_wasm/h1chx59o2ud4.o
[115/231    0s] C_WebGL_wasm Library/Bee/artifacts/WebGL/il2cpp/release_WebGL_wasm/eqgb2ekm7vg2.o
[116/231    1s] C_WebGL_wasm Library/Bee/artifacts/WebGL/il2cpp/release_WebGL_wasm/xftzhodc445w.o
[117/231    1s] C_WebGL_wasm Library/Bee/artifacts/WebGL/il2cpp/release_WebGL_wasm/m1v4wz2xwkxw.o
[118/231    2s] C_WebGL_wasm Library/Bee/artifacts/WebGL/il2cpp/release_WebGL_wasm/3128eywkh38s.o
[119/231    1s] C_WebGL_wasm Library/Bee/artifacts/WebGL/il2cpp/release_WebGL_wasm/0viqz79wcj8a.o
[120/231    1s] C_WebGL_wasm Library/Bee/artifacts/WebGL/il2cpp/release_WebGL_wasm/uy47qazxyvtk.o
[121/231   11s] C_WebGL_wasm Library/Bee/artifacts/WebGL/bdwgc/release_WebGL_wasm/s8c489p7a2co.o
[122/231    1s] C_WebGL_wasm Library/Bee/artifacts/WebGL/zlib/release_WebGL_wasm/f1h43gcj7clw.o
[123/231    1s] C_WebGL_wasm Library/Bee/artifacts/WebGL/il2cpp/release_WebGL_wasm/mtgvk2wmbbyh.o
[124/231    0s] C_WebGL_wasm Library/Bee/artifacts/WebGL/il2cpp/release_WebGL_wasm/7obk5hutayrm.o
[125/231    0s] C_WebGL_wasm Library/Bee/artifacts/WebGL/il2cpp/release_WebGL_wasm/w7wfkilbssuu.o
[126/231    0s] C_WebGL_wasm Library/Bee/artifacts/WebGL/il2cpp/release_WebGL_wasm/g3w1uj3s995y.o
[127/231    0s] C_WebGL_wasm Library/Bee/artifacts/WebGL/il2cpp/release_WebGL_wasm/xawf6halzc2b.o
[128/231    1s] C_WebGL_wasm Library/Bee/artifacts/WebGL/il2cpp/release_WebGL_wasm/rfupp20t2fdq.o
[129/231    1s] C_WebGL_wasm Library/Bee/artifacts/WebGL/il2cpp/release_WebGL_wasm/untvdeoa6rso.o
[130/231    0s] C_WebGL_wasm Library/Bee/artifacts/WebGL/il2cpp/release_WebGL_wasm/3oxrsvpinvrp.o
[131/231    1s] C_WebGL_wasm Library/Bee/artifacts/WebGL/il2cpp/release_WebGL_wasm/avz5m7rv8qzz.o
[132/231    0s] C_WebGL_wasm Library/Bee/artifacts/WebGL/il2cpp/release_WebGL_wasm/k4nfhe51xqzc.o
[133/231    1s] C_WebGL_wasm Library/Bee/artifacts/WebGL/il2cpp/release_WebGL_wasm/bybj5vd44arx.o
[134/231    0s] C_WebGL_wasm Library/Bee/artifacts/WebGL/il2cpp/release_WebGL_wasm/p8t6gh46qqve.o
[135/231    0s] C_WebGL_wasm Library/Bee/artifacts/WebGL/il2cpp/release_WebGL_wasm/3fs232ohhxhq.o
[136/231    0s] C_WebGL_wasm Library/Bee/artifacts/WebGL/il2cpp/release_WebGL_wasm/5qbxg3s1xmj4.o
[137/231    0s] C_WebGL_wasm Library/Bee/artifacts/WebGL/il2cpp/release_WebGL_wasm/phst9dh6f6gf.o
[138/231    0s] C_WebGL_wasm Library/Bee/artifacts/WebGL/zlib/release_WebGL_wasm/tp8p0emfepgc.o
[139/231    0s] C_WebGL_wasm Library/Bee/artifacts/WebGL/zlib/release_WebGL_wasm/hdej11ro9iwx.o
[140/231    0s] C_WebGL_wasm Library/Bee/artifacts/WebGL/il2cpp/release_WebGL_wasm/xpsmtzm816yc.o
[141/231    1s] C_WebGL_wasm Library/Bee/artifacts/WebGL/il2cpp/release_WebGL_wasm/0e3h42f9phum.o
[142/231    2s] C_WebGL_wasm Library/Bee/artifacts/WebGL/il2cpp/release_WebGL_wasm/qxj7r9njdbf4.o
[143/231    2s] C_WebGL_wasm Library/Bee/artifacts/WebGL/bdwgc/release_WebGL_wasm/jyheqzx08b1m.o
[144/231    1s] C_WebGL_wasm Library/Bee/artifacts/WebGL/il2cpp/release_WebGL_wasm/yi2bs91b50l5.o
[145/231    0s] C_WebGL_wasm Library/Bee/artifacts/WebGL/il2cpp/release_WebGL_wasm/r7exg1v27t7w.o
[146/231    0s] C_WebGL_wasm Library/Bee/artifacts/WebGL/il2cpp/release_WebGL_wasm/76nmmpory19b.o
[147/231    1s] C_WebGL_wasm Library/Bee/artifacts/WebGL/il2cpp/release_WebGL_wasm/3631s60i8205.o
[148/231    0s] C_WebGL_wasm Library/Bee/artifacts/WebGL/il2cpp/release_WebGL_wasm/2rk6c8t0qet0.o
[149/231    0s] C_WebGL_wasm Library/Bee/artifacts/WebGL/il2cpp/release_WebGL_wasm/zjry6q7z73jk.o
[150/231    0s] C_WebGL_wasm Library/Bee/artifacts/WebGL/il2cpp/release_WebGL_wasm/8vslfut0ahko.o
[151/231    1s] C_WebGL_wasm Library/Bee/artifacts/WebGL/il2cpp/release_WebGL_wasm/9mnqm9rzv7hk.o
[152/231    0s] C_WebGL_wasm Library/Bee/artifacts/WebGL/il2cpp/release_WebGL_wasm/9tgtk8pb1x19.o
[153/231    0s] C_WebGL_wasm Library/Bee/artifacts/WebGL/il2cpp/release_WebGL_wasm/z35kt50aqjge.o
[154/231    0s] C_WebGL_wasm Library/Bee/artifacts/WebGL/il2cpp/release_WebGL_wasm/y0xaozbjix2b.o
[155/231    2s] C_WebGL_wasm Library/Bee/artifacts/WebGL/il2cpp/release_WebGL_wasm/ck8wdz3tpytc.o
[156/231    0s] C_WebGL_wasm Library/Bee/artifacts/WebGL/il2cpp/release_WebGL_wasm/3cxw9tvwebi3.o
[157/231    0s] C_WebGL_wasm Library/Bee/artifacts/WebGL/il2cpp/release_WebGL_wasm/6otcqhzkisje.o
[158/231    1s] C_WebGL_wasm Library/Bee/artifacts/WebGL/il2cpp/release_WebGL_wasm/n9qbs50kqqn7.o
[159/231    0s] C_WebGL_wasm Library/Bee/artifacts/WebGL/il2cpp/release_WebGL_wasm/zl8u1387k8xf.o
[160/231    1s] C_WebGL_wasm Library/Bee/artifacts/WebGL/il2cpp/release_WebGL_wasm/4hhrd5sg470l.o
[161/231    0s] C_WebGL_wasm Library/Bee/artifacts/WebGL/il2cpp/release_WebGL_wasm/fx7r3h6bpev5.o
[162/231    0s] C_WebGL_wasm Library/Bee/artifacts/WebGL/il2cpp/release_WebGL_wasm/730sfkzpcy5f.o
[163/231    0s] C_WebGL_wasm Library/Bee/artifacts/WebGL/il2cpp/release_WebGL_wasm/w358o3yccnby.o
[164/231    1s] C_WebGL_wasm Library/Bee/artifacts/WebGL/il2cpp/release_WebGL_wasm/06nxmop3qjt4.o
[165/231    0s] C_WebGL_wasm Library/Bee/artifacts/WebGL/il2cpp/release_WebGL_wasm/2jpj9wmvkqof.o
[166/231    0s] C_WebGL_wasm Library/Bee/artifacts/WebGL/il2cpp/release_WebGL_wasm/geuuamef4dnq.o
[167/231    0s] C_WebGL_wasm Library/Bee/artifacts/WebGL/il2cpp/release_WebGL_wasm/n6uglj4hyxsn.o
[168/231    0s] C_WebGL_wasm Library/Bee/artifacts/WebGL/il2cpp/release_WebGL_wasm/rhqmyduzjcit.o
[169/231    1s] C_WebGL_wasm Library/Bee/artifacts/WebGL/il2cpp/release_WebGL_wasm/wy6aweks9pgl.o
[170/231    0s] C_WebGL_wasm Library/Bee/artifacts/WebGL/il2cpp/release_WebGL_wasm/6zaerrrb88bw.o
[171/231    1s] C_WebGL_wasm Library/Bee/artifacts/WebGL/il2cpp/release_WebGL_wasm/46c54tgbrcb2.o
[172/231    0s] C_WebGL_wasm Library/Bee/artifacts/WebGL/zlib/release_WebGL_wasm/082m5kgg0cxh.o
[173/231    0s] C_WebGL_wasm Library/Bee/artifacts/WebGL/il2cpp/release_WebGL_wasm/5jsd698qhemv.o
[174/231    0s] C_WebGL_wasm Library/Bee/artifacts/WebGL/il2cpp/release_WebGL_wasm/tuqgz0efuxzc.o
[175/231    1s] C_WebGL_wasm Library/Bee/artifacts/WebGL/il2cpp/release_WebGL_wasm/1m3a6but2zv3.o
[176/231    0s] C_WebGL_wasm Library/Bee/artifacts/WebGL/il2cpp/release_WebGL_wasm/kt34v14gkqb8.o
[177/231    0s] C_WebGL_wasm Library/Bee/artifacts/WebGL/zlib/release_WebGL_wasm/48013e9r5ltt.o
[178/231    0s] C_WebGL_wasm Library/Bee/artifacts/WebGL/zlib/release_WebGL_wasm/7iznkw062rvt.o
[179/231    0s] C_WebGL_wasm Library/Bee/artifacts/WebGL/zlib/release_WebGL_wasm/iq4hy4jib38t.o
[180/231    0s] C_WebGL_wasm Library/Bee/artifacts/WebGL/il2cpp/release_WebGL_wasm/349pyyuf3yzg.o
[181/231    0s] C_WebGL_wasm Library/Bee/artifacts/WebGL/zlib/release_WebGL_wasm/vj4e6hkyephi.o
[182/231    0s] C_WebGL_wasm Library/Bee/artifacts/WebGL/zlib/release_WebGL_wasm/2ki5ndax4794.o
[183/231    0s] C_WebGL_wasm Library/Bee/artifacts/WebGL/zlib/release_WebGL_wasm/awuc9k0ql9jb.o
[184/231    0s] C_WebGL_wasm Library/Bee/artifacts/WebGL/zlib/release_WebGL_wasm/9jxe45xzxgt9.o
[185/231    0s] C_WebGL_wasm Library/Bee/artifacts/WebGL/zlib/release_WebGL_wasm/g4jzqu384d7f.o
[186/231    1s] C_WebGL_wasm Library/Bee/artifacts/WebGL/il2cpp/release_WebGL_wasm/gyuqcmvlkha0.o
[187/231    0s] C_WebGL_wasm Library/Bee/artifacts/WebGL/il2cpp/release_WebGL_wasm/vqqfzufyl1jb.o
[188/231    0s] WriteText Library/Bee/artifacts/csharpactions/boot.config_7kyv.info
[189/231    0s] C_WebGL_wasm Library/Bee/artifacts/WebGL/il2cpp/release_WebGL_wasm/96sue8i5yf38.o
[190/231    0s] WriteText Library/Bee/artifacts/csharpactions/webgl.data_qnm2.info
[191/231    0s] WriteText Library/Bee/artifacts/csharpactions/build.framework.js_mumr.info
[192/231    0s] C_WebGL_wasm Library/Bee/artifacts/WebGL/zlib/release_WebGL_wasm/rqdeawq6ruso.o
[193/231    0s] CopyFiles Build/WebGL/TemplateData/webmemd-icon.png
[194/231    1s] C_WebGL_wasm Library/Bee/artifacts/WebGL/il2cpp/release_WebGL_wasm/fam1qrot5big.o
[195/231    0s] CopyFiles Build/WebGL/TemplateData/favicon.ico
[196/231    0s] CopyFiles Build/WebGL/TemplateData/fullscreen-button.png
[197/231    0s] CopyFiles Build/WebGL/TemplateData/MemoryProfiler.png
[198/231    0s] CopyFiles Build/WebGL/TemplateData/progress-bar-empty-dark.png
[199/231    0s] CopyFiles Build/WebGL/TemplateData/progress-bar-empty-light.png
[200/231    0s] CopyFiles Build/WebGL/TemplateData/progress-bar-full-dark.png
[201/231    0s] CopyFiles Build/WebGL/TemplateData/progress-bar-full-light.png
[202/231    0s] AddBootConfigGUID Library/Bee/artifacts/WebGL/boot.config
[203/231    0s] Assemble WebGL Data Library/Bee/artifacts/WebGL/webgl.data
[204/231    0s] CopyFiles Build/WebGL/Build/WebGL.data
[205/231    0s] CopyFiles Build/WebGL/TemplateData/unity-logo-dark.png
[206/231    0s] CopyFiles Build/WebGL/TemplateData/unity-logo-light.png
[207/231    0s] CopyFiles Build/WebGL/TemplateData/webgl-logo.png
[208/231    0s] CopyFiles Build/WebGL/StreamingAssets/UnityServicesProjectConfiguration.json
[209/231    0s] C_WebGL_wasm Library/Bee/artifacts/WebGL/zlib/release_WebGL_wasm/lt90kjkjof3u.o
[210/231    0s] C_WebGL_wasm Library/Bee/artifacts/WebGL/il2cpp/release_WebGL_wasm/6d6kf7wm95ch.o
[211/231    0s] C_WebGL_wasm Library/Bee/artifacts/WebGL/il2cpp/release_WebGL_wasm/wy3ajim4l4fk.o
[212/231    0s] C_WebGL_wasm Library/Bee/artifacts/WebGL/il2cpp/release_WebGL_wasm/8ouyzkl8x4hv.o
[213/231    4s] PreprocessJS Build/WebGL/index.html
[214/231    3s] PreprocessJS Build/WebGL/TemplateData/style.css
[215/231    4s] PreprocessJS Library/Bee/artifacts/WebGLWebGL.loader.js
[216/231    0s] CopyFiles Build/WebGL/Build/WebGL.loader.js
*** Tundra requires additional run (43.85 seconds), 216 items updated, 231 evaluated
*** Additional run caused by: contents change of Library/Bee/artifacts/WebGL/ManagedStripped
Starting: /Applications/Unity/Hub/Editor/2022.3.62f3/Unity.app/Contents/Tools/netcorerun/netcorerun "/Applications/Unity/Hub/Editor/2022.3.62f3/PlaybackEngines/WebGLSupport/WebGLPlayerBuildProgram.exe" "/Applications/Unity/Hub/Editor/2022.3.62f3/PlaybackEngines/WebGLSupport/Bee:/Applications/Unity/Hub/Editor/2022.3.62f3/Unity.app/Contents/Tools/BuildPipeline" "Library/Bee/Player3612b428.dag.json" "Library/Bee/Player3612b428-inputdata.json" "Library/Bee/buildprogram1.traceevents"
WorkingDir: /Users/chifankung/Desktop/StroopGame-handoff/StroopGame/game
ExitCode: 4 Duration: 43s
ExitCode: 0 Duration: 0s457ms
Starting: /Applications/Unity/Hub/Editor/2022.3.62f3/Unity.app/Contents/bee_backend --ipc --dagfile="Library/Bee/Player3612b428.dag" --dagfilejson="Library/Bee/Player3612b428.dag.json" --profile="Library/Bee/backend3.traceevents" Player
WorkingDir: /Users/chifankung/Desktop/StroopGame-handoff/StroopGame/game
Finished compiling graph: 232 nodes, 468 flattened edges (468 ToBuild, 0 ToUse), maximum node priority 24
[202/231    0s] CopyFiles Temp/EditorBuildOutput/UnityLinkerToEditorData.json
[218/231    0s] ClassRegistrationGenerator /Users/chifankung/Desktop/StroopGame-handoff/StroopGame/game/Library/Bee/artifacts/WebGL/il2cppOutput/UnityClassRegistration.cpp
[219/231    0s] ICallRegistrationGenerator /Users/chifankung/Desktop/StroopGame-handoff/StroopGame/game/Library/Bee/artifacts/WebGL/il2cppOutput/UnityICallRegistration.cpp
[220/231    0s] C_WebGL_wasm Library/Bee/artifacts/WebGL/GameAssembly/release_WebGL_wasm/w2n3e59kndfx.o
[221/231    0s] C_WebGL_wasm Library/Bee/artifacts/WebGL/GameAssembly/release_WebGL_wasm/z5fq0lojrkv7.o
[222/231    2s] IL2CPP_CodeGen /Users/chifankung/Desktop/StroopGame-handoff/StroopGame/game/Library/Bee/artifacts/il2cpp_conv_o6rl.traceevents
/Applications/Unity/Hub/Editor/2022.3.62f3/Unity.app/Contents/il2cpp/build/deploy/il2cpp --convert-to-cpp --assembly=Library/Bee/artifacts/WebGL/ManagedStripped/Assembly-CSharp.dll --assembly=Library/Bee/artifacts/WebGL/ManagedStripped/Mono.Security.dll --assembly=Library/Bee/artifacts/WebGL/ManagedStripped/mscorlib.dll --assembly=Library/Bee/artifacts/WebGL/ManagedStripped/System.Configuration.dll --assembly=Library/Bee/artifacts/WebGL/ManagedStripped/System.Core.dll --assembly=Library/Bee/artifacts/WebGL/ManagedStripped/System.dll --assembly=Library/Bee/artifacts/WebGL/ManagedStripped/System.Xml.dll --assembly=Library/Bee/artifacts/WebGL/ManagedStripped/Unity.TextMeshPro.dll --assembly=Library/Bee/artifacts/WebGL/ManagedStripped/UnityEngine.AnimationModule.dll --assembly=Library/Bee/artifacts/WebGL/ManagedStripped/UnityEngine.AudioModule.dll --assembly=Library/Bee/artifacts/WebGL/ManagedStripped/UnityEngine.CoreModule.dll --assembly=Library/Bee/artifacts/WebGL/ManagedStripped/UnityEngine.dll --assembly=Library/Bee/artifacts/WebGL/ManagedStripped/UnityEngine.IMGUIModule.dll --assembly=Library/Bee/artifacts/WebGL/ManagedStripped/UnityEngine.InputLegacyModule.dll --assembly=Library/Bee/artifacts/WebGL/ManagedStripped/UnityEngine.PropertiesModule.dll --assembly=Library/Bee/artifacts/WebGL/ManagedStripped/UnityEngine.SharedInternalsModule.dll --assembly=Library/Bee/artifacts/WebGL/ManagedStripped/UnityEngine.TextCoreFontEngineModule.dll --assembly=Library/Bee/artifacts/WebGL/ManagedStripped/UnityEngine.TextRenderingModule.dll --assembly=Library/Bee/artifacts/WebGL/ManagedStripped/UnityEngine.UI.dll --assembly=Library/Bee/artifacts/WebGL/ManagedStripped/UnityEngine.UIModule.dll --generatedcppdir=/Users/chifankung/Desktop/StroopGame-handoff/StroopGame/game/Library/Bee/artifacts/WebGL/il2cppOutput/cpp --symbols-folder=/Users/chifankung/Desktop/StroopGame-handoff/StroopGame/game/Library/Bee/artifacts/WebGL/il2cppOutput/cpp/Symbols --enable-analytics --emit-method-map --dotnetprofile=unityaot-linux --profiler-report --profiler-output-file=/Users/chifankung/Desktop/StroopGame-handoff/StroopGame/game/Library/Bee/artifacts/il2cpp_conv_o6rl.traceevents --print-command-line --data-folder=/Users/chifankung/Desktop/StroopGame-handoff/StroopGame/game/Library/Bee/artifacts/WebGL/il2cppOutput/data
*** Tundra requires additional run (2.22 seconds), 6 items updated, 231 evaluated
*** Additional run caused by: contents change of /Users/chifankung/Desktop/StroopGame-handoff/StroopGame/game/Library/Bee/artifacts/WebGL/il2cppOutput/cpp
Starting: /Applications/Unity/Hub/Editor/2022.3.62f3/Unity.app/Contents/Tools/netcorerun/netcorerun "/Applications/Unity/Hub/Editor/2022.3.62f3/PlaybackEngines/WebGLSupport/WebGLPlayerBuildProgram.exe" "/Applications/Unity/Hub/Editor/2022.3.62f3/PlaybackEngines/WebGLSupport/Bee:/Applications/Unity/Hub/Editor/2022.3.62f3/Unity.app/Contents/Tools/BuildPipeline" "Library/Bee/Player3612b428.dag.json" "Library/Bee/Player3612b428-inputdata.json" "Library/Bee/buildprogram2.traceevents"
WorkingDir: /Users/chifankung/Desktop/StroopGame-handoff/StroopGame/game
ExitCode: 4 Duration: 2s333ms
ExitCode: 0 Duration: 0s537ms
Starting: /Applications/Unity/Hub/Editor/2022.3.62f3/Unity.app/Contents/bee_backend --ipc --dagfile="Library/Bee/Player3612b428.dag" --dagfilejson="Library/Bee/Player3612b428.dag.json" --profile="Library/Bee/backend4.traceevents" Player
WorkingDir: /Users/chifankung/Desktop/StroopGame-handoff/StroopGame/game
Finished compiling graph: 341 nodes, 799 flattened edges (795 ToBuild, 3 ToUse), maximum node priority 134
[127/340    0s] CopyFiles /Users/chifankung/Desktop/StroopGame-handoff/StroopGame/game/Library/Bee/artifacts/WebGL/il2cppOutput/build/Data/Resources/mscorlib.dll-resources.dat
[131/340    0s] C_WebGL_wasm Library/Bee/artifacts/WebGL/GameAssembly/release_WebGL_wasm/9fwav050gnxq.o
[132/340    0s] C_WebGL_wasm Library/Bee/artifacts/WebGL/GameAssembly/release_WebGL_wasm/hl19rgqqa1b4.o
[133/340    2s] C_WebGL_wasm Library/Bee/artifacts/WebGL/GameAssembly/release_WebGL_wasm/pab8edwlvv0m.o
[134/340    2s] C_WebGL_wasm Library/Bee/artifacts/WebGL/GameAssembly/release_WebGL_wasm/yy4kul6rx97x.o
[135/340    3s] C_WebGL_wasm Library/Bee/artifacts/WebGL/GameAssembly/release_WebGL_wasm/6j4d2n3t8eqv.o
[136/340    1s] C_WebGL_wasm Library/Bee/artifacts/WebGL/GameAssembly/release_WebGL_wasm/aimxryib4h3d.o
[137/340    3s] C_WebGL_wasm Library/Bee/artifacts/WebGL/GameAssembly/release_WebGL_wasm/ftscqhytsa1z.o
[138/340    1s] C_WebGL_wasm Library/Bee/artifacts/WebGL/GameAssembly/release_WebGL_wasm/2xrp6xpow3ck.o
[139/340    0s] C_WebGL_wasm Library/Bee/artifacts/WebGL/GameAssembly/release_WebGL_wasm/gxobezu6ccxf.o
[140/340    1s] C_WebGL_wasm Library/Bee/artifacts/WebGL/GameAssembly/release_WebGL_wasm/7sk0e4up3oi1.o
[141/340    3s] C_WebGL_wasm Library/Bee/artifacts/WebGL/GameAssembly/release_WebGL_wasm/zbmpzssstujd.o
[142/340    0s] C_WebGL_wasm Library/Bee/artifacts/WebGL/GameAssembly/release_WebGL_wasm/fcv845w7ge1p.o
[143/340    1s] C_WebGL_wasm Library/Bee/artifacts/WebGL/GameAssembly/release_WebGL_wasm/487ms9yggeku.o
[144/340    0s] C_WebGL_wasm Library/Bee/artifacts/WebGL/GameAssembly/release_WebGL_wasm/4im6rjyz3am9.o
[145/340    4s] C_WebGL_wasm Library/Bee/artifacts/WebGL/GameAssembly/release_WebGL_wasm/5bkxh8mv4c9f.o
[146/340    4s] C_WebGL_wasm Library/Bee/artifacts/WebGL/GameAssembly/release_WebGL_wasm/krpdf26pwivw.o
[147/340    4s] C_WebGL_wasm Library/Bee/artifacts/WebGL/GameAssembly/release_WebGL_wasm/0i20v6l38hop.o
[148/340    0s] C_WebGL_wasm Library/Bee/artifacts/WebGL/GameAssembly/release_WebGL_wasm/86i54v1tguri.o
[149/340    1s] C_WebGL_wasm Library/Bee/artifacts/WebGL/GameAssembly/release_WebGL_wasm/onxkeck4x6al.o
[150/340    0s] C_WebGL_wasm Library/Bee/artifacts/WebGL/GameAssembly/release_WebGL_wasm/qpftxtwhh7rb.o
[151/340    0s] C_WebGL_wasm Library/Bee/artifacts/WebGL/GameAssembly/release_WebGL_wasm/vkfgw3ro6lo5.o
[152/340    2s] C_WebGL_wasm Library/Bee/artifacts/WebGL/GameAssembly/release_WebGL_wasm/fx42bjkowce5.o
[153/340    1s] C_WebGL_wasm Library/Bee/artifacts/WebGL/GameAssembly/release_WebGL_wasm/ioxgt52j9b29.o
[154/340    2s] C_WebGL_wasm Library/Bee/artifacts/WebGL/GameAssembly/release_WebGL_wasm/qxp3iemfsami.o
[155/340    2s] C_WebGL_wasm Library/Bee/artifacts/WebGL/GameAssembly/release_WebGL_wasm/0j5ljf7pio8s.o
[156/340    0s] C_WebGL_wasm Library/Bee/artifacts/WebGL/GameAssembly/release_WebGL_wasm/cal1s27tfp5m.o
[157/340    4s] C_WebGL_wasm Library/Bee/artifacts/WebGL/GameAssembly/release_WebGL_wasm/ae08zsuskjvb.o
[158/340    3s] C_WebGL_wasm Library/Bee/artifacts/WebGL/GameAssembly/release_WebGL_wasm/t9gybupspml6.o
[159/340    0s] C_WebGL_wasm Library/Bee/artifacts/WebGL/GameAssembly/release_WebGL_wasm/ft3zlpc2u8lz.o
[160/340    3s] C_WebGL_wasm Library/Bee/artifacts/WebGL/GameAssembly/release_WebGL_wasm/jowshjszxmgh.o
[161/340    3s] C_WebGL_wasm Library/Bee/artifacts/WebGL/GameAssembly/release_WebGL_wasm/37twy256uiz1.o
[162/340    4s] C_WebGL_wasm Library/Bee/artifacts/WebGL/GameAssembly/release_WebGL_wasm/lz9tzhno0kcc.o
[163/340    3s] C_WebGL_wasm Library/Bee/artifacts/WebGL/GameAssembly/release_WebGL_wasm/34e6fgyh1nss.o
[164/340    3s] C_WebGL_wasm Library/Bee/artifacts/WebGL/GameAssembly/release_WebGL_wasm/ow616mpm6zn9.o
[165/340    4s] C_WebGL_wasm Library/Bee/artifacts/WebGL/GameAssembly/release_WebGL_wasm/luw98zftfwf4.o
[166/340    4s] C_WebGL_wasm Library/Bee/artifacts/WebGL/GameAssembly/release_WebGL_wasm/doykz3xwm4qe.o
[167/340    1s] C_WebGL_wasm Library/Bee/artifacts/WebGL/GameAssembly/release_WebGL_wasm/mec1dzqh55d6.o
[168/340    2s] C_WebGL_wasm Library/Bee/artifacts/WebGL/GameAssembly/release_WebGL_wasm/m6p5vvgzf8go.o
[169/340    0s] C_WebGL_wasm Library/Bee/artifacts/WebGL/GameAssembly/release_WebGL_wasm/vrhmlhocrcd3.o
[170/340    0s] C_WebGL_wasm Library/Bee/artifacts/WebGL/GameAssembly/release_WebGL_wasm/p9tdq28ir9mt.o
[171/340    3s] C_WebGL_wasm Library/Bee/artifacts/WebGL/GameAssembly/release_WebGL_wasm/7lttb5uwiws7.o
[172/340    1s] C_WebGL_wasm Library/Bee/artifacts/WebGL/GameAssembly/release_WebGL_wasm/bg96tms00ucb.o
[173/340    0s] C_WebGL_wasm Library/Bee/artifacts/WebGL/GameAssembly/release_WebGL_wasm/95my02s4odrp.o
[174/340    0s] C_WebGL_wasm Library/Bee/artifacts/WebGL/GameAssembly/release_WebGL_wasm/0xtjd9k1dcpy.o
[175/340    2s] C_WebGL_wasm Library/Bee/artifacts/WebGL/GameAssembly/release_WebGL_wasm/w423i4wdl4uj.o
[176/340    3s] C_WebGL_wasm Library/Bee/artifacts/WebGL/GameAssembly/release_WebGL_wasm/ewi1jjevq67t.o
[177/340    0s] C_WebGL_wasm Library/Bee/artifacts/WebGL/GameAssembly/release_WebGL_wasm/8ewqaav8sm9n.o
[178/340    0s] C_WebGL_wasm Library/Bee/artifacts/WebGL/GameAssembly/release_WebGL_wasm/qjcnhb6cmba8.o
[179/340    3s] C_WebGL_wasm Library/Bee/artifacts/WebGL/GameAssembly/release_WebGL_wasm/aowj8g4xwjs0.o
[180/340    6s] C_WebGL_wasm Library/Bee/artifacts/WebGL/GameAssembly/release_WebGL_wasm/ca2v085dbik1.o
[181/340    4s] C_WebGL_wasm Library/Bee/artifacts/WebGL/GameAssembly/release_WebGL_wasm/6edifr1l38nv.o
[182/340    1s] C_WebGL_wasm Library/Bee/artifacts/WebGL/GameAssembly/release_WebGL_wasm/jvcgpd08by09.o
[183/340    0s] C_WebGL_wasm Library/Bee/artifacts/WebGL/GameAssembly/release_WebGL_wasm/zkzzi5wty7tu.o
[184/340    0s] C_WebGL_wasm Library/Bee/artifacts/WebGL/GameAssembly/release_WebGL_wasm/l8y6t378v0jn.o
[185/340    3s] C_WebGL_wasm Library/Bee/artifacts/WebGL/GameAssembly/release_WebGL_wasm/0etltq1vc83k.o
[186/340    1s] C_WebGL_wasm Library/Bee/artifacts/WebGL/GameAssembly/release_WebGL_wasm/wxbgtraq44g4.o
[187/340    1s] C_WebGL_wasm Library/Bee/artifacts/WebGL/GameAssembly/release_WebGL_wasm/qlbzoyc19vw3.o
[188/340    3s] C_WebGL_wasm Library/Bee/artifacts/WebGL/GameAssembly/release_WebGL_wasm/1qmhgm21ck54.o
[189/340    0s] C_WebGL_wasm Library/Bee/artifacts/WebGL/GameAssembly/release_WebGL_wasm/dqlo2whfvy7i.o
[190/340    2s] C_WebGL_wasm Library/Bee/artifacts/WebGL/GameAssembly/release_WebGL_wasm/9baqmw3j9nzs.o
[191/340    0s] C_WebGL_wasm Library/Bee/artifacts/WebGL/GameAssembly/release_WebGL_wasm/2ed46ffvf9wg.o
[192/340    3s] C_WebGL_wasm Library/Bee/artifacts/WebGL/GameAssembly/release_WebGL_wasm/2z9fenp8qgim.o
[193/340    0s] C_WebGL_wasm Library/Bee/artifacts/WebGL/GameAssembly/release_WebGL_wasm/ys009033d5nq.o
[194/340    4s] C_WebGL_wasm Library/Bee/artifacts/WebGL/GameAssembly/release_WebGL_wasm/r0agze30feyf.o
[195/340    0s] C_WebGL_wasm Library/Bee/artifacts/WebGL/GameAssembly/release_WebGL_wasm/l2lmpu3tdw7y.o
[196/340    3s] C_WebGL_wasm Library/Bee/artifacts/WebGL/GameAssembly/release_WebGL_wasm/fd2q5dipdc5t.o
[197/340    4s] C_WebGL_wasm Library/Bee/artifacts/WebGL/GameAssembly/release_WebGL_wasm/okiuvpcf4b4b.o
[198/340    3s] C_WebGL_wasm Library/Bee/artifacts/WebGL/GameAssembly/release_WebGL_wasm/a85yve7ab2wa.o
[199/340    1s] C_WebGL_wasm Library/Bee/artifacts/WebGL/GameAssembly/release_WebGL_wasm/1no3ffhvsa7e.o
[200/340    1s] C_WebGL_wasm Library/Bee/artifacts/WebGL/GameAssembly/release_WebGL_wasm/wicz9tzvqtte.o
[201/340    0s] C_WebGL_wasm Library/Bee/artifacts/WebGL/GameAssembly/release_WebGL_wasm/sqtxz6eltd64.o
[202/340    0s] C_WebGL_wasm Library/Bee/artifacts/WebGL/GameAssembly/release_WebGL_wasm/czctir6i3l6e.o
[203/340    0s] C_WebGL_wasm Library/Bee/artifacts/WebGL/GameAssembly/release_WebGL_wasm/456ykmsile97.o
[204/340    0s] C_WebGL_wasm Library/Bee/artifacts/WebGL/GameAssembly/release_WebGL_wasm/y8rbv1sfwih3.o
[205/340    0s] C_WebGL_wasm Library/Bee/artifacts/WebGL/GameAssembly/release_WebGL_wasm/jl6hzf5fhlci.o
[206/340    1s] C_WebGL_wasm Library/Bee/artifacts/WebGL/GameAssembly/release_WebGL_wasm/rh4dddefrxay.o
[207/340    0s] C_WebGL_wasm Library/Bee/artifacts/WebGL/GameAssembly/release_WebGL_wasm/sg7a6ge2wb7l.o
[208/340    0s] C_WebGL_wasm Library/Bee/artifacts/WebGL/GameAssembly/release_WebGL_wasm/7as21s2yjfca.o
[209/340    2s] C_WebGL_wasm Library/Bee/artifacts/WebGL/GameAssembly/release_WebGL_wasm/epkmr33psaxp.o
[210/340    0s] C_WebGL_wasm Library/Bee/artifacts/WebGL/GameAssembly/release_WebGL_wasm/7q9ltnbkl9eb.o
[211/340    0s] C_WebGL_wasm Library/Bee/artifacts/WebGL/GameAssembly/release_WebGL_wasm/bgk8s5ng7sxs.o
[212/340    4s] C_WebGL_wasm Library/Bee/artifacts/WebGL/GameAssembly/release_WebGL_wasm/42ej8zghcx6u.o
[213/340    2s] C_WebGL_wasm Library/Bee/artifacts/WebGL/GameAssembly/release_WebGL_wasm/vt3wf28pn76u.o
[214/340    2s] C_WebGL_wasm Library/Bee/artifacts/WebGL/GameAssembly/release_WebGL_wasm/491yiprjlktj.o
[215/340    4s] C_WebGL_wasm Library/Bee/artifacts/WebGL/GameAssembly/release_WebGL_wasm/kwg91y8x1oxw.o
[216/340    0s] C_WebGL_wasm Library/Bee/artifacts/WebGL/GameAssembly/release_WebGL_wasm/c2e757mg2eov.o
[217/340    0s] C_WebGL_wasm Library/Bee/artifacts/WebGL/GameAssembly/release_WebGL_wasm/icom0cn7z25v.o
[218/340    1s] C_WebGL_wasm Library/Bee/artifacts/WebGL/GameAssembly/release_WebGL_wasm/39wibc0vmik5.o
[219/340    0s] C_WebGL_wasm Library/Bee/artifacts/WebGL/GameAssembly/release_WebGL_wasm/tpocnfpatxsc.o
[220/340    0s] C_WebGL_wasm Library/Bee/artifacts/WebGL/GameAssembly/release_WebGL_wasm/0xn0a4l1msmq.o
[221/340    3s] C_WebGL_wasm Library/Bee/artifacts/WebGL/GameAssembly/release_WebGL_wasm/8tdawkbvmy9m.o
[222/340    3s] C_WebGL_wasm Library/Bee/artifacts/WebGL/GameAssembly/release_WebGL_wasm/pp5myy5go842.o
[223/340    0s] C_WebGL_wasm Library/Bee/artifacts/WebGL/GameAssembly/release_WebGL_wasm/objey9abrzrx.o
[224/340    3s] C_WebGL_wasm Library/Bee/artifacts/WebGL/GameAssembly/release_WebGL_wasm/s8uwjujzjgfv.o
[226/340    2s] C_WebGL_wasm Library/Bee/artifacts/WebGL/GameAssembly/release_WebGL_wasm/zdesqrtvbfb2.o
[227/340    2s] C_WebGL_wasm Library/Bee/artifacts/WebGL/GameAssembly/release_WebGL_wasm/ps2ag5sd8dlr.o
[228/340    0s] C_WebGL_wasm Library/Bee/artifacts/WebGL/GameAssembly/release_WebGL_wasm/alzkt1lwly90.o
[229/340    0s] C_WebGL_wasm Library/Bee/artifacts/WebGL/GameAssembly/release_WebGL_wasm/nubfnvumeynj.o
[230/340    3s] C_WebGL_wasm Library/Bee/artifacts/WebGL/GameAssembly/release_WebGL_wasm/lkzc4ipnbuv6.o
[231/340    3s] C_WebGL_wasm Library/Bee/artifacts/WebGL/GameAssembly/release_WebGL_wasm/2wupv0hjxlbd.o
[232/340    0s] C_WebGL_wasm Library/Bee/artifacts/WebGL/GameAssembly/release_WebGL_wasm/0vzz7u1re1o6.o
[302/340    0s] CopyFiles /Users/chifankung/Desktop/StroopGame-handoff/StroopGame/game/Library/Bee/artifacts/WebGL/il2cppOutput/build/Data/Metadata/global-metadata.dat
[305/340    0s] WriteText Library/Bee/artifacts/csharpactions/webgl.data_qnm2.info
[307/340    0s] Assemble WebGL Data Library/Bee/artifacts/WebGL/webgl.data
[310/340    0s] CopyFiles Build/WebGL/Build/WebGL.data
[311/340    0s] CopyFiles Temp/EditorBuildOutput/MethodMap.tsv
[327/340    2s] C_WebGL_wasm Library/Bee/artifacts/WebGL/GameAssembly/release_WebGL_wasm/vwinyogfh2d4.o
[328/340    2s] C_WebGL_wasm Library/Bee/artifacts/WebGL/GameAssembly/release_WebGL_wasm/69zxo9tqikrn.o
[329/340    3s] C_WebGL_wasm Library/Bee/artifacts/WebGL/GameAssembly/release_WebGL_wasm/hhr1fr3luxzt.o
[330/340    3s] C_WebGL_wasm Library/Bee/artifacts/WebGL/GameAssembly/release_WebGL_wasm/hk6rydbbos62.o
[331/340    3s] C_WebGL_wasm Library/Bee/artifacts/WebGL/GameAssembly/release_WebGL_wasm/rug6u0fj6wze.o
[332/340    2s] C_WebGL_wasm Library/Bee/artifacts/WebGL/GameAssembly/release_WebGL_wasm/5l515g2lid7s.o
[333/340    3s] C_WebGL_wasm Library/Bee/artifacts/WebGL/GameAssembly/release_WebGL_wasm/w1nd0hpor9na.o
[334/340    1s] Lib_WebGL_wasm Library/Bee/artifacts/WebGL/GameAssembly/release_WebGL_wasm/GameAssembly.a
[335/340    0s] CopyFiles /Users/chifankung/Desktop/StroopGame-handoff/StroopGame/game/Library/Bee/artifacts/WebGL/il2cppOutput/build/GameAssembly.a
[BUSY       6s] Link_WebGL_wasm Library/Bee/artifacts/WebGL/build/debug_WebGL_wasm/build.js (+wasm)
[BUSY      16s] Link_WebGL_wasm Library/Bee/artifacts/WebGL/build/debug_WebGL_wasm/build.js (+wasm)
[BUSY      26s] Link_WebGL_wasm Library/Bee/artifacts/WebGL/build/debug_WebGL_wasm/build.js (+wasm)
[BUSY      36s] Link_WebGL_wasm Library/Bee/artifacts/WebGL/build/debug_WebGL_wasm/build.js (+wasm)
[336/340   37s] Link_WebGL_wasm Library/Bee/artifacts/WebGL/build/debug_WebGL_wasm/build.js (+wasm)
[337/340    0s] CopyFiles Build/WebGL/Build/WebGL.wasm
[338/340    0s] FrameworkAssembler Library/Bee/artifacts/WebGL/build/debug_WebGL_wasm/build.framework.js
[339/340    0s] CopyFiles Build/WebGL/Build/WebGL.framework.js
*** Tundra build success (68.64 seconds - 0:01:08), 120 items updated, 340 evaluated
ExitCode: 0 Duration: 1m:08s
[websockify wrapper] Start node and websockify.js
Total cache size 45306560
Total cache size after purge 45306560
Refreshing native plugins compatible for Editor in 17.26 ms, found 2 plugins.
Preloading 0 native plugins for Editor in 0.00 ms.

-------------------------------------------------------------------------------
Build Report
Uncompressed usage by category (Percentages based on user generated assets only):
Textures               4.5 mb	 42.9% 
Meshes                 0.0 kb	 0.0% 
Animations             0.0 kb	 0.0% 
Sounds                 0.0 kb	 0.0% 
Shaders                23.5 kb	 0.2% 
Other Assets           5.8 mb	 55.3% 
Levels                 0.0 kb	 0.0% 
Scripts                136.8 kb	 1.3% 
Included DLLs          0.0 kb	 0.0% 
File headers           30.2 kb	 0.3% 
Total User Assets      10.5 mb	 100.0% 
Complete build size    20.9 mb
Used Assets and files from the Resources folder, sorted by uncompressed size:
 5.4 mb	 25.9% Assets/Fonts/NotoSansTC-Regular.otf
 2.7 mb	 12.7% Built-in Texture2D: Splash Screen Unity Logo
 1.0 mb	 4.9% Assets/TextMesh Pro/Resources/Fonts & Materials/LiberationSans SDF.asset
 344.5 kb	 1.6% Assets/TextMesh Pro/Fonts/LiberationSans.ttf
 341.5 kb	 1.6% Assets/TextMesh Pro/Sprites/EmojiOne.png
 258.8 kb	 1.2% Assets/Art/Stimuli/fire_shape.png
 258.2 kb	 1.2% Assets/Art/Stimuli/water_shape.png
 14.0 kb	 0.1% Resources/unity_builtin_extra
 10.8 kb	 0.1% Assets/TextMesh Pro/Shaders/TMP_SDF-Mobile.shader
 5.3 kb	 0.0% Assets/TextMesh Pro/Shaders/TMP_Sprite.shader
 3.7 kb	 0.0% Assets/TextMesh Pro/Resources/Style Sheets/Default Style Sheet.asset
 3.3 kb	 0.0% Assets/TextMesh Pro/Resources/Sprite Assets/EmojiOne.asset
 3.2 kb	 0.0% Assets/TextMesh Pro/Resources/Fonts & Materials/LiberationSans SDF - Fallback.asset
 2.7 kb	 0.0% Assets/Fonts/NotoSansTC-Regular SDF.asset
 1.6 kb	 0.0% Assets/TextMesh Pro/Resources/Fonts & Materials/LiberationSans SDF - Drop Shadow.mat
 1.6 kb	 0.0% Assets/TextMesh Pro/Resources/Fonts & Materials/LiberationSans SDF - Outline.mat
 0.4 kb	 0.0% Assets/Prefabs/Stimuli/StimulusTemplate.prefab
 0.4 kb	 0.0% Built-in Sprite: 
 0.3 kb	 0.0% Assets/TextMesh Pro/Resources/LineBreaking Following Characters.txt
 0.3 kb	 0.0% Assets/TextMesh Pro/Resources/TMP Settings.asset
 0.2 kb	 0.0% Packages/com.unity.test-framework/UnityEngine.TestRunner/NUnitExtensions/Runner/RestoreTestContextAfterDomainReload.cs
 0.2 kb	 0.0% Packages/com.unity.services.core/Runtime/Configuration/StreamingAssetsConfigurationLoader.cs
 0.2 kb	 0.0% Packages/com.unity.visualscripting/Runtime/VisualScripting.Core/Events/MessageListeners/UIEventsListeners/UnityOnScrollbarValueChangedMessageListener.cs
 0.2 kb	 0.0% Packages/com.unity.visualscripting/Runtime/VisualScripting.Core/Events/MessageListeners/UIEventsListeners/UnityOnScrollRectValueChangedMessageListener.cs
 0.2 kb	 0.0% Packages/com.unity.visualscripting/Runtime/VisualScripting.Core/Events/MessageListeners/UIEventsListeners/UnityOnInputFieldValueChangedMessageListener.cs
 0.2 kb	 0.0% Packages/com.unity.visualscripting/Runtime/VisualScripting.Core/Events/MessageListeners/UIEventsListeners/UnityOnDropdownValueChangedMessageListener.cs
 0.2 kb	 0.0% Packages/com.unity.visualscripting/Runtime/VisualScripting.Core/Events/MessageListeners/MonoBehaviourMessageListeners/UnityOnTransformChildrenChangedMListener.cs
 0.2 kb	 0.0% Packages/com.unity.visualscripting/Runtime/VisualScripting.Core/Events/MessageListeners/MonoBehaviourMessageListeners/UnityOnTransformParentChangedMListener.cs
 0.2 kb	 0.0% Packages/com.unity.visualscripting/Runtime/VisualScripting.Core/Dependencies/AssemblyQualifiedNameParser/ParsedAssemblyQualifiedName.cs
 0.2 kb	 0.0% Packages/com.unity.test-framework/UnityEngine.TestRunner/NUnitExtensions/Runner/UnityLogCheckDelegatingCommand.cs
 0.2 kb	 0.0% Packages/com.unity.test-framework/UnityEngine.TestRunner/Assertions/OutOfOrderExpectedLogMessageException.cs
 0.2 kb	 0.0% Packages/com.unity.services.core/Runtime/Configuration/SerializableProjectConfiguration.cs
 0.2 kb	 0.0% Packages/com.unity.services.core/Runtime/Configuration/ConfigurationCollectionHelper.cs
 0.2 kb	 0.0% Packages/com.unity.visualscripting/Runtime/VisualScripting.Core/Events/MessageListeners/UIEventsListeners/UnityOnToggleValueChangedMessageListener.cs
 0.2 kb	 0.0% Packages/com.unity.visualscripting/Runtime/VisualScripting.Core/Events/MessageListeners/UIEventsListeners/UnityOnSliderValueChangedMessageListener.cs
 0.2 kb	 0.0% Packages/com.unity.visualscripting/Runtime/VisualScripting.Core/Events/MessageListeners/UIEventsListeners/UnityOnInputFieldEndEditMessageListener.cs
 0.2 kb	 0.0% Packages/com.unity.visualscripting/Runtime/VisualScripting.Core/Events/MessageListeners/MonoBehaviourMessageListeners/UnityOnParticleCollisionMessageListener.cs
 0.2 kb	 0.0% Packages/com.unity.visualscripting/Runtime/VisualScripting.Core/Events/MessageListeners/MonoBehaviourMessageListeners/UnityOnMouseUpAsButtonMessageListener.cs
 0.2 kb	 0.0% Packages/com.unity.visualscripting/Runtime/VisualScripting.Core/Events/MessageListeners/MonoBehaviourMessageListeners/UnityOnBecameInvisibleMessageListener.cs
 0.2 kb	 0.0% Packages/com.unity.services.core/Runtime/Core.Internal/Components/Telemetry/IDiagnosticsComponentProvider.cs
 0.2 kb	 0.0% Packages/com.unity.services.core/Runtime/Core.Internal/Components/Analytics/IAnalyticsStandardEventComponent.cs
 0.2 kb	 0.0% Packages/com.unity.visualscripting/Runtime/VisualScripting.Core/Dependencies/FullSerializer/Converters/Unity/GUIStyleState_DirectConverter.cs
 0.2 kb	 0.0% Packages/com.unity.visualscripting/Runtime/VisualScripting.Core/Dependencies/FullSerializer/Converters/Unity/AnimationCurve_DirectConverter.cs
 0.2 kb	 0.0% Packages/com.unity.test-framework/UnityEngine.TestRunner/NUnitExtensions/Runner/UnityTestExecutionContext.cs
 0.2 kb	 0.0% Packages/com.unity.test-framework/UnityEngine.TestRunner/NUnitExtensions/Runner/IEnumerableTestMethodCommand.cs
 0.2 kb	 0.0% Packages/com.unity.test-framework/UnityEngine.TestRunner/NUnitExtensions/Commands/EnumerableApplyChangesToContextCommand.cs
 0.2 kb	 0.0% Packages/com.unity.services.core/Runtime/Telemetry/Diagnotstics/DisabledDiagnosticsFactory.cs
 0.2 kb	 0.0% Packages/com.unity.services.core/Runtime/Scheduler/ScheduledInvocationComparer.cs
 0.2 kb	 0.0% Packages/com.unity.services.core/Runtime/Environments/EnvironmentsOptionsExtensions.cs
 0.2 kb	 0.0% Packages/com.unity.services.core/Runtime/Core.Internal/Registry/DependencyTreeInitializeOrderSorter.cs
 0.2 kb	 0.0% Packages/com.unity.services.core/Runtime/Configuration/MemoryConfigurationLoader.cs
 0.2 kb	 0.0% Packages/com.unity.visualscripting/Runtime/VisualScripting.Core/SerializedProperties/SerializedPropertyProviderAttribute.cs
 0.2 kb	 0.0% Packages/com.unity.visualscripting/Runtime/VisualScripting.Core/Events/MessageListeners/UIEventsListeners/UnityOnButtonClickMessageListener.cs
 0.2 kb	 0.0% Packages/com.unity.visualscripting/Runtime/VisualScripting.Core/Events/MessageListeners/UIEventsInterfacesListeners/UnityOnPointerExitMessageListener.cs
 0.2 kb	 0.0% Packages/com.unity.visualscripting/Runtime/VisualScripting.Core/Events/MessageListeners/UIEventsInterfacesListeners/UnityOnPointerEnterMessageListener.cs
 0.2 kb	 0.0% Packages/com.unity.visualscripting/Runtime/VisualScripting.Core/Events/MessageListeners/UIEventsInterfacesListeners/UnityOnPointerDownMessageListener.cs
 0.2 kb	 0.0% Packages/com.unity.visualscripting/Runtime/VisualScripting.Core/Events/MessageListeners/UIEventsInterfacesListeners/UnityOnPointerClickMessageListener.cs
 0.2 kb	 0.0% Packages/com.unity.visualscripting/Runtime/VisualScripting.Core/Events/MessageListeners/MonoBehaviourMessageListeners/UnityOnBecameVisibleMessageListener.cs
 0.2 kb	 0.0% Packages/com.unity.visualscripting/Runtime/VisualScripting.Core/EditorBinding/Inspector/InspectorActionDirectionAttribute.cs
 0.2 kb	 0.0% Packages/com.unity.visualscripting/Runtime/VisualScripting.Core/EditorBinding/Inspector/InspectViaImplementationsAttribute.cs
 0.2 kb	 0.0% Packages/com.unity.visualscripting/Runtime/VisualScripting.Core/Dependencies/FullSerializer/Internal/fsCyclicReferenceManager.cs
 0.2 kb	 0.0% Packages/com.unity.visualscripting/Runtime/VisualScripting.Core/Dependencies/FullSerializer/Converters/Unity/UnityEvent_Converter.cs
 0.2 kb	 0.0% Packages/com.unity.test-framework/UnityEngine.TestRunner/Utils/Vector4ComparerWithEqualsOperator.cs
 0.2 kb	 0.0% Packages/com.unity.test-framework/UnityEngine.TestRunner/Utils/Vector3ComparerWithEqualsOperator.cs
 0.2 kb	 0.0% Packages/com.unity.test-framework/UnityEngine.TestRunner/Utils/Vector2ComparerWithEqualsOperator.cs
 0.2 kb	 0.0% Packages/com.unity.test-framework/UnityEngine.TestRunner/TestRunner/RemoteHelpers/RemoteTestResultDataWithTestData.cs
 0.2 kb	 0.0% Packages/com.unity.test-framework/UnityEngine.TestRunner/TestRunner/Callbacks/TestResultRendererCallback.cs
 0.2 kb	 0.0% Packages/com.unity.visualscripting/Runtime/VisualScripting.Core/Dependencies/FullSerializer/fsISerializationCallbacks.cs
 0.2 kb	 0.0% Packages/com.unity.visualscripting/Runtime/VisualScripting.Core/Dependencies/FullSerializer/Converters/Unity/RectOffset_DirectConverter.cs
 0.2 kb	 0.0% Packages/com.unity.visualscripting/Runtime/VisualScripting.Core/Dependencies/FullSerializer/Converters/Unity/LayerMask_DirectConverter.cs
 0.2 kb	 0.0% Packages/com.unity.test-framework/UnityEngine.TestRunner/TestRunner/PlaymodeTestsControllerSettings.cs
 0.2 kb	 0.0% Packages/com.unity.test-framework/UnityEngine.TestRunner/NUnitExtensions/Runner/UnityWorkItemDataHolder.cs
 0.2 kb	 0.0% Packages/com.unity.test-framework/UnityEngine.TestRunner/NUnitExtensions/Runner/UnityTestAssemblyRunner.cs
 0.2 kb	 0.0% Packages/com.unity.test-framework/UnityEngine.TestRunner/NUnitExtensions/Runner/PlaymodeWorkItemFactory.cs
 0.2 kb	 0.0% Packages/com.unity.test-framework/UnityEngine.TestRunner/NUnitExtensions/Runner/CoroutineTestWorkItem.cs
 0.2 kb	 0.0% Packages/com.unity.test-framework/UnityEngine.TestRunner/NUnitExtensions/IAsyncTestAssemblyBuilder.cs
 0.2 kb	 0.0% Packages/com.unity.test-framework/UnityEngine.TestRunner/NUnitExtensions/Filters/CategoryFilterExtended.cs
 0.2 kb	 0.0% Packages/com.unity.test-framework/UnityEngine.TestRunner/Assertions/UnexpectedLogMessageException.cs
 0.2 kb	 0.0% Packages/com.unity.services.core/Runtime/Threading/UnityThreadUtilsInternal.cs
 0.2 kb	 0.0% Packages/com.unity.services.core/Runtime/Telemetry/Metrics/DisabledMetricsFactory.cs
 0.2 kb	 0.0% Packages/com.unity.services.core/Runtime/Core.Internal/Components/Configuration/IProjectConfiguration.cs
 0.2 kb	 0.0% Packages/com.unity.services.core/Runtime/Components/ServicesInitializationEvents.cs
 0.2 kb	 0.0% Packages/com.unity.services.core/Runtime/Analytics/AnalyticsOptionsExtensions.cs
 0.1 kb	 0.0% Packages/com.unity.visualscripting/Runtime/VisualScripting.Flow/Ports/MissingValuePortInputException.cs
 0.1 kb	 0.0% Packages/com.unity.visualscripting/Runtime/VisualScripting.Flow/EditorBinding/UnitHeaderInspectableAttribute.cs
 0.1 kb	 0.0% Packages/com.unity.visualscripting/Runtime/VisualScripting.Flow/Dependencies/NCalc/LogicalExpressionVisitor.cs
 0.1 kb	 0.0% Packages/com.unity.visualscripting/Runtime/VisualScripting.Core/Variables/VariableDeclarationCollection.cs
 0.1 kb	 0.0% Packages/com.unity.visualscripting/Runtime/VisualScripting.Core/Variables/InspectorVariableNameAttribute.cs
 0.1 kb	 0.0% Packages/com.unity.visualscripting/Runtime/VisualScripting.Core/Serialization/SerializationVersionAttribute.cs
 0.1 kb	 0.0% Packages/com.unity.visualscripting/Runtime/VisualScripting.Core/Exceptions/InvalidImplementationException.cs
 0.1 kb	 0.0% Packages/com.unity.visualscripting/Runtime/VisualScripting.Core/Events/MessageListeners/UIEventsInterfacesListeners/UnityOnPointerUpMessageListener.cs
 0.1 kb	 0.0% Packages/com.unity.visualscripting/Runtime/VisualScripting.Core/Events/MessageListeners/UIEventsInterfacesListeners/UnityOnEndDragMessageListener.cs
 0.1 kb	 0.0% Packages/com.unity.visualscripting/Runtime/VisualScripting.Core/Events/MessageListeners/UIEventsInterfacesListeners/UnityOnDeselectMessageListener.cs
 0.1 kb	 0.0% Packages/com.unity.visualscripting/Runtime/VisualScripting.Core/Events/MessageListeners/UIEventsInterfacesListeners/UnityOnBeginDragMessageListener.cs
 0.1 kb	 0.0% Packages/com.unity.visualscripting/Runtime/VisualScripting.Core/Events/MessageListeners/MonoBehaviourMessageListeners/UnityOnMouseUpMessageListener.cs
 0.1 kb	 0.0% Packages/com.unity.visualscripting/Runtime/VisualScripting.Core/Events/MessageListeners/MonoBehaviourMessageListeners/UnityOnMouseOverMessageListener.cs
 0.1 kb	 0.0% Packages/com.unity.visualscripting/Runtime/VisualScripting.Core/Events/MessageListeners/MonoBehaviourMessageListeners/UnityOnMouseExitMessageListener.cs
 0.1 kb	 0.0% Packages/com.unity.visualscripting/Runtime/VisualScripting.Core/Events/MessageListeners/MonoBehaviourMessageListeners/UnityOnMouseEnterMessageListener.cs
 0.1 kb	 0.0% Packages/com.unity.visualscripting/Runtime/VisualScripting.Core/Events/MessageListeners/MonoBehaviourMessageListeners/UnityOnMouseDragMessageListener.cs
 0.1 kb	 0.0% Packages/com.unity.visualscripting/Runtime/VisualScripting.Core/Events/MessageListeners/MonoBehaviourMessageListeners/UnityOnMouseDownMessageListener.cs
 0.1 kb	 0.0% Packages/com.unity.visualscripting/Runtime/VisualScripting.Core/Events/MessageListeners/MonoBehaviourMessageListeners/UnityOnJointBreakMessageListener.cs
 0.1 kb	 0.0% Packages/com.unity.visualscripting/Runtime/VisualScripting.Core/EditorBinding/Inspector/InspectorExpandTooltipAttribute.cs
 0.1 kb	 0.0% Packages/com.unity.visualscripting/Runtime/VisualScripting.Core/EditorBinding/Inspector/InspectorAdaptiveWidthAttribute.cs
 0.1 kb	 0.0% Packages/com.unity.visualscripting/Runtime/VisualScripting.Core/Dependencies/FullSerializer/Internal/fsPortableReflection.cs
 0.1 kb	 0.0% Packages/com.unity.test-framework/UnityEngine.TestRunner/TestRunner/RemoteHelpers/RemoteTestResultDataFactory.cs
 0.1 kb	 0.0% Packages/com.unity.test-framework/UnityEngine.TestRunner/TestRunner/RemoteHelpers/PlayerConnectionMessageIds.cs
 0.1 kb	 0.0% Packages/com.unity.test-framework/UnityEngine.TestRunner/TestRunner/RemoteHelpers/IRemoteTestResultDataFactory.cs
 0.1 kb	 0.0% Packages/com.unity.test-framework/UnityEngine.TestRunner/TestRunner/Callbacks/RemoteTestResultSender.cs
 0.1 kb	 0.0% Packages/com.unity.test-framework/UnityEngine.TestRunner/TestRunner/Callbacks/PlayModeRunnerCallback.cs
 0.1 kb	 0.0% Packages/com.unity.test-framework/UnityEngine.TestRunner/Assertions/AllocatingGCMemoryConstraint.cs
 0.1 kb	 0.0% Packages/com.unity.services.core/Runtime/Core.Internal/Registry/DependencyTreeExceptions.cs
 0.1 kb	 0.0% Packages/com.unity.services.core/Runtime/Core.Internal/Components/Vivox/IVivoxTokenProviderInternal.cs
 0.1 kb	 0.0% Packages/com.unity.services.core/Runtime/Core.Internal/Components/Networking/HttpRequestExtensions.cs
 0.1 kb	 0.0% Packages/com.unity.services.core/Runtime/Core.Internal/Components/Authentication/IServerEnvironmentId.cs
 0.1 kb	 0.0% Packages/com.unity.services.core/Runtime/Core.Internal/Components/Authentication/IServerAccessToken.cs
 0.1 kb	 0.0% Packages/com.unity.visualscripting/Runtime/VisualScripting.Core/Dependencies/FullSerializer/fsExceptions.cs
 0.1 kb	 0.0% Packages/com.unity.visualscripting/Runtime/VisualScripting.Core/Dependencies/FullSerializer/fsAotCompilationManager.cs
 0.1 kb	 0.0% Packages/com.unity.visualscripting/Runtime/VisualScripting.Core/Dependencies/FullSerializer/Converters/fsWeakReferenceConverter.cs
 0.1 kb	 0.0% Packages/com.unity.visualscripting/Runtime/VisualScripting.Core/Dependencies/FullSerializer/Converters/fsKeyValuePairConverter.cs
 0.1 kb	 0.0% Packages/com.unity.visualscripting/Runtime/VisualScripting.Core/Dependencies/FullSerializer/Converters/fsIEnumerableConverter.cs
 0.1 kb	 0.0% Packages/com.unity.visualscripting/Runtime/VisualScripting.Core/Dependencies/FullSerializer/Converters/fsDictionaryConverter.cs
 0.1 kb	 0.0% Packages/com.unity.visualscripting/Runtime/VisualScripting.Core/Dependencies/FullSerializer/Converters/Unity/Keyframe_DirectConverter.cs
 0.1 kb	 0.0% Packages/com.unity.visualscripting/Runtime/VisualScripting.Core/Dependencies/FullSerializer/Converters/Unity/Gradient_DirectConverter.cs
 0.1 kb	 0.0% Packages/com.unity.visualscripting/Runtime/VisualScripting.Core/Dependencies/FullSerializer/Converters/Unity/GUIStyle_DirectConverter.cs
 0.1 kb	 0.0% Packages/com.unity.visualscripting/Runtime/VisualScripting.Core/Dependencies/FullSerializer/Converters/Unity/Bounds_DirectConverter.cs
 0.1 kb	 0.0% Packages/com.unity.test-framework/UnityEngine.TestRunner/TestRunner/Messages/IEditModeTestYieldInstruction.cs
 0.1 kb	 0.0% Packages/com.unity.test-framework/UnityEngine.TestRunner/NUnitExtensions/UnityTestAssemblyBuilder.cs
 0.1 kb	 0.0% Packages/com.unity.test-framework/UnityEngine.TestRunner/NUnitExtensions/Runner/TestCommandBuilder.cs
 0.1 kb	 0.0% Packages/com.unity.test-framework/UnityEngine.TestRunner/NUnitExtensions/Runner/DefaultTestWorkItem.cs
 0.1 kb	 0.0% Packages/com.unity.test-framework/UnityEngine.TestRunner/NUnitExtensions/Runner/CompositeWorkItem.cs
 0.1 kb	 0.0% Packages/com.unity.test-framework/UnityEngine.TestRunner/NUnitExtensions/OrderedTestSuiteModifier.cs
 0.1 kb	 0.0% Packages/com.unity.test-framework/UnityEngine.TestRunner/NUnitExtensions/Filters/AssemblyNameFilter.cs
 0.1 kb	 0.0% Packages/com.unity.test-framework/UnityEngine.TestRunner/NUnitExtensions/Commands/EnumerableSetUpTearDownCommand.cs
 0.1 kb	 0.0% Packages/com.unity.test-framework/UnityEngine.TestRunner/NUnitExtensions/Commands/EnumerableRepeatedTestCommand.cs
 0.1 kb	 0.0% Packages/com.unity.test-framework/UnityEngine.TestRunner/NUnitExtensions/Attributes/TestMustExpectAllLogsAttribute.cs
 0.1 kb	 0.0% Packages/com.unity.test-framework/UnityEngine.TestRunner/Assertions/UnityTestTimeoutException.cs
 0.1 kb	 0.0% Packages/com.unity.test-framework/UnityEngine.TestRunner/Assertions/UnhandledLogMessageException.cs
 0.1 kb	 0.0% Packages/com.unity.test-framework/UnityEngine.TestRunner/Assertions/InvalidSignatureException.cs
 0.1 kb	 0.0% Packages/com.unity.services.core/Runtime/Telemetry/Diagnotstics/DisabledDiagnostics.cs
 0.1 kb	 0.0% Packages/com.unity.services.core/Runtime/Telemetry/Diagnotstics/DiagnosticsFactory.cs
 0.1 kb	 0.0% Packages/com.unity.services.core/Runtime/Scheduler/ScheduledInvocation.cs
 0.1 kb	 0.0% Packages/com.unity.services.core/Runtime/Scheduler/MinimumBinaryHeap.cs
 0.1 kb	 0.0% Packages/com.unity.services.core/Runtime/Registration/CorePackageInitializer.cs
 0.1 kb	 0.0% Packages/com.unity.services.core/Runtime/Networking/UnityWebRequestClient.cs
 0.1 kb	 0.0% Packages/com.unity.services.core/Runtime/Environments/Internal/Environments.cs
 0.1 kb	 0.0% Packages/com.unity.services.core/Runtime/Core.Internal/Serialization/NewtonsoftSerializer.cs
 0.1 kb	 0.0% Packages/com.unity.services.core/Runtime/Core.Internal/Registry/PackageInitializationInfo.cs
 0.1 kb	 0.0% Packages/com.unity.services.core/Runtime/Core.Internal/Registry/CircularDependencyException.cs
 0.1 kb	 0.0% Packages/com.unity.services.core/Runtime/Configuration/Utils/StreamingAssetsUtils.cs
 0.1 kb	 0.0% Packages/com.unity.services.core/Runtime/Configuration/ProjectConfiguration.cs
 0.1 kb	 0.0% Packages/com.unity.services.core/Runtime/Configuration/IConfigurationLoader.cs
 0.1 kb	 0.0% Packages/com.unity.services.core/Runtime/Configuration/ConfigurationUtils.cs
 0.1 kb	 0.0% Packages/com.unity.services.core/Runtime/Configuration/ConfigurationEntry.cs
 0.1 kb	 0.0% Packages/com.unity.services.core/Runtime/Components/ServicesInitialization.cs
 0.1 kb	 0.0% Packages/com.unity.visualscripting/Runtime/VisualScripting.State/IStateTransitionDebugData.cs
 0.1 kb	 0.0% Packages/com.unity.visualscripting/Runtime/VisualScripting.Flow/Ports/IUnitOutputPortDefinition.cs
 0.1 kb	 0.0% Packages/com.unity.visualscripting/Runtime/VisualScripting.Flow/Ports/IUnitControlPortDefinition.cs
 0.1 kb	 0.0% Packages/com.unity.visualscripting/Runtime/VisualScripting.Flow/Framework/Variables/Obsolete/IsApplicationVariableDefined.cs
 0.1 kb	 0.0% Packages/com.unity.visualscripting/Runtime/VisualScripting.Flow/Framework/Events/Hierarchy/OnTransformChildrenChanged.cs
 0.1 kb	 0.0% Packages/com.unity.visualscripting/Runtime/VisualScripting.Flow/Dependencies/NCalc/TernaryExpression.cs
 0.1 kb	 0.0% Packages/com.unity.visualscripting/Runtime/VisualScripting.Flow/Dependencies/NCalc/SerializationVisitor.cs
 0.1 kb	 0.0% Packages/com.unity.visualscripting/Runtime/VisualScripting.Flow/Dependencies/NCalc/LogicalExpression.cs
 0.1 kb	 0.0% Packages/com.unity.visualscripting/Runtime/VisualScripting.Flow/Dependencies/NCalc/IdentifierExpression.cs
 0.1 kb	 0.0% Packages/com.unity.visualscripting/Runtime/VisualScripting.Flow/Dependencies/NCalc/FunctionExpression.cs
 0.1 kb	 0.0% Packages/com.unity.visualscripting/Runtime/VisualScripting.Flow/Dependencies/NCalc/EvaluationVisitor.cs
 0.1 kb	 0.0% Packages/com.unity.visualscripting/Runtime/VisualScripting.Flow/Dependencies/NCalc/EvaluationException.cs
 0.1 kb	 0.0% Packages/com.unity.visualscripting/Runtime/VisualScripting.Core/Variables/VariableDeclarationsCloner.cs
 0.1 kb	 0.0% Packages/com.unity.visualscripting/Runtime/VisualScripting.Core/Utilities/ReferenceEqualityComparer.cs
 0.1 kb	 0.0% Packages/com.unity.visualscripting/Runtime/VisualScripting.Core/Unity/UnityObjectOwnershipUtility.cs
 0.1 kb	 0.0% Packages/com.unity.visualscripting/Runtime/VisualScripting.Core/Unity/RequiresUnityAPIAttribute.cs
 0.1 kb	 0.0% Packages/com.unity.visualscripting/Runtime/VisualScripting.Core/SerializedProperties/ISerializedPropertyProvider.cs
 0.1 kb	 0.0% Packages/com.unity.visualscripting/Runtime/VisualScripting.Core/Serialization/Converters/LooseAssemblyNameConverter.cs
 0.1 kb	 0.0% Packages/com.unity.visualscripting/Runtime/VisualScripting.Core/Reflection/RenamedNamespaceAttribute.cs
 0.1 kb	 0.0% Packages/com.unity.visualscripting/Runtime/VisualScripting.Core/Reflection/Optimization/ReflectionPropertyAccessor.cs
 0.1 kb	 0.0% Packages/com.unity.visualscripting/Runtime/VisualScripting.Core/Reflection/Operators/GreaterThanOrEqualHandler.cs
 0.1 kb	 0.0% Packages/com.unity.visualscripting/Runtime/VisualScripting.Core/Reflection/Operators/AmbiguousOperatorException.cs
 0.1 kb	 0.0% Packages/com.unity.visualscripting/Runtime/VisualScripting.Core/Profiling/ProfiledSegmentCollection.cs
 0.1 kb	 0.0% Packages/com.unity.visualscripting/Runtime/VisualScripting.Core/Graphs/MergedGraphElementCollection.cs
 0.1 kb	 0.0% Packages/com.unity.visualscripting/Runtime/VisualScripting.Core/Graphs/IGraphElementWithDebugData.cs
 0.1 kb	 0.0% Packages/com.unity.visualscripting/Runtime/VisualScripting.Core/Exceptions/InvalidConversionException.cs
 0.1 kb	 0.0% Packages/com.unity.visualscripting/Runtime/VisualScripting.Core/Events/MessageListeners/UIEventsInterfacesListeners/UnityOnSubmitMessageListener.cs
 0.1 kb	 0.0% Packages/com.unity.visualscripting/Runtime/VisualScripting.Core/Events/MessageListeners/UIEventsInterfacesListeners/UnityOnSelectMessageListener.cs
 0.1 kb	 0.0% Packages/com.unity.visualscripting/Runtime/VisualScripting.Core/Events/MessageListeners/UIEventsInterfacesListeners/UnityOnScrollMessageListener.cs
 0.1 kb	 0.0% Packages/com.unity.visualscripting/Runtime/VisualScripting.Core/Events/MessageListeners/UIEventsInterfacesListeners/UnityOnMoveMessageListener.cs
 0.1 kb	 0.0% Packages/com.unity.visualscripting/Runtime/VisualScripting.Core/Events/MessageListeners/UIEventsInterfacesListeners/UnityOnDropMessageListener.cs
 0.1 kb	 0.0% Packages/com.unity.visualscripting/Runtime/VisualScripting.Core/Events/MessageListeners/UIEventsInterfacesListeners/UnityOnDragMessageListener.cs
 0.1 kb	 0.0% Packages/com.unity.visualscripting/Runtime/VisualScripting.Core/Events/MessageListeners/UIEventsInterfacesListeners/UnityOnCancelMessageListener.cs
 0.1 kb	 0.0% Packages/com.unity.visualscripting/Runtime/VisualScripting.Core/EditorBinding/WarnBeforeRemovingAttribute.cs
 0.1 kb	 0.0% Packages/com.unity.visualscripting/Runtime/VisualScripting.Core/EditorBinding/WarnBeforeEditingAttribute.cs
 0.1 kb	 0.0% Packages/com.unity.visualscripting/Runtime/VisualScripting.Core/EditorBinding/TypeIconPriorityAttribute.cs
 0.1 kb	 0.0% Packages/com.unity.visualscripting/Runtime/VisualScripting.Core/EditorBinding/Inspector/InspectorToggleLeftAttribute.cs
 0.1 kb	 0.0% Packages/com.unity.visualscripting/Runtime/VisualScripting.Core/EditorBinding/Inspector/InspectorTextAreaAttribute.cs
 0.1 kb	 0.0% Packages/com.unity.visualscripting/Runtime/VisualScripting.Core/EditorBinding/Inspector/InspectorDelayedAttribute.cs
 0.1 kb	 0.0% Packages/com.unity.visualscripting/Runtime/VisualScripting.Core/EditorBinding/IncludeInSettingsAttribute.cs
 0.1 kb	 0.0% Packages/com.unity.visualscripting/Runtime/VisualScripting.Core/EditorBinding/DisableAnnotationAttribute.cs
 0.1 kb	 0.0% Packages/com.unity.visualscripting/Runtime/VisualScripting.Core/Dependencies/FullSerializer/Internal/fsVersionedType.cs
 0.1 kb	 0.0% Packages/com.unity.visualscripting/Runtime/VisualScripting.Core/Dependencies/FullSerializer/Internal/fsVersionManager.cs
 0.1 kb	 0.0% Packages/com.unity.visualscripting/Runtime/VisualScripting.Core/Dependencies/FullSerializer/Internal/fsTypeExtensions.cs
 0.1 kb	 0.0% Packages/com.unity.visualscripting/Runtime/VisualScripting.Core/Connections/InvalidConnectionException.cs
 0.1 kb	 0.0% Packages/com.unity.test-framework/UnityEngine.TestRunner/Utils/QuaternionEqualityComparer.cs
 0.1 kb	 0.0% Packages/com.unity.test-framework/UnityEngine.TestRunner/Utils/AssemblyProvider/PlayerTestAssemblyProvider.cs
 0.1 kb	 0.0% Packages/com.unity.test-framework/UnityEngine.TestRunner/TestRunner/RuntimeTestRunnerFilter.cs
 0.1 kb	 0.0% Packages/com.unity.test-framework/UnityEngine.TestRunner/TestRunner/Callbacks/TestResultRenderer.cs
 0.1 kb	 0.0% Packages/com.unity.test-framework/UnityEngine.TestRunner/TestRunner/Callbacks/PlayerQuitHandler.cs
 0.1 kb	 0.0% Packages/com.unity.services.core/Runtime/Core/DynamicDependency/PreserveDependencyAttribute.cs
 0.1 kb	 0.0% Packages/com.unity.services.core/Runtime/Core.Internal/Components/Threading/IUnityThreadUtils.cs
 0.1 kb	 0.0% Packages/com.unity.services.core/Runtime/Core.Internal/Components/Telemetry/IDiagnosticsFactory.cs
 0.1 kb	 0.0% Packages/com.unity.services.core/Runtime/Core.Internal/Components/Networking/ReadOnlyHttpResponse.cs
 0.1 kb	 0.0% Packages/com.unity.services.core/Runtime/Core.Internal/Components/Networking/ReadOnlyHttpRequest.cs
 0.1 kb	 0.0% Packages/com.unity.services.core/Runtime/Core.Internal/Components/Authentication/IAccessTokenObserver.cs
 0.1 kb	 0.0% Packages/com.unity.visualscripting/Runtime/VisualScripting.Core/Dependencies/FullSerializer/fsPropertyAttribute.cs
 0.1 kb	 0.0% Packages/com.unity.visualscripting/Runtime/VisualScripting.Core/Dependencies/FullSerializer/fsObjectProcessor.cs
 0.1 kb	 0.0% Packages/com.unity.visualscripting/Runtime/VisualScripting.Core/Dependencies/FullSerializer/fsObjectAttribute.cs
 0.1 kb	 0.0% Packages/com.unity.visualscripting/Runtime/VisualScripting.Core/Dependencies/FullSerializer/fsIgnoreAttribute.cs
 0.1 kb	 0.0% Packages/com.unity.visualscripting/Runtime/VisualScripting.Core/Dependencies/FullSerializer/fsDirectConverter.cs
 0.1 kb	 0.0% Packages/com.unity.visualscripting/Runtime/VisualScripting.Core/Dependencies/FullSerializer/fsConverterRegistrar.cs
 0.1 kb	 0.0% Packages/com.unity.visualscripting/Runtime/VisualScripting.Core/Dependencies/FullSerializer/Reflection/fsReflectionUtility.cs
 0.1 kb	 0.0% Packages/com.unity.visualscripting/Runtime/VisualScripting.Core/Dependencies/FullSerializer/Converters/fsReflectedConverter.cs
 0.1 kb	 0.0% Packages/com.unity.visualscripting/Runtime/VisualScripting.Core/Dependencies/FullSerializer/Converters/fsPrimitiveConverter.cs
 0.1 kb	 0.0% Packages/com.unity.visualscripting/Runtime/VisualScripting.Core/Dependencies/FullSerializer/Converters/fsNullableConverter.cs
 0.1 kb	 0.0% Packages/com.unity.visualscripting/Runtime/VisualScripting.Core/Dependencies/FullSerializer/Converters/fsForwardConverter.cs
 0.1 kb	 0.0% Packages/com.unity.visualscripting/Runtime/VisualScripting.Core/Dependencies/FullSerializer/Converters/Unity/Rect_DirectConverter.cs
 0.1 kb	 0.0% Packages/com.unity.test-framework/UnityEngine.TestRunner/Utils/PostBuildCleanupAttribute.cs
 0.1 kb	 0.0% Packages/com.unity.test-framework/UnityEngine.TestRunner/TestRunner/TestEnumeratorWrapper.cs
 0.1 kb	 0.0% Packages/com.unity.test-framework/UnityEngine.TestRunner/TestRunner/PlaymodeTestsController.cs
 0.1 kb	 0.0% Packages/com.unity.test-framework/UnityEngine.TestRunner/NUnitExtensions/TestResultExtensions.cs
 0.1 kb	 0.0% Packages/com.unity.test-framework/UnityEngine.TestRunner/NUnitExtensions/Runner/WorkItemFactory.cs
 0.1 kb	 0.0% Packages/com.unity.test-framework/UnityEngine.TestRunner/NUnitExtensions/Runner/UnityWorkItem.cs
 0.1 kb	 0.0% Packages/com.unity.test-framework/UnityEngine.TestRunner/NUnitExtensions/ITestSuiteModifier.cs
 0.1 kb	 0.0% Packages/com.unity.test-framework/UnityEngine.TestRunner/NUnitExtensions/Filters/FullNameFilter.cs
 0.1 kb	 0.0% Packages/com.unity.test-framework/UnityEngine.TestRunner/NUnitExtensions/ConstructDelegator.cs
 0.1 kb	 0.0% Packages/com.unity.test-framework/UnityEngine.TestRunner/NUnitExtensions/Commands/OuterUnityTestActionCommand.cs
 0.1 kb	 0.0% Packages/com.unity.test-framework/UnityEngine.TestRunner/NUnitExtensions/Commands/ImmediateEnumerableCommand.cs
 0.1 kb	 0.0% Packages/com.unity.test-framework/UnityEngine.TestRunner/NUnitExtensions/Commands/EnumerableTestMethodCommand.cs
 0.1 kb	 0.0% Packages/com.unity.test-framework/UnityEngine.TestRunner/NUnitExtensions/Commands/EnumerableRetryTestCommand.cs
 0.1 kb	 0.0% Packages/com.unity.test-framework/UnityEngine.TestRunner/NUnitExtensions/Commands/BeforeAfterTestCommandState.cs
 0.1 kb	 0.0% Packages/com.unity.test-framework/UnityEngine.TestRunner/NUnitExtensions/Attributes/UnityCombinatorialStrategy.cs
 0.1 kb	 0.0% Packages/com.unity.test-framework/UnityEngine.TestRunner/NUnitExtensions/Attributes/ConditionalIgnoreAttribute.cs
 0.1 kb	 0.0% Packages/com.unity.test-framework/UnityEngine.TestRunner/Assertions/ConstraintsExtensions.cs
 0.1 kb	 0.0% Packages/com.unity.services.core/Runtime/Telemetry/Metrics/MetricsFactory.cs
 0.1 kb	 0.0% Packages/com.unity.services.core/Runtime/Telemetry/Metrics/DisabledMetrics.cs
 0.1 kb	 0.0% Packages/com.unity.services.core/Runtime/Scheduler/TimeProvider/UtcTimeProvider.cs
 0.1 kb	 0.0% Packages/com.unity.services.core/Runtime/Scheduler/TimeProvider/ITimeProvider.cs
 0.1 kb	 0.0% Packages/com.unity.services.core/Runtime/Scheduler/ActionScheduler.cs
 0.1 kb	 0.0% Packages/com.unity.services.core/Runtime/Networking/HttpServiceConfig.cs
 0.1 kb	 0.0% Packages/com.unity.services.core/Runtime/Device/UserIdProviders/UnityAnalyticsIdentifier.cs
 0.1 kb	 0.0% Packages/com.unity.services.core/Runtime/Device/UserIdProviders/IUserIdentifierProvider.cs
 0.1 kb	 0.0% Packages/com.unity.services.core/Runtime/Core/Initialization/UnityProjectNotLinkedException.cs
 0.1 kb	 0.0% Packages/com.unity.services.core/Runtime/Core/Initialization/ServicesInitializationException.cs
 0.1 kb	 0.0% Packages/com.unity.services.core/Runtime/Core.Internal/UnityServicesInternal.cs
 0.1 kb	 0.0% Packages/com.unity.services.core/Runtime/Core.Internal/UnityServicesInitializer.cs
 0.1 kb	 0.0% Packages/com.unity.services.core/Runtime/Core.Internal/Serialization/IJsonSerializer.cs
 0.1 kb	 0.0% Packages/com.unity.services.core/Runtime/Core.Internal/Registry/ServiceRegistry/LockedServiceRegistry.cs
 0.1 kb	 0.0% Packages/com.unity.services.core/Runtime/Core.Internal/Registry/PackageRegistry/LockedPackageRegistry.cs
 0.1 kb	 0.0% Packages/com.unity.services.core/Runtime/Core.Internal/Registry/IInitializablePackageV2.cs
 0.1 kb	 0.0% Packages/com.unity.services.core/Runtime/Core.Internal/Registry/IInitializablePackage.cs
 0.1 kb	 0.0% Packages/com.unity.services.core/Runtime/Core.Internal/Registry/DependencyTreeExtensions.cs
 0.1 kb	 0.0% Packages/com.unity.services.core/Runtime/Core.Internal/Registry/CoreRegistryInitializer.cs
 0.1 kb	 0.0% Packages/com.unity.services.core/Runtime/Core.Internal/Registry/ComponentRegistry/LockedComponentRegistry.cs
 0.1 kb	 0.0% Packages/com.unity.services.core/Runtime/Core.Internal/Components/Wire/IChannelTokenProvider.cs
 0.1 kb	 0.0% Packages/com.unity.services.core/Runtime/Core.Internal/Components/Environments/IEnvironments.cs
 0.1 kb	 0.0% Packages/com.unity.services.core/Runtime/Core.Internal/Components/Configuration/IExternalUserId.cs
 0.1 kb	 0.0% Packages/com.unity.services.core/Runtime/Core.Internal/Components/Configuration/ICloudProjectId.cs
 0.1 kb	 0.0% Packages/com.unity.services.core/Runtime/Core.Internal/AsyncOperation/IAsyncOperationAwaiter.cs
 0.1 kb	 0.0% Packages/com.unity.services.core/Runtime/Core.Internal/AsyncOperation/AsyncOperationExtensions.cs
 0.1 kb	 0.0% Packages/com.unity.services.core/Runtime/Core.Internal/AsyncOperation/AsyncOperationAwaiter.cs
 0.1 kb	 0.0% Packages/com.unity.services.core/Runtime/Configuration/ExternalUserId.cs
 0.1 kb	 0.0% Packages/com.unity.services.core/Runtime/Configuration/CloudProjectId.cs
 0.1 kb	 0.0% Packages/com.unity.services.core/Runtime/Components/ServicesBehaviour.cs
 0.1 kb	 0.0% Packages/com.unity.visualscripting/Runtime/VisualScripting.State/TriggerStateTransition.cs
 0.1 kb	 0.0% Packages/com.unity.visualscripting/Runtime/VisualScripting.State/INesterStateTransition.cs
 0.1 kb	 0.0% Packages/com.unity.visualscripting/Runtime/VisualScripting.Flow/UnitCategoryConverter.cs
 0.1 kb	 0.0% Packages/com.unity.visualscripting/Runtime/VisualScripting.Flow/Ports/ValueOutputDefinition.cs
 0.1 kb	 0.0% Packages/com.unity.visualscripting/Runtime/VisualScripting.Flow/Ports/IUnitValuePortDefinition.cs
 0.1 kb	 0.0% Packages/com.unity.visualscripting/Runtime/VisualScripting.Flow/Ports/IUnitInputPortDefinition.cs
 0.1 kb	 0.0% Packages/com.unity.visualscripting/Runtime/VisualScripting.Flow/Ports/ControlPortDefinition.cs
 0.1 kb	 0.0% Packages/com.unity.visualscripting/Runtime/VisualScripting.Flow/Ports/ControlOutputDefinition.cs
 0.1 kb	 0.0% Packages/com.unity.visualscripting/Runtime/VisualScripting.Flow/Ports/ControlInputDefinition.cs
 0.1 kb	 0.0% Packages/com.unity.visualscripting/Runtime/VisualScripting.Flow/Framework/Variables/Obsolete/SetApplicationVariable.cs
 0.1 kb	 0.0% Packages/com.unity.visualscripting/Runtime/VisualScripting.Flow/Framework/Variables/Obsolete/IsVariableDefinedUnit.cs
 0.1 kb	 0.0% Packages/com.unity.visualscripting/Runtime/VisualScripting.Flow/Framework/Variables/Obsolete/IsSceneVariableDefined.cs
 0.1 kb	 0.0% Packages/com.unity.visualscripting/Runtime/VisualScripting.Flow/Framework/Variables/Obsolete/IsSavedVariableDefined.cs
 0.1 kb	 0.0% Packages/com.unity.visualscripting/Runtime/VisualScripting.Flow/Framework/Variables/Obsolete/IsObjectVariableDefined.cs
 0.1 kb	 0.0% Packages/com.unity.visualscripting/Runtime/VisualScripting.Flow/Framework/Variables/Obsolete/IsGraphVariableDefined.cs
 0.1 kb	 0.0% Packages/com.unity.visualscripting/Runtime/VisualScripting.Flow/Framework/Variables/Obsolete/IApplicationVariableUnit.cs
 0.1 kb	 0.0% Packages/com.unity.visualscripting/Runtime/VisualScripting.Flow/Framework/Variables/Obsolete/GetApplicationVariable.cs
 0.1 kb	 0.0% Packages/com.unity.visualscripting/Runtime/VisualScripting.Flow/Framework/Time/WaitForEndOfFrameUnit.cs
 0.1 kb	 0.0% Packages/com.unity.visualscripting/Runtime/VisualScripting.Flow/Framework/Logic/NotApproximatelyEqual.cs
 0.1 kb	 0.0% Packages/com.unity.visualscripting/Runtime/VisualScripting.Flow/Framework/Events/Hierarchy/OnTransformParentChanged.cs
 0.1 kb	 0.0% Packages/com.unity.visualscripting/Runtime/VisualScripting.Flow/Framework/Events/GUI/OnScrollbarValueChanged.cs
 0.1 kb	 0.0% Packages/com.unity.visualscripting/Runtime/VisualScripting.Flow/Framework/Events/GUI/OnScrollRectValueChanged.cs
 0.1 kb	 0.0% Packages/com.unity.visualscripting/Runtime/VisualScripting.Flow/Framework/Events/GUI/OnInputFieldValueChanged.cs
 0.1 kb	 0.0% Packages/com.unity.visualscripting/Runtime/VisualScripting.Flow/Framework/Events/GUI/OnDropdownValueChanged.cs
 0.1 kb	 0.0% Packages/com.unity.visualscripting/Runtime/VisualScripting.Flow/Framework/Events/Application/OnApplicationLostFocus.cs
 0.1 kb	 0.0% Packages/com.unity.visualscripting/Runtime/VisualScripting.Flow/Framework/Events/Animation/BoltNamedAnimationEvent.cs
 0.1 kb	 0.0% Packages/com.unity.visualscripting/Runtime/VisualScripting.Flow/Framework/Collections/Dictionaries/DictionaryContainsKey.cs
 0.1 kb	 0.0% Packages/com.unity.visualscripting/Runtime/VisualScripting.Flow/EditorBinding/UnitSurtitleAttribute.cs
 0.1 kb	 0.0% Packages/com.unity.visualscripting/Runtime/VisualScripting.Flow/EditorBinding/UnitSubtitleAttribute.cs
 0.1 kb	 0.0% Packages/com.unity.visualscripting/Runtime/VisualScripting.Flow/EditorBinding/UnitShortTitleAttribute.cs
 0.1 kb	 0.0% Packages/com.unity.visualscripting/Runtime/VisualScripting.Flow/EditorBinding/UnitFooterPortsAttribute.cs
 0.1 kb	 0.0% Packages/com.unity.visualscripting/Runtime/VisualScripting.Flow/EditorBinding/PortLabelHiddenAttribute.cs
 0.1 kb	 0.0% Packages/com.unity.visualscripting/Runtime/VisualScripting.Flow/Dependencies/NCalc/ValueExpression.cs
 0.1 kb	 0.0% Packages/com.unity.visualscripting/Runtime/VisualScripting.Flow/Dependencies/NCalc/UnaryExpression.cs
 0.1 kb	 0.0% Packages/com.unity.visualscripting/Runtime/VisualScripting.Flow/Dependencies/NCalc/ParameterArgs.cs
 0.1 kb	 0.0% Packages/com.unity.visualscripting/Runtime/VisualScripting.Flow/Dependencies/NCalc/BinaryExpression.cs
 0.1 kb	 0.0% Packages/com.unity.visualscripting/Runtime/VisualScripting.Flow/Connections/UnitConnectionDebugData.cs
 0.1 kb	 0.0% Packages/com.unity.visualscripting/Runtime/VisualScripting.Flow/Connections/IUnitConnectionDebugData.cs
 0.1 kb	 0.0% Packages/com.unity.visualscripting/Runtime/VisualScripting.Core/Variables/VariableKindAttribute.cs
 0.1 kb	 0.0% Packages/com.unity.visualscripting/Runtime/VisualScripting.Core/Variables/IGraphDataWithVariables.cs
 0.1 kb	 0.0% Packages/com.unity.visualscripting/Runtime/VisualScripting.Core/Utilities/RuntimeVSUsageUtility.cs
 0.1 kb	 0.0% Packages/com.unity.visualscripting/Runtime/VisualScripting.Core/Utilities/IAnalyticsIdentifiable.cs
 0.1 kb	 0.0% Packages/com.unity.visualscripting/Runtime/VisualScripting.Core/Utilities/ComponentHolderProtocol.cs
 0.1 kb	 0.0% Packages/com.unity.visualscripting/Runtime/VisualScripting.Core/Unity/MacroScriptableObject.cs
 0.1 kb	 0.0% Packages/com.unity.visualscripting/Runtime/VisualScripting.Core/Unity/LudiqScriptableObject.cs
 0.1 kb	 0.0% Packages/com.unity.visualscripting/Runtime/VisualScripting.Core/Serialization/SerializationOperation.cs
 0.1 kb	 0.0% Packages/com.unity.visualscripting/Runtime/VisualScripting.Core/Serialization/ISerializationDepender.cs
 0.1 kb	 0.0% Packages/com.unity.visualscripting/Runtime/VisualScripting.Core/Serialization/ISerializationDependency.cs
 0.1 kb	 0.0% Packages/com.unity.visualscripting/Runtime/VisualScripting.Core/Serialization/DoNotSerializeAttribute.cs
 0.1 kb	 0.0% Packages/com.unity.visualscripting/Runtime/VisualScripting.Core/Reflection/RenamedAssemblyAttribute.cs
 0.1 kb	 0.0% Packages/com.unity.visualscripting/Runtime/VisualScripting.Core/Reflection/Optimization/StaticActionInvokerBase.cs
 0.1 kb	 0.0% Packages/com.unity.visualscripting/Runtime/VisualScripting.Core/Reflection/Optimization/ReflectionFieldAccessor.cs
 0.1 kb	 0.0% Packages/com.unity.visualscripting/Runtime/VisualScripting.Core/Reflection/Operators/NumericNegationHandler.cs
 0.1 kb	 0.0% Packages/com.unity.visualscripting/Runtime/VisualScripting.Core/Reflection/Operators/MultiplicationHandler.cs
 0.1 kb	 0.0% Packages/com.unity.visualscripting/Runtime/VisualScripting.Core/Reflection/Operators/LogicalNegationHandler.cs
 0.1 kb	 0.0% Packages/com.unity.visualscripting/Runtime/VisualScripting.Core/Reflection/Operators/LessThanOrEqualHandler.cs
 0.1 kb	 0.0% Packages/com.unity.visualscripting/Runtime/VisualScripting.Core/Reflection/Operators/InvalidOperatorException.cs
 0.1 kb	 0.0% Packages/com.unity.visualscripting/Runtime/VisualScripting.Core/Reflection/Operators/BinaryOperatorHandler.cs
 0.1 kb	 0.0% Packages/com.unity.visualscripting/Runtime/VisualScripting.Core/Reflection/GenericClosingException.cs
 0.1 kb	 0.0% Packages/com.unity.visualscripting/Runtime/VisualScripting.Core/Platforms/AotIncompatibleAttribute.cs
 0.1 kb	 0.0% Packages/com.unity.visualscripting/Runtime/VisualScripting.Core/Graphs/IGraphElementWithData.cs
 0.1 kb	 0.0% Packages/com.unity.visualscripting/Runtime/VisualScripting.Core/Graphs/IGraphElementDebugData.cs
 0.1 kb	 0.0% Packages/com.unity.visualscripting/Runtime/VisualScripting.Core/Graphs/GraphsExceptionUtility.cs
 0.1 kb	 0.0% Packages/com.unity.visualscripting/Runtime/VisualScripting.Core/Graphs/GraphPointerException.cs
 0.1 kb	 0.0% Packages/com.unity.visualscripting/Runtime/VisualScripting.Core/Events/IGraphEventListenerData.cs
 0.1 kb	 0.0% Packages/com.unity.visualscripting/Runtime/VisualScripting.Core/Events/GlobalMessageListener.cs
 0.1 kb	 0.0% Packages/com.unity.visualscripting/Runtime/VisualScripting.Core/Events/AnimatorMessageListener.cs
 0.1 kb	 0.0% Packages/com.unity.visualscripting/Runtime/VisualScripting.Core/EditorBinding/NullMeansSelfAttribute.cs
 0.1 kb	 0.0% Packages/com.unity.visualscripting/Runtime/VisualScripting.Core/EditorBinding/Inspector/InspectorWideAttribute.cs
 0.1 kb	 0.0% Packages/com.unity.visualscripting/Runtime/VisualScripting.Core/EditorBinding/Inspector/InspectorRangeAttribute.cs
 0.1 kb	 0.0% Packages/com.unity.visualscripting/Runtime/VisualScripting.Core/EditorBinding/Inspector/InspectorLabelAttribute.cs
 0.1 kb	 0.0% Packages/com.unity.visualscripting/Runtime/VisualScripting.Core/EditorBinding/InspectableIfAttribute.cs
 0.1 kb	 0.0% Packages/com.unity.visualscripting/Runtime/VisualScripting.Core/EditorBinding/IInspectableAttribute.cs
 0.1 kb	 0.0% Packages/com.unity.visualscripting/Runtime/VisualScripting.Core/EditorBinding/ExpectedTypeAttribute.cs
 0.1 kb	 0.0% Packages/com.unity.visualscripting/Runtime/VisualScripting.Core/Collections/INotifiedCollectionItem.cs
 0.1 kb	 0.0% Packages/com.unity.visualscripting/Runtime/VisualScripting.Core/Cloning/Cloners/FakeSerializationCloner.cs
 0.1 kb	 0.0% Packages/com.unity.timeline/Runtime/Animation/AnimationPreviewUpdateCallback.cs
 0.1 kb	 0.0% Packages/com.unity.timeline/Runtime/Animation/AnimationOutputWeightProcessor.cs
 0.1 kb	 0.0% Packages/com.unity.textmeshpro/Scripts/Runtime/TMP_SpriteAssetImportFormats.cs
 0.1 kb	 0.0% Packages/com.unity.test-framework/UnityEngine.TestRunner/Utils/Vector4EqualityComparer.cs
 0.1 kb	 0.0% Packages/com.unity.test-framework/UnityEngine.TestRunner/Utils/Vector3EqualityComparer.cs
 0.1 kb	 0.0% Packages/com.unity.test-framework/UnityEngine.TestRunner/Utils/Vector2EqualityComparer.cs
 0.1 kb	 0.0% Packages/com.unity.test-framework/UnityEngine.TestRunner/Utils/TestRunCallbackListener.cs
 0.1 kb	 0.0% Packages/com.unity.test-framework/UnityEngine.TestRunner/Utils/PrebuildSceneSetupAttribute.cs
 0.1 kb	 0.0% Packages/com.unity.test-framework/UnityEngine.TestRunner/Utils/FloatEqualityComparer.cs
 0.1 kb	 0.0% Packages/com.unity.test-framework/UnityEngine.TestRunner/Utils/ColorEqualityComparer.cs
 0.1 kb	 0.0% Packages/com.unity.test-framework/UnityEngine.TestRunner/Utils/AssemblyProvider/ScriptingRuntimeProxy.cs
 0.1 kb	 0.0% Packages/com.unity.test-framework/UnityEngine.TestRunner/Utils/AssemblyProvider/IScriptingRuntimeProxy.cs
 0.1 kb	 0.0% Packages/com.unity.test-framework/UnityEngine.TestRunner/TestRunner/SynchronousFilter.cs
 0.1 kb	 0.0% Packages/com.unity.test-framework/UnityEngine.TestRunner/TestRunner/RemoteHelpers/RemoteTestResultData.cs
 0.1 kb	 0.0% Packages/com.unity.services.core/Runtime/Core.Internal/Components/Telemetry/IMetricsFactory.cs
 0.1 kb	 0.0% Packages/com.unity.services.core/Runtime/Core.Internal/Components/Scheduler/IActionScheduler.cs
 0.1 kb	 0.0% Packages/com.unity.services.core/Runtime/Core.Internal/Components/Authentication/IEnvironmentId.cs
 0.1 kb	 0.0% Packages/com.unity.services.core/Runtime/Core.Internal/Components/Analytics/IAnalyticsUserId.cs
 0.1 kb	 0.0% Assets/TextMesh Pro/Resources/LineBreaking Leading Characters.txt
 0.1 kb	 0.0% Packages/com.unity.visualscripting/Runtime/VisualScripting.Core/Reflection/Optimization/StaticActionInvoker_5.cs
 0.1 kb	 0.0% Packages/com.unity.visualscripting/Runtime/VisualScripting.Core/Reflection/Optimization/StaticActionInvoker_4.cs
 0.1 kb	 0.0% Packages/com.unity.visualscripting/Runtime/VisualScripting.Core/Reflection/Optimization/StaticActionInvoker_3.cs
 0.1 kb	 0.0% Packages/com.unity.visualscripting/Runtime/VisualScripting.Core/Reflection/Optimization/StaticActionInvoker_2.cs
 0.1 kb	 0.0% Packages/com.unity.visualscripting/Runtime/VisualScripting.Core/Reflection/Optimization/StaticActionInvoker_1.cs
 0.1 kb	 0.0% Packages/com.unity.visualscripting/Runtime/VisualScripting.Core/Reflection/Optimization/StaticActionInvoker_0.cs
 0.1 kb	 0.0% Packages/com.unity.visualscripting/Runtime/VisualScripting.Core/Ensure/EnsureThat.NullableValueTypes.cs
 0.1 kb	 0.0% Packages/com.unity.visualscripting/Runtime/VisualScripting.Core/Dependencies/FullSerializer/fsJsonPrinter.cs
 0.1 kb	 0.0% Packages/com.unity.visualscripting/Runtime/VisualScripting.Core/Dependencies/FullSerializer/fsBaseConverter.cs
 0.1 kb	 0.0% Packages/com.unity.visualscripting/Runtime/VisualScripting.Core/Dependencies/FullSerializer/Reflection/fsMetaProperty.cs
 0.1 kb	 0.0% Packages/com.unity.visualscripting/Runtime/VisualScripting.Core/Dependencies/FullSerializer/Converters/fsTypeConverter.cs
 0.1 kb	 0.0% Packages/com.unity.visualscripting/Runtime/VisualScripting.Core/Dependencies/FullSerializer/Converters/fsGuidConverter.cs
 0.1 kb	 0.0% Packages/com.unity.visualscripting/Runtime/VisualScripting.Core/Dependencies/FullSerializer/Converters/fsEnumConverter.cs
 0.1 kb	 0.0% Packages/com.unity.visualscripting/Runtime/VisualScripting.Core/Dependencies/FullSerializer/Converters/fsDateConverter.cs
 0.1 kb	 0.0% Packages/com.unity.visualscripting/Runtime/VisualScripting.Core/Dependencies/FullSerializer/Converters/fsArrayConverter.cs
 0.1 kb	 0.0% Packages/com.unity.ugui/Runtime/UI/Core/Layout/HorizontalOrVerticalLayoutGroup.cs
 0.1 kb	 0.0% Packages/com.unity.test-framework/UnityEngine.TestRunner/Utils/TestRunCallbackAttribute.cs
 0.1 kb	 0.0% Packages/com.unity.test-framework/UnityEngine.TestRunner/Utils/IOuterUnityTestAction.cs
 0.1 kb	 0.0% Packages/com.unity.test-framework/UnityEngine.TestRunner/TestRunner/TestListenerWrapper.cs
 0.1 kb	 0.0% Packages/com.unity.test-framework/UnityEngine.TestRunner/TestRunner/ITestRunnerListener.cs
 0.1 kb	 0.0% Packages/com.unity.test-framework/UnityEngine.TestRunner/NUnitExtensions/TestExtensions.cs
 0.1 kb	 0.0% Packages/com.unity.test-framework/UnityEngine.TestRunner/NUnitExtensions/Runner/FailCommand.cs
 0.1 kb	 0.0% Packages/com.unity.test-framework/UnityEngine.TestRunner/NUnitExtensions/IStateSerializer.cs
 0.1 kb	 0.0% Packages/com.unity.test-framework/UnityEngine.TestRunner/NUnitExtensions/Commands/UnityTestMethodCommand.cs
 0.1 kb	 0.0% Packages/com.unity.test-framework/UnityEngine.TestRunner/NUnitExtensions/BaseDelegator.cs
 0.1 kb	 0.0% Packages/com.unity.test-framework/UnityEngine.TestRunner/NUnitExtensions/Attributes/UnityTearDownAttribute.cs
 0.1 kb	 0.0% Packages/com.unity.test-framework/UnityEngine.TestRunner/NUnitExtensions/Attributes/UnityPlatformAttribute.cs
 0.1 kb	 0.0% Packages/com.unity.test-framework/UnityEngine.TestRunner/NUnitExtensions/ActionDelegator.cs
 0.1 kb	 0.0% Packages/com.unity.services.core/Runtime/Telemetry/Diagnotstics/Diagnostics.cs
 0.1 kb	 0.0% Packages/com.unity.services.core/Runtime/Device/UserIdProviders/UnityAdsIdentifier.cs
 0.1 kb	 0.0% Packages/com.unity.services.core/Runtime/Core/Initialization/ServicesCreationException.cs
 0.1 kb	 0.0% Packages/com.unity.services.core/Runtime/Core.Internal/Utils/UnityWebRequestUtils.cs
 0.1 kb	 0.0% Packages/com.unity.services.core/Runtime/Core.Internal/Utils/DictionaryExtensions.cs
 0.1 kb	 0.0% Packages/com.unity.services.core/Runtime/Core.Internal/Registry/IServiceComponent.cs
 0.1 kb	 0.0% Packages/com.unity.services.core/Runtime/Core.Internal/Registry/CorePackageRegistry.cs
 0.1 kb	 0.0% Packages/com.unity.services.core/Runtime/Core.Internal/Registry/ComponentRegistry/IComponentRegistry.cs
 0.1 kb	 0.0% Packages/com.unity.services.core/Runtime/Core.Internal/Registry/ComponentRegistry/ComponentRegistry.cs
 0.1 kb	 0.0% Packages/com.unity.services.core/Runtime/Core.Internal/Components/Device/IInstallationId.cs
 0.1 kb	 0.0% Packages/com.unity.services.core/Runtime/Core.Internal/Attributes/VisibilityAttribute.cs
 0.1 kb	 0.0% Packages/com.unity.services.core/Runtime/Core.Internal/AsyncOperation/TaskAsyncOperation.cs
 0.1 kb	 0.0% Packages/com.unity.services.core/Runtime/Core.Internal/AsyncOperation/AsyncOperationBase.cs
 0.1 kb	 0.0% Packages/com.unity.visualscripting/Runtime/VisualScripting.State/FlowStateTransition.cs
 0.1 kb	 0.0% Packages/com.unity.visualscripting/Runtime/VisualScripting.Flow/Ports/ValuePortDefinition.cs
 0.1 kb	 0.0% Packages/com.unity.visualscripting/Runtime/VisualScripting.Flow/Ports/ValueInputDefinition.cs
 0.1 kb	 0.0% Packages/com.unity.visualscripting/Runtime/VisualScripting.Flow/Ports/UnitPortDefinition.cs
 0.1 kb	 0.0% Packages/com.unity.visualscripting/Runtime/VisualScripting.Flow/Ports/IUnitPortDefinition.cs
 0.1 kb	 0.0% Packages/com.unity.visualscripting/Runtime/VisualScripting.Flow/Framework/Variables/UnifiedVariableUnit.cs
 0.1 kb	 0.0% Packages/com.unity.visualscripting/Runtime/VisualScripting.Flow/Framework/Variables/Obsolete/SetObjectVariable.cs
 0.1 kb	 0.0% Packages/com.unity.visualscripting/Runtime/VisualScripting.Flow/Framework/Variables/Obsolete/ISceneVariableUnit.cs
 0.1 kb	 0.0% Packages/com.unity.visualscripting/Runtime/VisualScripting.Flow/Framework/Variables/Obsolete/ISavedVariableUnit.cs
 0.1 kb	 0.0% Packages/com.unity.visualscripting/Runtime/VisualScripting.Flow/Framework/Variables/Obsolete/IObjectVariableUnit.cs
 0.1 kb	 0.0% Packages/com.unity.visualscripting/Runtime/VisualScripting.Flow/Framework/Variables/Obsolete/IGraphVariableUnit.cs
 0.1 kb	 0.0% Packages/com.unity.visualscripting/Runtime/VisualScripting.Flow/Framework/Variables/Obsolete/GetObjectVariable.cs
 0.1 kb	 0.0% Packages/com.unity.visualscripting/Runtime/VisualScripting.Flow/Framework/Variables/IsVariableDefined.cs
 0.1 kb	 0.0% Packages/com.unity.visualscripting/Runtime/VisualScripting.Flow/Framework/Variables/IUnifiedVariableUnit.cs
 0.1 kb	 0.0% Packages/com.unity.visualscripting/Runtime/VisualScripting.Flow/Framework/Time/WaitForSecondsUnit.cs
 0.1 kb	 0.0% Packages/com.unity.visualscripting/Runtime/VisualScripting.Flow/Framework/Time/WaitForNextFrameUnit.cs
 0.1 kb	 0.0% Packages/com.unity.visualscripting/Runtime/VisualScripting.Flow/Framework/Math/Vector4/Vector4MoveTowards.cs
 0.1 kb	 0.0% Packages/com.unity.visualscripting/Runtime/VisualScripting.Flow/Framework/Math/Vector4/Vector4DotProduct.cs
 0.1 kb	 0.0% Packages/com.unity.visualscripting/Runtime/VisualScripting.Flow/Framework/Math/Vector4/DeprecatedVector4Add.cs
 0.1 kb	 0.0% Packages/com.unity.visualscripting/Runtime/VisualScripting.Flow/Framework/Math/Vector3/Vector3MoveTowards.cs
 0.1 kb	 0.0% Packages/com.unity.visualscripting/Runtime/VisualScripting.Flow/Framework/Math/Vector3/Vector3DotProduct.cs
 0.1 kb	 0.0% Packages/com.unity.visualscripting/Runtime/VisualScripting.Flow/Framework/Math/Vector3/Vector3CrossProduct.cs
 0.1 kb	 0.0% Packages/com.unity.visualscripting/Runtime/VisualScripting.Flow/Framework/Math/Vector3/DeprecatedVector3Add.cs
 0.1 kb	 0.0% Packages/com.unity.visualscripting/Runtime/VisualScripting.Flow/Framework/Math/Vector2/Vector2MoveTowards.cs
 0.1 kb	 0.0% Packages/com.unity.visualscripting/Runtime/VisualScripting.Flow/Framework/Math/Vector2/Vector2DotProduct.cs
 0.1 kb	 0.0% Packages/com.unity.visualscripting/Runtime/VisualScripting.Flow/Framework/Math/Vector2/DeprecatedVector2Add.cs
 0.1 kb	 0.0% Packages/com.unity.visualscripting/Runtime/VisualScripting.Flow/Framework/Math/Scalar/ScalarMoveTowards.cs
 0.1 kb	 0.0% Packages/com.unity.visualscripting/Runtime/VisualScripting.Flow/Framework/Math/Scalar/ScalarExponentiate.cs
 0.1 kb	 0.0% Packages/com.unity.visualscripting/Runtime/VisualScripting.Flow/Framework/Math/Scalar/DeprecatedScalarAdd.cs
 0.1 kb	 0.0% Packages/com.unity.visualscripting/Runtime/VisualScripting.Flow/Framework/Math/Generic/DeprecatedGenericAdd.cs
 0.1 kb	 0.0% Packages/com.unity.visualscripting/Runtime/VisualScripting.Flow/Framework/Logic/NumericComparison.cs
 0.1 kb	 0.0% Packages/com.unity.visualscripting/Runtime/VisualScripting.Flow/Framework/Logic/EqualityComparison.cs
 0.1 kb	 0.0% Packages/com.unity.visualscripting/Runtime/VisualScripting.Flow/Framework/Logic/BinaryComparisonUnit.cs
 0.1 kb	 0.0% Packages/com.unity.visualscripting/Runtime/VisualScripting.Flow/Framework/Logic/ApproximatelyEqual.cs
 0.1 kb	 0.0% Packages/com.unity.visualscripting/Runtime/VisualScripting.Flow/Framework/Events/TriggerCustomEvent.cs
 0.1 kb	 0.0% Packages/com.unity.visualscripting/Runtime/VisualScripting.Flow/Framework/Events/Rendering/OnBecameInvisible.cs
 0.1 kb	 0.0% Packages/com.unity.visualscripting/Runtime/VisualScripting.Flow/Framework/Events/Physics/OnParticleCollision.cs
 0.1 kb	 0.0% Packages/com.unity.visualscripting/Runtime/VisualScripting.Flow/Framework/Events/Input/OnMouseUpAsButton.cs
 0.1 kb	 0.0% Packages/com.unity.visualscripting/Runtime/VisualScripting.Flow/Framework/Events/GUI/OnToggleValueChanged.cs
 0.1 kb	 0.0% Packages/com.unity.visualscripting/Runtime/VisualScripting.Flow/Framework/Events/GUI/OnSliderValueChanged.cs
 0.1 kb	 0.0% Packages/com.unity.visualscripting/Runtime/VisualScripting.Flow/Framework/Events/GUI/OnInputFieldEndEdit.cs
 0.1 kb	 0.0% Packages/com.unity.visualscripting/Runtime/VisualScripting.Flow/Framework/Events/GUI/GenericGuiEventUnit.cs
 0.1 kb	 0.0% Packages/com.unity.visualscripting/Runtime/VisualScripting.Flow/Framework/Events/Editor/OnDrawGizmosSelected.cs
 0.1 kb	 0.0% Packages/com.unity.visualscripting/Runtime/VisualScripting.Flow/Framework/Events/Application/OnApplicationResume.cs
 0.1 kb	 0.0% Packages/com.unity.visualscripting/Runtime/VisualScripting.Flow/Framework/Events/Application/OnApplicationQuit.cs
 0.1 kb	 0.0% Packages/com.unity.visualscripting/Runtime/VisualScripting.Flow/Framework/Events/Application/OnApplicationPause.cs
 0.1 kb	 0.0% Packages/com.unity.visualscripting/Runtime/VisualScripting.Flow/Framework/Events/Application/OnApplicationFocus.cs
 0.1 kb	 0.0% Packages/com.unity.visualscripting/Runtime/VisualScripting.Flow/Framework/Events/Animation/BoltAnimationEvent.cs
 0.1 kb	 0.0% Packages/com.unity.visualscripting/Runtime/VisualScripting.Flow/Framework/Collections/Dictionaries/SetDictionaryItem.cs
 0.1 kb	 0.0% Packages/com.unity.visualscripting/Runtime/VisualScripting.Flow/Framework/Collections/Dictionaries/RemoveDictionaryItem.cs
 0.1 kb	 0.0% Packages/com.unity.visualscripting/Runtime/VisualScripting.Flow/Framework/Collections/Dictionaries/MergeDictionaries.cs
 0.1 kb	 0.0% Packages/com.unity.visualscripting/Runtime/VisualScripting.Flow/Framework/Collections/Dictionaries/GetDictionaryItem.cs
 0.1 kb	 0.0% Packages/com.unity.visualscripting/Runtime/VisualScripting.Flow/Framework/Collections/Dictionaries/AddDictionaryItem.cs
 0.1 kb	 0.0% Packages/com.unity.visualscripting/Runtime/VisualScripting.Flow/EditorBinding/UnitTitleAttribute.cs
 0.1 kb	 0.0% Packages/com.unity.visualscripting/Runtime/VisualScripting.Flow/EditorBinding/UnitOrderAttribute.cs
 0.1 kb	 0.0% Packages/com.unity.visualscripting/Runtime/VisualScripting.Flow/EditorBinding/SpecialUnitAttribute.cs
 0.1 kb	 0.0% Packages/com.unity.visualscripting/Runtime/VisualScripting.Flow/EditorBinding/PortLabelAttribute.cs
 0.1 kb	 0.0% Packages/com.unity.visualscripting/Runtime/VisualScripting.Flow/Dependencies/NCalc/NCalcParser.cs
 0.1 kb	 0.0% Packages/com.unity.visualscripting/Runtime/VisualScripting.Flow/Dependencies/NCalc/NCalcLexer.cs
 0.1 kb	 0.0% Packages/com.unity.visualscripting/Runtime/VisualScripting.Flow/Dependencies/NCalc/FunctionArgs.cs
 0.1 kb	 0.0% Packages/com.unity.visualscripting/Runtime/VisualScripting.Flow/Dependencies/NCalc/Expression.cs
 0.1 kb	 0.0% Packages/com.unity.visualscripting/Runtime/VisualScripting.Flow/Connections/InvalidConnection.cs
 0.1 kb	 0.0% Packages/com.unity.visualscripting/Runtime/VisualScripting.Flow/Connections/ControlConnection.cs
 0.1 kb	 0.0% Packages/com.unity.visualscripting/Runtime/VisualScripting.Core/Variables/VariableDeclarations.cs
 0.1 kb	 0.0% Packages/com.unity.visualscripting/Runtime/VisualScripting.Core/Variables/VariableDeclaration.cs
 0.1 kb	 0.0% Packages/com.unity.visualscripting/Runtime/VisualScripting.Core/Variables/IGraphWithVariables.cs
 0.1 kb	 0.0% Packages/com.unity.visualscripting/Runtime/VisualScripting.Core/Variables/ApplicationVariables.cs
 0.1 kb	 0.0% Packages/com.unity.visualscripting/Runtime/VisualScripting.Core/Utilities/UnityObjectUtility.cs
 0.1 kb	 0.0% Packages/com.unity.visualscripting/Runtime/VisualScripting.Core/Utilities/ReferenceCollector.cs
 0.1 kb	 0.0% Packages/com.unity.visualscripting/Runtime/VisualScripting.Core/Utilities/CSharpNameUtility.cs
 0.1 kb	 0.0% Packages/com.unity.visualscripting/Runtime/VisualScripting.Core/Unity/SingletonAttribute.cs
 0.1 kb	 0.0% Packages/com.unity.visualscripting/Runtime/VisualScripting.Core/Unity/IUnityObjectOwnable.cs
 0.1 kb	 0.0% Packages/com.unity.visualscripting/Runtime/VisualScripting.Core/Serialization/SerializeAttribute.cs
 0.1 kb	 0.0% Packages/com.unity.visualscripting/Runtime/VisualScripting.Core/Serialization/SerializeAsAttribute.cs
 0.1 kb	 0.0% Packages/com.unity.visualscripting/Runtime/VisualScripting.Core/Serialization/SerializationData.cs
 0.1 kb	 0.0% Packages/com.unity.visualscripting/Runtime/VisualScripting.Core/Serialization/Converters/UnityObjectConverter.cs
 0.1 kb	 0.0% Packages/com.unity.visualscripting/Runtime/VisualScripting.Core/Serialization/Converters/NamespaceConverter.cs
 0.1 kb	 0.0% Packages/com.unity.visualscripting/Runtime/VisualScripting.Core/Reflection/RenamedFromAttribute.cs
 0.1 kb	 0.0% Packages/com.unity.visualscripting/Runtime/VisualScripting.Core/Reflection/Optimization/StaticInvokerBase.cs
 0.1 kb	 0.0% Packages/com.unity.visualscripting/Runtime/VisualScripting.Core/Reflection/Optimization/ReflectionInvoker.cs
 0.1 kb	 0.0% Packages/com.unity.visualscripting/Runtime/VisualScripting.Core/Reflection/Optimization/OptimizedReflection.cs
 0.1 kb	 0.0% Packages/com.unity.visualscripting/Runtime/VisualScripting.Core/Reflection/Optimization/IOptimizedInvoker.cs
 0.1 kb	 0.0% Packages/com.unity.visualscripting/Runtime/VisualScripting.Core/Reflection/Optimization/IOptimizedAccessor.cs
 0.1 kb	 0.0% Packages/com.unity.visualscripting/Runtime/VisualScripting.Core/Reflection/Operators/UnaryOperatorHandler.cs
 0.1 kb	 0.0% Packages/com.unity.visualscripting/Runtime/VisualScripting.Core/Reflection/Operators/SubtractionHandler.cs
 0.1 kb	 0.0% Packages/com.unity.visualscripting/Runtime/VisualScripting.Core/Reflection/Operators/RightShiftHandler.cs
 0.1 kb	 0.0% Packages/com.unity.visualscripting/Runtime/VisualScripting.Core/Reflection/Operators/OperatorException.cs
 0.1 kb	 0.0% Packages/com.unity.visualscripting/Runtime/VisualScripting.Core/Reflection/Operators/InequalityHandler.cs
 0.1 kb	 0.0% Packages/com.unity.visualscripting/Runtime/VisualScripting.Core/Reflection/Operators/GreaterThanHandler.cs
 0.1 kb	 0.0% Packages/com.unity.visualscripting/Runtime/VisualScripting.Core/Reflection/Operators/ExclusiveOrHandler.cs
 0.1 kb	 0.0% Packages/com.unity.visualscripting/Runtime/VisualScripting.Core/Reflection/MemberInfoComparer.cs
 0.1 kb	 0.0% Packages/com.unity.visualscripting/Runtime/VisualScripting.Core/Reflection/LooseAssemblyName.cs
 0.1 kb	 0.0% Packages/com.unity.visualscripting/Runtime/VisualScripting.Core/Reflection/IAttributeProvider.cs
 0.1 kb	 0.0% Packages/com.unity.visualscripting/Runtime/VisualScripting.Core/Reflection/ConversionUtility.cs
 0.1 kb	 0.0% Packages/com.unity.visualscripting/Runtime/VisualScripting.Core/Graphs/IGraphParentElement.cs
 0.1 kb	 0.0% Packages/com.unity.visualscripting/Runtime/VisualScripting.Core/Graphs/IGraphNesterElement.cs
 0.1 kb	 0.0% Packages/com.unity.visualscripting/Runtime/VisualScripting.Core/Graphs/IGraphElementData.cs
 0.1 kb	 0.0% Packages/com.unity.visualscripting/Runtime/VisualScripting.Core/Events/UnityMessageListener.cs
 0.1 kb	 0.0% Packages/com.unity.visualscripting/Runtime/VisualScripting.Core/Events/IGraphEventListener.cs
 0.1 kb	 0.0% Packages/com.unity.visualscripting/Runtime/VisualScripting.Core/Events/FrameDelayedCallback.cs
 0.1 kb	 0.0% Packages/com.unity.visualscripting/Runtime/VisualScripting.Core/Events/EventHookComparer.cs
 0.1 kb	 0.0% Packages/com.unity.visualscripting/Runtime/VisualScripting.Core/Ensure/ExceptionMessages.cs
 0.1 kb	 0.0% Packages/com.unity.visualscripting/Runtime/VisualScripting.Core/EditorBinding/TypeIconAttribute.cs
 0.1 kb	 0.0% Packages/com.unity.visualscripting/Runtime/VisualScripting.Core/EditorBinding/PredictableAttribute.cs
 0.1 kb	 0.0% Packages/com.unity.visualscripting/Runtime/VisualScripting.Core/EditorBinding/InspectableAttribute.cs
 0.1 kb	 0.0% Packages/com.unity.visualscripting/Runtime/VisualScripting.Core/EditorBinding/EditorTimeBinding.cs
 0.1 kb	 0.0% Packages/com.unity.visualscripting/Runtime/VisualScripting.Core/EditorBinding/EditorBindingUtility.cs
 0.1 kb	 0.0% Packages/com.unity.visualscripting/Runtime/VisualScripting.Core/EditorBinding/AllowsNullAttribute.cs
 0.1 kb	 0.0% Packages/com.unity.visualscripting/Runtime/VisualScripting.Core/Dependencies/FullSerializer/Internal/fsOption.cs
 0.1 kb	 0.0% Packages/com.unity.visualscripting/Runtime/VisualScripting.Core/Decorators/IDecoratorAttribute.cs
 0.1 kb	 0.0% Packages/com.unity.visualscripting/Runtime/VisualScripting.Core/Cloning/Cloners/AnimationCurveCloner.cs
 0.1 kb	 0.0% Packages/com.unity.timeline/Runtime/Utilities/AnimationPreviewUtilities.cs
 0.1 kb	 0.0% Packages/com.unity.timeline/Runtime/Playables/TimeNotificationBehaviour.cs
 0.1 kb	 0.0% Packages/com.unity.timeline/Runtime/Playables/ActivationControlPlayable.cs
 0.1 kb	 0.0% Packages/com.unity.timeline/Runtime/Events/INotificationOptionProvider.cs
 0.1 kb	 0.0% Packages/com.unity.test-framework/UnityEngine.TestRunner/Utils/AssemblyProvider/IAssemblyLoadProxy.cs
 0.1 kb	 0.0% Packages/com.unity.test-framework/UnityEngine.TestRunner/Utils/AssemblyProvider/AssemblyLoadProxy.cs
 0.1 kb	 0.0% Packages/com.unity.test-framework/UnityEngine.TestRunner/TestRunner/RemoteHelpers/RemoteTestData.cs
 0.1 kb	 0.0% Packages/com.unity.services.core/Runtime/Core.Internal/Components/Telemetry/IDiagnostics.cs
 0.1 kb	 0.0% Packages/com.unity.services.core/Runtime/Core.Internal/Components/Networking/IHttpClient.cs
 0.1 kb	 0.0% Packages/com.unity.services.core/Runtime/Core.Internal/Components/Networking/HttpResponse.cs
 0.1 kb	 0.0% Packages/com.unity.services.core/Runtime/Core.Internal/Components/Networking/HttpRequest.cs
 0.1 kb	 0.0% Packages/com.unity.services.core/Runtime/Core.Internal/Components/Networking/HttpOptions.cs
 0.1 kb	 0.0% Packages/com.unity.services.core/Runtime/Core.Internal/Components/Authentication/IPlayerId.cs
 0.1 kb	 0.0% Packages/com.unity.services.core/Runtime/Core.Internal/Components/Authentication/IAccessToken.cs
 0.1 kb	 0.0% Packages/com.unity.visualscripting/Runtime/VisualScripting.Core/Ensure/EnsureThat.ValueTypes.cs
 0.1 kb	 0.0% Packages/com.unity.visualscripting/Runtime/VisualScripting.Core/Ensure/EnsureThat.Reflection.cs
 0.1 kb	 0.0% Packages/com.unity.visualscripting/Runtime/VisualScripting.Core/Ensure/EnsureThat.Comparables.cs
 0.1 kb	 0.0% Packages/com.unity.visualscripting/Runtime/VisualScripting.Core/Ensure/EnsureThat.Collections.cs
 0.1 kb	 0.0% Packages/com.unity.visualscripting/Runtime/VisualScripting.Core/Dependencies/FullSerializer/fsSerializer.cs
 0.1 kb	 0.0% Packages/com.unity.visualscripting/Runtime/VisualScripting.Core/Dependencies/FullSerializer/fsJsonParser.cs
 0.1 kb	 0.0% Packages/com.unity.visualscripting/Runtime/VisualScripting.Core/Dependencies/FullSerializer/fsConverter.cs
 0.1 kb	 0.0% Packages/com.unity.visualscripting/Runtime/VisualScripting.Core/Dependencies/FullSerializer/fsContext.cs
 0.1 kb	 0.0% Packages/com.unity.visualscripting/Runtime/VisualScripting.Core/Dependencies/FullSerializer/Reflection/fsTypeCache.cs
 0.1 kb	 0.0% Packages/com.unity.visualscripting/Runtime/VisualScripting.Core/Dependencies/FullSerializer/Reflection/fsMetaType.cs
 0.1 kb	 0.0% Packages/com.unity.ugui/Runtime/EventSystem/InputModules/StandaloneInputModule.cs
 0.1 kb	 0.0% Packages/com.unity.test-framework/UnityEngine.TestRunner/Utils/MonoBehaviourTest/IMonoBehaviourTest.cs
 0.1 kb	 0.0% Packages/com.unity.test-framework/UnityEngine.TestRunner/Utils/IPostBuildCleanup.cs
 0.1 kb	 0.0% Packages/com.unity.test-framework/UnityEngine.TestRunner/TestRunner/TestPlatform.cs
 0.1 kb	 0.0% Packages/com.unity.test-framework/UnityEngine.TestRunner/NUnitExtensions/Commands/TestCommandPcHelper.cs
 0.1 kb	 0.0% Packages/com.unity.test-framework/UnityEngine.TestRunner/NUnitExtensions/Commands/TestActionCommand.cs
 0.1 kb	 0.0% Packages/com.unity.test-framework/UnityEngine.TestRunner/NUnitExtensions/Commands/SetUpTearDownCommand.cs
 0.1 kb	 0.0% Packages/com.unity.test-framework/UnityEngine.TestRunner/NUnitExtensions/Commands/EnumerableTestState.cs
 0.1 kb	 0.0% Packages/com.unity.test-framework/UnityEngine.TestRunner/NUnitExtensions/Attributes/UnityTestAttribute.cs
 0.1 kb	 0.0% Packages/com.unity.test-framework/UnityEngine.TestRunner/NUnitExtensions/Attributes/UnitySetUpAttribute.cs
 0.1 kb	 0.0% Packages/com.unity.services.core/Runtime/Telemetry/Metrics/Metrics.cs
 0.1 kb	 0.0% Packages/com.unity.services.core/Runtime/Device/InstallationId.cs
 0.1 kb	 0.0% Packages/com.unity.services.core/Runtime/Core/RequestFailedException.cs
 0.1 kb	 0.0% Packages/com.unity.services.core/Runtime/Core/Initialization/InitializationOptions.cs
 0.1 kb	 0.0% Packages/com.unity.services.core/Runtime/Core/ExternalUserIdProperty.cs
 0.1 kb	 0.0% Packages/com.unity.services.core/Runtime/Core.Internal/Telemetry/CoreDiagnostics.cs
 0.1 kb	 0.0% Packages/com.unity.services.core/Runtime/Core.Internal/Registry/ServiceRegistry/ServiceRegistry.cs
 0.1 kb	 0.0% Packages/com.unity.services.core/Runtime/Core.Internal/Registry/ServiceRegistry/IServiceRegistry.cs
 0.1 kb	 0.0% Packages/com.unity.services.core/Runtime/Core.Internal/Registry/PackageRegistry/PackageRegistry.cs
 0.1 kb	 0.0% Packages/com.unity.services.core/Runtime/Core.Internal/Registry/PackageRegistry/IPackageRegistry.cs
 0.1 kb	 0.0% Packages/com.unity.services.core/Runtime/Core.Internal/Registry/MissingComponent.cs
 0.1 kb	 0.0% Packages/com.unity.services.core/Runtime/Core.Internal/Registry/HashExceptions.cs
 0.1 kb	 0.0% Packages/com.unity.services.core/Runtime/Core.Internal/Registry/DependencyTree.cs
 0.1 kb	 0.0% Packages/com.unity.services.core/Runtime/Core.Internal/Registry/CoreRegistration.cs
 0.1 kb	 0.0% Packages/com.unity.services.core/Runtime/Core.Internal/AsyncOperation/IAsyncOperation.cs
 0.1 kb	 0.0% Packages/com.unity.services.core/Runtime/Core.Internal/AsyncOperation/AsyncOperation.cs
 0.1 kb	 0.0% Packages/com.unity.visualscripting/Runtime/VisualScripting.State/Units/SetStateGraph.cs
 0.1 kb	 0.0% Packages/com.unity.visualscripting/Runtime/VisualScripting.State/Units/GetStateGraphs.cs
 0.1 kb	 0.0% Packages/com.unity.visualscripting/Runtime/VisualScripting.State/Units/GetStateGraph.cs
 0.1 kb	 0.0% Packages/com.unity.visualscripting/Runtime/VisualScripting.State/StateTransition.cs
 0.1 kb	 0.0% Packages/com.unity.visualscripting/Runtime/VisualScripting.State/StateGraphData.cs
 0.1 kb	 0.0% Packages/com.unity.visualscripting/Runtime/VisualScripting.State/StateGraphAsset.cs
 0.1 kb	 0.0% Packages/com.unity.visualscripting/Runtime/VisualScripting.State/StateEventHooks.cs
 0.1 kb	 0.0% Packages/com.unity.visualscripting/Runtime/VisualScripting.State/IStateTransition.cs
 0.1 kb	 0.0% Packages/com.unity.visualscripting/Runtime/VisualScripting.State/IStateDebugData.cs
 0.1 kb	 0.0% Packages/com.unity.visualscripting/Runtime/VisualScripting.State/Framework/Graph/HasStateGraph.cs
 0.1 kb	 0.0% Packages/com.unity.visualscripting/Runtime/VisualScripting.Flow/UnitPreservation.cs
 0.1 kb	 0.0% Packages/com.unity.visualscripting/Runtime/VisualScripting.Flow/ScriptMachine.cs
 0.1 kb	 0.0% Packages/com.unity.visualscripting/Runtime/VisualScripting.Flow/ScriptGraphAsset.cs
 0.1 kb	 0.0% Packages/com.unity.visualscripting/Runtime/VisualScripting.Flow/Ports/InvalidOutput.cs
 0.1 kb	 0.0% Packages/com.unity.visualscripting/Runtime/VisualScripting.Flow/Ports/IUnitValuePort.cs
 0.1 kb	 0.0% Packages/com.unity.visualscripting/Runtime/VisualScripting.Flow/Ports/IUnitOutputPort.cs
 0.1 kb	 0.0% Packages/com.unity.visualscripting/Runtime/VisualScripting.Flow/Ports/IUnitInvalidPort.cs
 0.1 kb	 0.0% Packages/com.unity.visualscripting/Runtime/VisualScripting.Flow/Ports/IUnitInputPort.cs
 0.1 kb	 0.0% Packages/com.unity.visualscripting/Runtime/VisualScripting.Flow/Ports/IUnitControlPort.cs
 0.1 kb	 0.0% Packages/com.unity.visualscripting/Runtime/VisualScripting.Flow/Ports/ControlOutput.cs
 0.1 kb	 0.0% Packages/com.unity.visualscripting/Runtime/VisualScripting.Flow/MultiInputUnit.cs
 0.1 kb	 0.0% Packages/com.unity.visualscripting/Runtime/VisualScripting.Flow/IUnitDebugData.cs
 0.1 kb	 0.0% Packages/com.unity.visualscripting/Runtime/VisualScripting.Flow/Framework/Variables/SaveVariables.cs
 0.1 kb	 0.0% Packages/com.unity.visualscripting/Runtime/VisualScripting.Flow/Framework/Variables/Obsolete/SetVariableUnit.cs
 0.1 kb	 0.0% Packages/com.unity.visualscripting/Runtime/VisualScripting.Flow/Framework/Variables/Obsolete/SetSceneVariable.cs
 0.1 kb	 0.0% Packages/com.unity.visualscripting/Runtime/VisualScripting.Flow/Framework/Variables/Obsolete/SetSavedVariable.cs
 0.1 kb	 0.0% Packages/com.unity.visualscripting/Runtime/VisualScripting.Flow/Framework/Variables/Obsolete/SetGraphVariable.cs
 0.1 kb	 0.0% Packages/com.unity.visualscripting/Runtime/VisualScripting.Flow/Framework/Variables/Obsolete/IVariableUnit.cs
 0.1 kb	 0.0% Packages/com.unity.visualscripting/Runtime/VisualScripting.Flow/Framework/Variables/Obsolete/GetVariableUnit.cs
 0.1 kb	 0.0% Packages/com.unity.visualscripting/Runtime/VisualScripting.Flow/Framework/Variables/Obsolete/GetSceneVariable.cs
 0.1 kb	 0.0% Packages/com.unity.visualscripting/Runtime/VisualScripting.Flow/Framework/Variables/Obsolete/GetSavedVariable.cs
 0.1 kb	 0.0% Packages/com.unity.visualscripting/Runtime/VisualScripting.Flow/Framework/Variables/Obsolete/GetGraphVariable.cs
 0.1 kb	 0.0% Packages/com.unity.visualscripting/Runtime/VisualScripting.Flow/Framework/Time/WaitWhileUnit.cs
 0.1 kb	 0.0% Packages/com.unity.visualscripting/Runtime/VisualScripting.Flow/Framework/Time/WaitUntilUnit.cs
 0.1 kb	 0.0% Packages/com.unity.visualscripting/Runtime/VisualScripting.Flow/Framework/Math/Vector4/Vector4Subtract.cs
 0.1 kb	 0.0% Packages/com.unity.visualscripting/Runtime/VisualScripting.Flow/Framework/Math/Vector4/Vector4PerSecond.cs
 0.1 kb	 0.0% Packages/com.unity.visualscripting/Runtime/VisualScripting.Flow/Framework/Math/Vector4/Vector4Normalize.cs
 0.1 kb	 0.0% Packages/com.unity.visualscripting/Runtime/VisualScripting.Flow/Framework/Math/Vector4/Vector4Multiply.cs
 0.1 kb	 0.0% Packages/com.unity.visualscripting/Runtime/VisualScripting.Flow/Framework/Math/Vector4/Vector4Modulo.cs
 0.1 kb	 0.0% Packages/com.unity.visualscripting/Runtime/VisualScripting.Flow/Framework/Math/Vector4/Vector4Minimum.cs
 0.1 kb	 0.0% Packages/com.unity.visualscripting/Runtime/VisualScripting.Flow/Framework/Math/Vector4/Vector4Maximum.cs
 0.1 kb	 0.0% Packages/com.unity.visualscripting/Runtime/VisualScripting.Flow/Framework/Math/Vector4/Vector4Divide.cs
 0.1 kb	 0.0% Packages/com.unity.visualscripting/Runtime/VisualScripting.Flow/Framework/Math/Vector4/Vector4Distance.cs
 0.1 kb	 0.0% Packages/com.unity.visualscripting/Runtime/VisualScripting.Flow/Framework/Math/Vector4/Vector4Average.cs
 0.1 kb	 0.0% Packages/com.unity.visualscripting/Runtime/VisualScripting.Flow/Framework/Math/Vector4/Vector4Absolute.cs
 0.1 kb	 0.0% Packages/com.unity.visualscripting/Runtime/VisualScripting.Flow/Framework/Math/Vector3/Vector3Subtract.cs
 0.1 kb	 0.0% Packages/com.unity.visualscripting/Runtime/VisualScripting.Flow/Framework/Math/Vector3/Vector3Project.cs
 0.1 kb	 0.0% Packages/com.unity.visualscripting/Runtime/VisualScripting.Flow/Framework/Math/Vector3/Vector3PerSecond.cs
 0.1 kb	 0.0% Packages/com.unity.visualscripting/Runtime/VisualScripting.Flow/Framework/Math/Vector3/Vector3Normalize.cs
 0.1 kb	 0.0% Packages/com.unity.visualscripting/Runtime/VisualScripting.Flow/Framework/Math/Vector3/Vector3Multiply.cs
 0.1 kb	 0.0% Packages/com.unity.visualscripting/Runtime/VisualScripting.Flow/Framework/Math/Vector3/Vector3Modulo.cs
 0.1 kb	 0.0% Packages/com.unity.visualscripting/Runtime/VisualScripting.Flow/Framework/Math/Vector3/Vector3Minimum.cs
 0.1 kb	 0.0% Packages/com.unity.visualscripting/Runtime/VisualScripting.Flow/Framework/Math/Vector3/Vector3Maximum.cs
 0.1 kb	 0.0% Packages/com.unity.visualscripting/Runtime/VisualScripting.Flow/Framework/Math/Vector3/Vector3Divide.cs
 0.1 kb	 0.0% Packages/com.unity.visualscripting/Runtime/VisualScripting.Flow/Framework/Math/Vector3/Vector3Distance.cs
 0.1 kb	 0.0% Packages/com.unity.visualscripting/Runtime/VisualScripting.Flow/Framework/Math/Vector3/Vector3Average.cs
 0.1 kb	 0.0% Packages/com.unity.visualscripting/Runtime/VisualScripting.Flow/Framework/Math/Vector3/Vector3Absolute.cs
 0.1 kb	 0.0% Packages/com.unity.visualscripting/Runtime/VisualScripting.Flow/Framework/Math/Vector2/Vector2Subtract.cs
 0.1 kb	 0.0% Packages/com.unity.visualscripting/Runtime/VisualScripting.Flow/Framework/Math/Vector2/Vector2Project.cs
 0.1 kb	 0.0% Packages/com.unity.visualscripting/Runtime/VisualScripting.Flow/Framework/Math/Vector2/Vector2PerSecond.cs
 0.1 kb	 0.0% Packages/com.unity.visualscripting/Runtime/VisualScripting.Flow/Framework/Math/Vector2/Vector2Normalize.cs
 0.1 kb	 0.0% Packages/com.unity.visualscripting/Runtime/VisualScripting.Flow/Framework/Math/Vector2/Vector2Multiply.cs
 0.1 kb	 0.0% Packages/com.unity.visualscripting/Runtime/VisualScripting.Flow/Framework/Math/Vector2/Vector2Modulo.cs
 0.1 kb	 0.0% Packages/com.unity.visualscripting/Runtime/VisualScripting.Flow/Framework/Math/Vector2/Vector2Minimum.cs
 0.1 kb	 0.0% Packages/com.unity.visualscripting/Runtime/VisualScripting.Flow/Framework/Math/Vector2/Vector2Maximum.cs
 0.1 kb	 0.0% Packages/com.unity.visualscripting/Runtime/VisualScripting.Flow/Framework/Math/Vector2/Vector2Divide.cs
 0.1 kb	 0.0% Packages/com.unity.visualscripting/Runtime/VisualScripting.Flow/Framework/Math/Vector2/Vector2Distance.cs
 0.1 kb	 0.0% Packages/com.unity.visualscripting/Runtime/VisualScripting.Flow/Framework/Math/Vector2/Vector2Average.cs
 0.1 kb	 0.0% Packages/com.unity.visualscripting/Runtime/VisualScripting.Flow/Framework/Math/Vector2/Vector2Absolute.cs
 0.1 kb	 0.0% Packages/com.unity.visualscripting/Runtime/VisualScripting.Flow/Framework/Math/Scalar/ScalarSubtract.cs
 0.1 kb	 0.0% Packages/com.unity.visualscripting/Runtime/VisualScripting.Flow/Framework/Math/Scalar/ScalarPerSecond.cs
 0.1 kb	 0.0% Packages/com.unity.visualscripting/Runtime/VisualScripting.Flow/Framework/Math/Scalar/ScalarNormalize.cs
 0.1 kb	 0.0% Packages/com.unity.visualscripting/Runtime/VisualScripting.Flow/Framework/Math/Scalar/ScalarMultiply.cs
 0.1 kb	 0.0% Packages/com.unity.visualscripting/Runtime/VisualScripting.Flow/Framework/Math/Scalar/ScalarMinimum.cs
 0.1 kb	 0.0% Packages/com.unity.visualscripting/Runtime/VisualScripting.Flow/Framework/Math/Scalar/ScalarMaximum.cs
 0.1 kb	 0.0% Packages/com.unity.visualscripting/Runtime/VisualScripting.Flow/Framework/Math/Scalar/ScalarAverage.cs
 0.1 kb	 0.0% Packages/com.unity.visualscripting/Runtime/VisualScripting.Flow/Framework/Math/Scalar/ScalarAbsolute.cs
 0.1 kb	 0.0% Packages/com.unity.visualscripting/Runtime/VisualScripting.Flow/Framework/Math/Generic/GenericSubtract.cs
 0.1 kb	 0.0% Packages/com.unity.visualscripting/Runtime/VisualScripting.Flow/Framework/Math/Generic/GenericMultiply.cs
 0.1 kb	 0.0% Packages/com.unity.visualscripting/Runtime/VisualScripting.Flow/Framework/Math/Generic/GenericModulo.cs
 0.1 kb	 0.0% Packages/com.unity.visualscripting/Runtime/VisualScripting.Flow/Framework/Math/Generic/GenericDivide.cs
 0.1 kb	 0.0% Packages/com.unity.visualscripting/Runtime/VisualScripting.Flow/Framework/Logic/GreaterOrEqual.cs
 0.1 kb	 0.0% Packages/com.unity.visualscripting/Runtime/VisualScripting.Flow/Framework/Graph/SetScriptGraph.cs
 0.1 kb	 0.0% Packages/com.unity.visualscripting/Runtime/VisualScripting.Flow/Framework/Graph/HasScriptGraph.cs
 0.1 kb	 0.0% Packages/com.unity.visualscripting/Runtime/VisualScripting.Flow/Framework/Graph/GetScriptGraphs.cs
 0.1 kb	 0.0% Packages/com.unity.visualscripting/Runtime/VisualScripting.Flow/Framework/Graph/GetScriptGraph.cs
 0.1 kb	 0.0% Packages/com.unity.visualscripting/Runtime/VisualScripting.Flow/Framework/Events/Time/OnTimerElapsed.cs
 0.1 kb	 0.0% Packages/com.unity.visualscripting/Runtime/VisualScripting.Flow/Framework/Events/Rendering/OnBecameVisible.cs
 0.1 kb	 0.0% Packages/com.unity.visualscripting/Runtime/VisualScripting.Flow/Framework/Events/Input/OnKeyboardInput.cs
 0.1 kb	 0.0% Packages/com.unity.visualscripting/Runtime/VisualScripting.Flow/Framework/Events/Input/OnButtonInput.cs
 0.1 kb	 0.0% Packages/com.unity.visualscripting/Runtime/VisualScripting.Flow/Framework/Events/Input/IMouseEventUnit.cs
 0.1 kb	 0.0% Packages/com.unity.visualscripting/Runtime/VisualScripting.Flow/Framework/Events/GUI/PointerEventUnit.cs
 0.1 kb	 0.0% Packages/com.unity.visualscripting/Runtime/VisualScripting.Flow/Framework/Events/GUI/OnPointerExit.cs
 0.1 kb	 0.0% Packages/com.unity.visualscripting/Runtime/VisualScripting.Flow/Framework/Events/GUI/OnPointerEnter.cs
 0.1 kb	 0.0% Packages/com.unity.visualscripting/Runtime/VisualScripting.Flow/Framework/Events/GUI/OnPointerDown.cs
 0.1 kb	 0.0% Packages/com.unity.visualscripting/Runtime/VisualScripting.Flow/Framework/Events/GUI/OnPointerClick.cs
 0.1 kb	 0.0% Packages/com.unity.visualscripting/Runtime/VisualScripting.Flow/Framework/Events/GUI/OnButtonClick.cs
 0.1 kb	 0.0% Packages/com.unity.visualscripting/Runtime/VisualScripting.Flow/Framework/Events/CustomEventArgs.cs
 0.1 kb	 0.0% Packages/com.unity.visualscripting/Runtime/VisualScripting.Flow/Framework/Events/BoltUnityEvent.cs
 0.1 kb	 0.0% Packages/com.unity.visualscripting/Runtime/VisualScripting.Flow/Framework/Events/Animation/OnAnimatorMove.cs
 0.1 kb	 0.0% Packages/com.unity.visualscripting/Runtime/VisualScripting.Flow/Framework/Control/SwitchOnString.cs
 0.1 kb	 0.0% Packages/com.unity.visualscripting/Runtime/VisualScripting.Flow/Framework/Control/SwitchOnInteger.cs
 0.1 kb	 0.0% Packages/com.unity.visualscripting/Runtime/VisualScripting.Flow/Framework/Control/SelectOnString.cs
 0.1 kb	 0.0% Packages/com.unity.visualscripting/Runtime/VisualScripting.Flow/Framework/Control/SelectOnInteger.cs
 0.1 kb	 0.0% Packages/com.unity.visualscripting/Runtime/VisualScripting.Flow/Framework/Collections/Lists/RemoveListItemAt.cs
 0.1 kb	 0.0% Packages/com.unity.visualscripting/Runtime/VisualScripting.Flow/Framework/Collections/Lists/RemoveListItem.cs
 0.1 kb	 0.0% Packages/com.unity.visualscripting/Runtime/VisualScripting.Flow/Framework/Collections/Lists/ListContainsItem.cs
 0.1 kb	 0.0% Packages/com.unity.visualscripting/Runtime/VisualScripting.Flow/Framework/Collections/Lists/InsertListItem.cs
 0.1 kb	 0.0% Packages/com.unity.visualscripting/Runtime/VisualScripting.Flow/Framework/Collections/Dictionaries/CreateDictionary.cs
 0.1 kb	 0.0% Packages/com.unity.visualscripting/Runtime/VisualScripting.Flow/Framework/Collections/Dictionaries/ClearDictionary.cs
 0.1 kb	 0.0% Packages/com.unity.visualscripting/Runtime/VisualScripting.Flow/FlowGraphData.cs
 0.1 kb	 0.0% Packages/com.unity.visualscripting/Runtime/VisualScripting.Flow/EditorBinding/PortKeyAttribute.cs
 0.1 kb	 0.0% Packages/com.unity.visualscripting/Runtime/VisualScripting.Flow/Connections/ValueConnection.cs
 0.1 kb	 0.0% Packages/com.unity.visualscripting/Runtime/VisualScripting.Flow/Connections/IUnitRelation.cs
 0.1 kb	 0.0% Packages/com.unity.visualscripting/Runtime/VisualScripting.Flow/Connections/IUnitConnection.cs
 0.1 kb	 0.0% Packages/com.unity.visualscripting/Runtime/VisualScripting.Core/Variables/VariablesSaver.cs
 0.1 kb	 0.0% Packages/com.unity.visualscripting/Runtime/VisualScripting.Core/Variables/VariablesAsset.cs
 0.1 kb	 0.0% Packages/com.unity.visualscripting/Runtime/VisualScripting.Core/Variables/SceneVariables.cs
 0.1 kb	 0.0% Packages/com.unity.visualscripting/Runtime/VisualScripting.Core/Variables/SavedVariables.cs
 0.1 kb	 0.0% Packages/com.unity.visualscripting/Runtime/VisualScripting.Core/Variables/ObjectVariables.cs
 0.1 kb	 0.0% Packages/com.unity.visualscripting/Runtime/VisualScripting.Core/Utilities/StringUtility.cs
 0.1 kb	 0.0% Packages/com.unity.visualscripting/Runtime/VisualScripting.Core/Utilities/IInitializable.cs
 0.1 kb	 0.0% Packages/com.unity.visualscripting/Runtime/VisualScripting.Core/Utilities/IIdentifiable.cs
 0.1 kb	 0.0% Packages/com.unity.visualscripting/Runtime/VisualScripting.Core/Utilities/ExceptionUtility.cs
 0.1 kb	 0.0% Packages/com.unity.visualscripting/Runtime/VisualScripting.Core/Utilities/CoroutineRunner.cs
 0.1 kb	 0.0% Packages/com.unity.visualscripting/Runtime/VisualScripting.Core/Unity/LudiqBehaviour.cs
 0.1 kb	 0.0% Packages/com.unity.visualscripting/Runtime/VisualScripting.Core/Serialization/Serialization.cs
 0.1 kb	 0.0% Packages/com.unity.visualscripting/Runtime/VisualScripting.Core/Serialization/SerializableType.cs
 0.1 kb	 0.0% Packages/com.unity.visualscripting/Runtime/VisualScripting.Core/Serialization/DictionaryAsset.cs
 0.1 kb	 0.0% Packages/com.unity.visualscripting/Runtime/VisualScripting.Core/Serialization/Converters/Ray2DConverter.cs
 0.1 kb	 0.0% Packages/com.unity.visualscripting/Runtime/VisualScripting.Core/Reflection/RuntimeCodebase.cs
 0.1 kb	 0.0% Packages/com.unity.visualscripting/Runtime/VisualScripting.Core/Reflection/Operators/OperatorUtility.cs
 0.1 kb	 0.0% Packages/com.unity.visualscripting/Runtime/VisualScripting.Core/Reflection/Operators/OperatorHandler.cs
 0.1 kb	 0.0% Packages/com.unity.visualscripting/Runtime/VisualScripting.Core/Reflection/Operators/ModuloHandler.cs
 0.1 kb	 0.0% Packages/com.unity.visualscripting/Runtime/VisualScripting.Core/Reflection/Operators/LessThanHandler.cs
 0.1 kb	 0.0% Packages/com.unity.visualscripting/Runtime/VisualScripting.Core/Reflection/Operators/LeftShiftHandler.cs
 0.1 kb	 0.0% Packages/com.unity.visualscripting/Runtime/VisualScripting.Core/Reflection/Operators/IncrementHandler.cs
 0.1 kb	 0.0% Packages/com.unity.visualscripting/Runtime/VisualScripting.Core/Reflection/Operators/EqualityHandler.cs
 0.1 kb	 0.0% Packages/com.unity.visualscripting/Runtime/VisualScripting.Core/Reflection/Operators/DivisionHandler.cs
 0.1 kb	 0.0% Packages/com.unity.visualscripting/Runtime/VisualScripting.Core/Reflection/Operators/DecrementHandler.cs
 0.1 kb	 0.0% Packages/com.unity.visualscripting/Runtime/VisualScripting.Core/Reflection/Operators/AdditionHandler.cs
 0.1 kb	 0.0% Packages/com.unity.visualscripting/Runtime/VisualScripting.Core/Reflection/MemberUtility.cs
 0.1 kb	 0.0% Packages/com.unity.visualscripting/Runtime/VisualScripting.Core/Reflection/AttributeUtility.cs
 0.1 kb	 0.0% Packages/com.unity.visualscripting/Runtime/VisualScripting.Core/Profiling/ProfilingUtility.cs
 0.1 kb	 0.0% Packages/com.unity.visualscripting/Runtime/VisualScripting.Core/Profiling/ProfilingScope.cs
 0.1 kb	 0.0% Packages/com.unity.visualscripting/Runtime/VisualScripting.Core/Profiling/ProfiledSegment.cs
 0.1 kb	 0.0% Packages/com.unity.visualscripting/Runtime/VisualScripting.Core/Platforms/PlatformUtility.cs
 0.1 kb	 0.0% Packages/com.unity.visualscripting/Runtime/VisualScripting.Core/Platforms/IAotStubbable.cs
 0.1 kb	 0.0% Packages/com.unity.visualscripting/Runtime/VisualScripting.Core/Graphs/IGraphElement.cs
 0.1 kb	 0.0% Packages/com.unity.visualscripting/Runtime/VisualScripting.Core/Graphs/IGraphDebugData.cs
 0.1 kb	 0.0% Packages/com.unity.visualscripting/Runtime/VisualScripting.Core/Graphs/GraphReference.cs
 0.1 kb	 0.0% Packages/com.unity.visualscripting/Runtime/VisualScripting.Core/Graphs/GraphInstances.cs
 0.1 kb	 0.0% Packages/com.unity.visualscripting/Runtime/VisualScripting.Core/Graphs/GraphDebugData.cs
 0.1 kb	 0.0% Packages/com.unity.visualscripting/Runtime/VisualScripting.Core/Events/MessageListener.cs
 0.1 kb	 0.0% Packages/com.unity.visualscripting/Runtime/VisualScripting.Core/Events/IEventMachine.cs
 0.1 kb	 0.0% Packages/com.unity.visualscripting/Runtime/VisualScripting.Core/Events/EmptyEventArgs.cs
 0.1 kb	 0.0% Packages/com.unity.visualscripting/Runtime/VisualScripting.Core/Ensure/EnsureThat.Strings.cs
 0.1 kb	 0.0% Packages/com.unity.visualscripting/Runtime/VisualScripting.Core/Ensure/EnsureThat.Objects.cs
 0.1 kb	 0.0% Packages/com.unity.visualscripting/Runtime/VisualScripting.Core/Ensure/EnsureThat.Booleans.cs
 0.1 kb	 0.0% Packages/com.unity.visualscripting/Runtime/VisualScripting.Core/EditorBinding/TypeSetAttribute.cs
 0.1 kb	 0.0% Packages/com.unity.visualscripting/Runtime/VisualScripting.Core/Decorators/ValueAttribute.cs
 0.1 kb	 0.0% Packages/com.unity.visualscripting/Runtime/VisualScripting.Core/Collections/AotDictionary.cs
 0.1 kb	 0.0% Packages/com.unity.visualscripting/Runtime/VisualScripting.Core/Cloning/ISpecifiesCloner.cs
 0.1 kb	 0.0% Packages/com.unity.visualscripting/Runtime/VisualScripting.Core/Cloning/CloningContext.cs
 0.1 kb	 0.0% Packages/com.unity.visualscripting/Runtime/VisualScripting.Core/Cloning/Cloners/ReflectedCloner.cs
 0.1 kb	 0.0% Packages/com.unity.visualscripting/Runtime/VisualScripting.Core/Cloning/Cloners/EnumerableCloner.cs
 0.1 kb	 0.0% Packages/com.unity.visualscripting/Runtime/VisualScripting.Core/Cloning/Cloners/DictionaryCloner.cs
 0.1 kb	 0.0% Packages/com.unity.timeline/Runtime/Utilities/TimelineCreateUtilities.cs
 0.1 kb	 0.0% Packages/com.unity.timeline/Runtime/Utilities/TimelineClipExtensions.cs
 0.1 kb	 0.0% Packages/com.unity.timeline/Runtime/Utilities/NotificationUtilities.cs
 0.1 kb	 0.0% Packages/com.unity.timeline/Runtime/Playables/PrefabControlPlayable.cs
 0.1 kb	 0.0% Packages/com.unity.timeline/Runtime/Playables/ParticleControlPlayable.cs
 0.1 kb	 0.0% Packages/com.unity.timeline/Runtime/Playables/DirectorControlPlayable.cs
 0.1 kb	 0.0% Packages/com.unity.timeline/Runtime/Events/Signals/CustomSignalEventDrawer.cs
 0.1 kb	 0.0% Packages/com.unity.timeline/Runtime/Attributes/TimelineHelpURLAttribute.cs
 0.1 kb	 0.0% Packages/com.unity.timeline/Runtime/Animation/AnimationPlayableAsset.cs
 0.1 kb	 0.0% Packages/com.unity.timeline/Runtime/Activation/ActivationPlayableAsset.cs
 0.1 kb	 0.0% Packages/com.unity.timeline/Runtime/Activation/ActivationMixerPlayable.cs
 0.1 kb	 0.0% Packages/com.unity.textmeshpro/Scripts/Runtime/TMP_ScrollbarEventHandler.cs
 0.1 kb	 0.0% Packages/com.unity.textmeshpro/Scripts/Runtime/TMP_PackageResourceImporter.cs
 0.1 kb	 0.0% Packages/com.unity.textmeshpro/Scripts/Runtime/TMP_EditorResourceManager.cs
 0.1 kb	 0.0% Packages/com.unity.test-framework/UnityEngine.TestRunner/Utils/StacktraceFilter.cs
 0.1 kb	 0.0% Packages/com.unity.test-framework/UnityEngine.TestRunner/Utils/IPrebuildSceneSetup.cs
 0.1 kb	 0.0% Packages/com.unity.test-framework/UnityEngine.TestRunner/Utils/CoroutineRunner.cs
 0.1 kb	 0.0% Packages/com.unity.test-framework/UnityEngine.TestRunner/Utils/AssemblyProvider/IAssemblyWrapper.cs
 0.1 kb	 0.0% Packages/com.unity.test-framework/UnityEngine.TestRunner/Utils/AssemblyProvider/AssemblyWrapper.cs
 0.1 kb	 0.0% Packages/com.unity.services.core/Runtime/Core.Internal/Components/Telemetry/IMetrics.cs
 0.1 kb	 0.0% Packages/com.unity.visualscripting/Runtime/VisualScripting.Core/Ensure/EnsureThat.Types.cs
 0.1 kb	 0.0% Packages/com.unity.visualscripting/Runtime/VisualScripting.Core/Ensure/EnsureThat.Guids.cs
 0.1 kb	 0.0% Packages/com.unity.visualscripting/Runtime/VisualScripting.Core/Dependencies/FullSerializer/fsResult.cs
 0.1 kb	 0.0% Packages/com.unity.visualscripting/Runtime/VisualScripting.Core/Dependencies/FullSerializer/fsData.cs
 0.1 kb	 0.0% Packages/com.unity.visualscripting/Runtime/VisualScripting.Core/Dependencies/FullSerializer/fsConfig.cs
 0.1 kb	 0.0% Packages/com.unity.ugui/Runtime/UI/Core/Utility/ReflectionMethodsCache.cs
 0.1 kb	 0.0% Packages/com.unity.ugui/Runtime/UI/Core/MultipleDisplayUtilities.cs
 0.1 kb	 0.0% Packages/com.unity.ugui/Runtime/UI/Core/Layout/HorizontalLayoutGroup.cs
 0.1 kb	 0.0% Packages/com.unity.ugui/Runtime/UI/Core/IGraphicEnabledDisabled.cs
 0.1 kb	 0.0% Packages/com.unity.ugui/Runtime/UI/Core/GraphicRebuildTracker.cs
 0.1 kb	 0.0% Packages/com.unity.ugui/Runtime/UI/Core/Culling/RectangularVertexClipper.cs
 0.1 kb	 0.0% Packages/com.unity.ugui/Runtime/EventSystem/Raycasters/Physics2DRaycaster.cs
 0.1 kb	 0.0% Packages/com.unity.ugui/Runtime/EventSystem/InputModules/PointerInputModule.cs
 0.1 kb	 0.0% Packages/com.unity.timeline/Runtime/TimelineAttributes.cs
 0.1 kb	 0.0% Packages/com.unity.timeline/Runtime/Playables/BasicScriptPlayable.cs
 0.1 kb	 0.0% Packages/com.unity.test-framework/UnityEngine.TestRunner/Utils/ITestRunCallback.cs
 0.1 kb	 0.0% Packages/com.unity.test-framework/UnityEngine.TestRunner/Utils/AttributeHelper.cs
 0.1 kb	 0.0% Packages/com.unity.test-framework/UnityEngine.TestRunner/NUnitExtensions/Attributes/TestEnumerator.cs
 0.1 kb	 0.0% Packages/com.unity.test-framework/UnityEngine.TestRunner/Assertions/LogScope/ILogScope.cs
 0.1 kb	 0.0% Packages/com.unity.services.core/Runtime/Core/UnityServicesBuilder.cs
 0.1 kb	 0.0% Packages/com.unity.services.core/Runtime/Core.Internal/Telemetry/CoreMetrics.cs
 0.1 kb	 0.0% Packages/com.unity.services.core/Runtime/Core.Internal/Registry/CoreRegistry.cs
 0.1 kb	 0.0% Packages/com.unity.services.core/Runtime/Core.Internal/Logging/CoreLogger.cs
 0.1 kb	 0.0% Packages/com.unity.services.core/Runtime/Core.Internal/Components/Wire/ChannelToken.cs
 0.1 kb	 0.0% Packages/com.unity.services.core/Runtime/Core.Internal/Components/Qos/IQosResults.cs
 0.1 kb	 0.0% Packages/com.unity.visualscripting/Runtime/VisualScripting.State/SuperState.cs
 0.1 kb	 0.0% Packages/com.unity.visualscripting/Runtime/VisualScripting.State/StateUnit.cs
 0.1 kb	 0.0% Packages/com.unity.visualscripting/Runtime/VisualScripting.State/StateMachine.cs
 0.1 kb	 0.0% Packages/com.unity.visualscripting/Runtime/VisualScripting.State/StateGraph.cs
 0.1 kb	 0.0% Packages/com.unity.visualscripting/Runtime/VisualScripting.State/OnExitState.cs
 0.1 kb	 0.0% Packages/com.unity.visualscripting/Runtime/VisualScripting.State/OnEnterState.cs
 0.1 kb	 0.0% Packages/com.unity.visualscripting/Runtime/VisualScripting.State/INesterState.cs
 0.1 kb	 0.0% Packages/com.unity.visualscripting/Runtime/VisualScripting.State/FlowState.cs
 0.1 kb	 0.0% Packages/com.unity.visualscripting/Runtime/VisualScripting.Flow/UnitCategory.cs
 0.1 kb	 0.0% Packages/com.unity.visualscripting/Runtime/VisualScripting.Flow/SubgraphUnit.cs
 0.1 kb	 0.0% Packages/com.unity.visualscripting/Runtime/VisualScripting.Flow/Ports/ValueOutput.cs
 0.1 kb	 0.0% Packages/com.unity.visualscripting/Runtime/VisualScripting.Flow/Ports/ValueInput.cs
 0.1 kb	 0.0% Packages/com.unity.visualscripting/Runtime/VisualScripting.Flow/Ports/InvalidInput.cs
 0.1 kb	 0.0% Packages/com.unity.visualscripting/Runtime/VisualScripting.Flow/Ports/IUnitPort.cs
 0.1 kb	 0.0% Packages/com.unity.visualscripting/Runtime/VisualScripting.Flow/Ports/ControlInput.cs
 0.1 kb	 0.0% Packages/com.unity.visualscripting/Runtime/VisualScripting.Flow/INesterUnit.cs
 0.1 kb	 0.0% Packages/com.unity.visualscripting/Runtime/VisualScripting.Flow/Framework/Variables/SetVariable.cs
 0.1 kb	 0.0% Packages/com.unity.visualscripting/Runtime/VisualScripting.Flow/Framework/Variables/Obsolete/VariableUnit.cs
 0.1 kb	 0.0% Packages/com.unity.visualscripting/Runtime/VisualScripting.Flow/Framework/Variables/GetVariable.cs
 0.1 kb	 0.0% Packages/com.unity.visualscripting/Runtime/VisualScripting.Flow/Framework/Time/WaitForFlow.cs
 0.1 kb	 0.0% Packages/com.unity.visualscripting/Runtime/VisualScripting.Flow/Framework/Nulls/NullCoalesce.cs
 0.1 kb	 0.0% Packages/com.unity.visualscripting/Runtime/VisualScripting.Flow/Framework/Nulls/NullCheck.cs
 0.1 kb	 0.0% Packages/com.unity.visualscripting/Runtime/VisualScripting.Flow/Framework/Nesting/GraphOutput.cs
 0.1 kb	 0.0% Packages/com.unity.visualscripting/Runtime/VisualScripting.Flow/Framework/Nesting/GraphInput.cs
 0.1 kb	 0.0% Packages/com.unity.visualscripting/Runtime/VisualScripting.Flow/Framework/Math/Vector4/Vector4Sum.cs
 0.1 kb	 0.0% Packages/com.unity.visualscripting/Runtime/VisualScripting.Flow/Framework/Math/Vector4/Vector4Round.cs
 0.1 kb	 0.0% Packages/com.unity.visualscripting/Runtime/VisualScripting.Flow/Framework/Math/Vector4/Vector4Lerp.cs
 0.1 kb	 0.0% Packages/com.unity.visualscripting/Runtime/VisualScripting.Flow/Framework/Math/Vector3/Vector3Sum.cs
 0.1 kb	 0.0% Packages/com.unity.visualscripting/Runtime/VisualScripting.Flow/Framework/Math/Vector3/Vector3Round.cs
 0.1 kb	 0.0% Packages/com.unity.visualscripting/Runtime/VisualScripting.Flow/Framework/Math/Vector3/Vector3Lerp.cs
 0.1 kb	 0.0% Packages/com.unity.visualscripting/Runtime/VisualScripting.Flow/Framework/Math/Vector3/Vector3Angle.cs
 0.1 kb	 0.0% Packages/com.unity.visualscripting/Runtime/VisualScripting.Flow/Framework/Math/Vector2/Vector2Sum.cs
 0.1 kb	 0.0% Packages/com.unity.visualscripting/Runtime/VisualScripting.Flow/Framework/Math/Vector2/Vector2Round.cs
 0.1 kb	 0.0% Packages/com.unity.visualscripting/Runtime/VisualScripting.Flow/Framework/Math/Vector2/Vector2Lerp.cs
 0.1 kb	 0.0% Packages/com.unity.visualscripting/Runtime/VisualScripting.Flow/Framework/Math/Vector2/Vector2Angle.cs
 0.1 kb	 0.0% Packages/com.unity.visualscripting/Runtime/VisualScripting.Flow/Framework/Math/Scalar/ScalarSum.cs
 0.1 kb	 0.0% Packages/com.unity.visualscripting/Runtime/VisualScripting.Flow/Framework/Math/Scalar/ScalarRound.cs
 0.1 kb	 0.0% Packages/com.unity.visualscripting/Runtime/VisualScripting.Flow/Framework/Math/Scalar/ScalarRoot.cs
 0.1 kb	 0.0% Packages/com.unity.visualscripting/Runtime/VisualScripting.Flow/Framework/Math/Scalar/ScalarModulo.cs
 0.1 kb	 0.0% Packages/com.unity.visualscripting/Runtime/VisualScripting.Flow/Framework/Math/Scalar/ScalarLerp.cs
 0.1 kb	 0.0% Packages/com.unity.visualscripting/Runtime/VisualScripting.Flow/Framework/Math/Scalar/ScalarDivide.cs
 0.1 kb	 0.0% Packages/com.unity.visualscripting/Runtime/VisualScripting.Flow/Framework/Math/Generic/GenericSum.cs
 0.1 kb	 0.0% Packages/com.unity.visualscripting/Runtime/VisualScripting.Flow/Framework/Logic/LessOrEqual.cs
 0.1 kb	 0.0% Packages/com.unity.visualscripting/Runtime/VisualScripting.Flow/Framework/Logic/ExclusiveOr.cs
 0.1 kb	 0.0% Packages/com.unity.visualscripting/Runtime/VisualScripting.Flow/Framework/Logic/Comparison.cs
 0.1 kb	 0.0% Packages/com.unity.visualscripting/Runtime/VisualScripting.Flow/Framework/Events/Physics/OnJointBreak.cs
 0.1 kb	 0.0% Packages/com.unity.visualscripting/Runtime/VisualScripting.Flow/Framework/Events/Lifecycle/OnDisable.cs
 0.1 kb	 0.0% Packages/com.unity.visualscripting/Runtime/VisualScripting.Flow/Framework/Events/Lifecycle/OnDestroy.cs
 0.1 kb	 0.0% Packages/com.unity.visualscripting/Runtime/VisualScripting.Flow/Framework/Events/Lifecycle/LateUpdate.cs
 0.1 kb	 0.0% Packages/com.unity.visualscripting/Runtime/VisualScripting.Flow/Framework/Events/Lifecycle/FixedUpdate.cs
 0.1 kb	 0.0% Packages/com.unity.visualscripting/Runtime/VisualScripting.Flow/Framework/Events/Input/OnMouseUp.cs
 0.1 kb	 0.0% Packages/com.unity.visualscripting/Runtime/VisualScripting.Flow/Framework/Events/Input/OnMouseOver.cs
 0.1 kb	 0.0% Packages/com.unity.visualscripting/Runtime/VisualScripting.Flow/Framework/Events/Input/OnMouseInput.cs
 0.1 kb	 0.0% Packages/com.unity.visualscripting/Runtime/VisualScripting.Flow/Framework/Events/Input/OnMouseExit.cs
 0.1 kb	 0.0% Packages/com.unity.visualscripting/Runtime/VisualScripting.Flow/Framework/Events/Input/OnMouseEnter.cs
 0.1 kb	 0.0% Packages/com.unity.visualscripting/Runtime/VisualScripting.Flow/Framework/Events/Input/OnMouseDrag.cs
 0.1 kb	 0.0% Packages/com.unity.visualscripting/Runtime/VisualScripting.Flow/Framework/Events/Input/OnMouseDown.cs
 0.1 kb	 0.0% Packages/com.unity.visualscripting/Runtime/VisualScripting.Flow/Framework/Events/IEventUnit.cs
 0.1 kb	 0.0% Packages/com.unity.visualscripting/Runtime/VisualScripting.Flow/Framework/Events/GUI/OnPointerUp.cs
 0.1 kb	 0.0% Packages/com.unity.visualscripting/Runtime/VisualScripting.Flow/Framework/Events/GUI/OnEndDrag.cs
 0.1 kb	 0.0% Packages/com.unity.visualscripting/Runtime/VisualScripting.Flow/Framework/Events/GUI/OnDeselect.cs
 0.1 kb	 0.0% Packages/com.unity.visualscripting/Runtime/VisualScripting.Flow/Framework/Events/GUI/OnBeginDrag.cs
 0.1 kb	 0.0% Packages/com.unity.visualscripting/Runtime/VisualScripting.Flow/Framework/Events/Editor/OnDrawGizmos.cs
 0.1 kb	 0.0% Packages/com.unity.visualscripting/Runtime/VisualScripting.Flow/Framework/Events/CustomEvent.cs
 0.1 kb	 0.0% Packages/com.unity.visualscripting/Runtime/VisualScripting.Flow/Framework/Events/Animation/OnAnimatorIK.cs
 0.1 kb	 0.0% Packages/com.unity.visualscripting/Runtime/VisualScripting.Flow/Framework/Control/ToggleValue.cs
 0.1 kb	 0.0% Packages/com.unity.visualscripting/Runtime/VisualScripting.Flow/Framework/Control/ToggleFlow.cs
 0.1 kb	 0.0% Packages/com.unity.visualscripting/Runtime/VisualScripting.Flow/Framework/Control/SwitchOnEnum.cs
 0.1 kb	 0.0% Packages/com.unity.visualscripting/Runtime/VisualScripting.Flow/Framework/Control/SelectUnit_T.cs
 0.1 kb	 0.0% Packages/com.unity.visualscripting/Runtime/VisualScripting.Flow/Framework/Control/SelectUnit.cs
 0.1 kb	 0.0% Packages/com.unity.visualscripting/Runtime/VisualScripting.Flow/Framework/Control/SelectOnFlow.cs
 0.1 kb	 0.0% Packages/com.unity.visualscripting/Runtime/VisualScripting.Flow/Framework/Control/SelectOnEnum.cs
 0.1 kb	 0.0% Packages/com.unity.visualscripting/Runtime/VisualScripting.Flow/Framework/Control/ISelectUnit.cs
 0.1 kb	 0.0% Packages/com.unity.visualscripting/Runtime/VisualScripting.Flow/Framework/Control/IBranchUnit.cs
 0.1 kb	 0.0% Packages/com.unity.visualscripting/Runtime/VisualScripting.Flow/Framework/Collections/Lists/SetListItem.cs
 0.1 kb	 0.0% Packages/com.unity.visualscripting/Runtime/VisualScripting.Flow/Framework/Collections/Lists/MergeLists.cs
 0.1 kb	 0.0% Packages/com.unity.visualscripting/Runtime/VisualScripting.Flow/Framework/Collections/Lists/GetListItem.cs
 0.1 kb	 0.0% Packages/com.unity.visualscripting/Runtime/VisualScripting.Flow/Framework/Collections/Lists/CreateList.cs
 0.1 kb	 0.0% Packages/com.unity.visualscripting/Runtime/VisualScripting.Flow/Framework/Collections/Lists/ClearList.cs
 0.1 kb	 0.0% Packages/com.unity.visualscripting/Runtime/VisualScripting.Flow/Framework/Collections/Lists/AddListItem.cs
 0.1 kb	 0.0% Packages/com.unity.visualscripting/Runtime/VisualScripting.Flow/Framework/Collections/FirstItem.cs
 0.1 kb	 0.0% Packages/com.unity.visualscripting/Runtime/VisualScripting.Flow/Framework/Collections/CountItems.cs
 0.1 kb	 0.0% Packages/com.unity.visualscripting/Runtime/VisualScripting.Flow/Framework/Codebase/SetMember.cs
 0.1 kb	 0.0% Packages/com.unity.visualscripting/Runtime/VisualScripting.Flow/Framework/Codebase/MemberUnit.cs
 0.1 kb	 0.0% Packages/com.unity.visualscripting/Runtime/VisualScripting.Flow/Framework/Codebase/InvokeMember.cs
 0.1 kb	 0.0% Packages/com.unity.visualscripting/Runtime/VisualScripting.Flow/Framework/Codebase/GetMember.cs
 0.1 kb	 0.0% Packages/com.unity.visualscripting/Runtime/VisualScripting.Flow/Framework/Codebase/CreateStruct.cs
 0.1 kb	 0.0% Packages/com.unity.visualscripting/Runtime/VisualScripting.Flow/FlowGraph.cs
 0.1 kb	 0.0% Packages/com.unity.visualscripting/Runtime/VisualScripting.Flow/Connections/UnitRelation.cs
 0.1 kb	 0.0% Packages/com.unity.visualscripting/Runtime/VisualScripting.Core/Variables/Variables.cs
 0.1 kb	 0.0% Packages/com.unity.visualscripting/Runtime/VisualScripting.Core/Utilities/Recursion.cs
 0.1 kb	 0.0% Packages/com.unity.visualscripting/Runtime/VisualScripting.Core/Utilities/LinqUtility.cs
 0.1 kb	 0.0% Packages/com.unity.visualscripting/Runtime/VisualScripting.Core/Utilities/IGettable.cs
 0.1 kb	 0.0% Packages/com.unity.visualscripting/Runtime/VisualScripting.Core/Utilities/HashUtility.cs
 0.1 kb	 0.0% Packages/com.unity.visualscripting/Runtime/VisualScripting.Core/Utilities/EnumUtility.cs
 0.1 kb	 0.0% Packages/com.unity.visualscripting/Runtime/VisualScripting.Core/Unity/UnityThread.cs
 0.1 kb	 0.0% Packages/com.unity.visualscripting/Runtime/VisualScripting.Core/Unity/ISingleton.cs
 0.1 kb	 0.0% Packages/com.unity.visualscripting/Runtime/VisualScripting.Core/Unity/IGizmoDrawer.cs
 0.1 kb	 0.0% Packages/com.unity.visualscripting/Runtime/VisualScripting.Core/Serialization/Converters/RayConverter.cs
 0.1 kb	 0.0% Packages/com.unity.visualscripting/Runtime/VisualScripting.Core/Reflection/TypeUtility.cs
 0.1 kb	 0.0% Packages/com.unity.visualscripting/Runtime/VisualScripting.Core/Reflection/TypeFilter.cs
 0.1 kb	 0.0% Packages/com.unity.visualscripting/Runtime/VisualScripting.Core/Reflection/Optimization/InvokerBase.cs
 0.1 kb	 0.0% Packages/com.unity.visualscripting/Runtime/VisualScripting.Core/Reflection/Operators/PlusHandler.cs
 0.1 kb	 0.0% Packages/com.unity.visualscripting/Runtime/VisualScripting.Core/Reflection/Operators/OrHandler.cs
 0.1 kb	 0.0% Packages/com.unity.visualscripting/Runtime/VisualScripting.Core/Reflection/Operators/AndHandler.cs
 0.1 kb	 0.0% Packages/com.unity.visualscripting/Runtime/VisualScripting.Core/Reflection/Namespace.cs
 0.1 kb	 0.0% Packages/com.unity.visualscripting/Runtime/VisualScripting.Core/Reflection/MemberFilter.cs
 0.1 kb	 0.0% Packages/com.unity.visualscripting/Runtime/VisualScripting.Core/Reflection/IPrewarmable.cs
 0.1 kb	 0.0% Packages/com.unity.visualscripting/Runtime/VisualScripting.Core/Pooling/IPoolable.cs
 0.1 kb	 0.0% Packages/com.unity.visualscripting/Runtime/VisualScripting.Core/Groups/GraphGroup.cs
 0.1 kb	 0.0% Packages/com.unity.visualscripting/Runtime/VisualScripting.Core/Graphs/IGraphRoot.cs
 0.1 kb	 0.0% Packages/com.unity.visualscripting/Runtime/VisualScripting.Core/Graphs/IGraphParent.cs
 0.1 kb	 0.0% Packages/com.unity.visualscripting/Runtime/VisualScripting.Core/Graphs/IGraphNester.cs
 0.1 kb	 0.0% Packages/com.unity.visualscripting/Runtime/VisualScripting.Core/Graphs/IGraphNest.cs
 0.1 kb	 0.0% Packages/com.unity.visualscripting/Runtime/VisualScripting.Core/Graphs/IGraphItem.cs
 0.1 kb	 0.0% Packages/com.unity.visualscripting/Runtime/VisualScripting.Core/Graphs/IGraphData.cs
 0.1 kb	 0.0% Packages/com.unity.visualscripting/Runtime/VisualScripting.Core/Graphs/GraphStack.cs
 0.1 kb	 0.0% Packages/com.unity.visualscripting/Runtime/VisualScripting.Core/Graphs/GraphPointer.cs
 0.1 kb	 0.0% Packages/com.unity.visualscripting/Runtime/VisualScripting.Core/Exceptions/DebugUtility.cs
 0.1 kb	 0.0% Packages/com.unity.visualscripting/Runtime/VisualScripting.Core/Events/IEventGraph.cs
 0.1 kb	 0.0% Packages/com.unity.visualscripting/Runtime/VisualScripting.Core/Events/EventHooks.cs
 0.1 kb	 0.0% Packages/com.unity.visualscripting/Runtime/VisualScripting.Core/Events/EventHook.cs
 0.1 kb	 0.0% Packages/com.unity.visualscripting/Runtime/VisualScripting.Core/Ensure/Extensions/XComparable.cs
 0.1 kb	 0.0% Packages/com.unity.visualscripting/Runtime/VisualScripting.Core/Ensure/EnsureThat.cs
 0.1 kb	 0.0% Packages/com.unity.visualscripting/Runtime/VisualScripting.Core/Cloning/Cloners/ListCloner.cs
 0.1 kb	 0.0% Packages/com.unity.visualscripting/Runtime/VisualScripting.Core/Cloning/Cloners/FieldsCloner.cs
 0.1 kb	 0.0% Packages/com.unity.visualscripting/Runtime/VisualScripting.Core/Cloning/Cloners/ArrayCloner.cs
 0.1 kb	 0.0% Packages/com.unity.ugui/Runtime/UI/Animation/CoroutineTween.cs
 0.1 kb	 0.0% Packages/com.unity.ugui/Runtime/EventSystem/EventInterfaces.cs
 0.1 kb	 0.0% Packages/com.unity.timeline/Runtime/Utilities/IPropertyCollector.cs
 0.1 kb	 0.0% Packages/com.unity.timeline/Runtime/Utilities/AnimatorBindingCache.cs
 0.1 kb	 0.0% Packages/com.unity.timeline/Runtime/Playables/TimeControlPlayable.cs
 0.1 kb	 0.0% Packages/com.unity.timeline/Runtime/Evaluation/ScheduleRuntimeClip.cs
 0.1 kb	 0.0% Packages/com.unity.timeline/Runtime/Evaluation/InfiniteRuntimeClip.cs
 0.1 kb	 0.0% Packages/com.unity.timeline/Runtime/Control/ControlPlayableAsset.cs
 0.1 kb	 0.0% Packages/com.unity.timeline/Runtime/Audio/AudioPlayableAsset.cs
 0.1 kb	 0.0% Packages/com.unity.timeline/Runtime/Audio/AudioMixerProperties.cs
 0.1 kb	 0.0% Packages/com.unity.timeline/Runtime/Audio/AudioClipProperties.cs
 0.1 kb	 0.0% Packages/com.unity.timeline/Runtime/Attributes/TrackColorAttribute.cs
 0.1 kb	 0.0% Packages/com.unity.textmeshpro/Scripts/Runtime/TMPro_ExtensionMethods.cs
 0.1 kb	 0.0% Packages/com.unity.textmeshpro/Scripts/Runtime/TMP_TextParsingUtilities.cs
 0.1 kb	 0.0% Packages/com.unity.textmeshpro/Scripts/Runtime/TMP_TextElement_Legacy.cs
 0.1 kb	 0.0% Packages/com.unity.textmeshpro/Scripts/Runtime/TMP_FontAssetUtilities.cs
 0.1 kb	 0.0% Packages/com.unity.textmeshpro/Scripts/Runtime/MaterialReferenceManager.cs
 0.1 kb	 0.0% Packages/com.unity.services.core/Runtime/Core.Internal/Components/Vivox/IVivox.cs
 0.1 kb	 0.0% Assets/Scripts/Toolkit/ReactionTimeRecorder.cs
 0.1 kb	 0.0% Packages/com.unity.ugui/Runtime/UI/Core/SetPropertyUtility.cs
 0.1 kb	 0.0% Packages/com.unity.ugui/Runtime/UI/Core/MaterialModifiers/IMaterialModifier.cs
 0.1 kb	 0.0% Packages/com.unity.ugui/Runtime/UI/Core/Layout/VerticalLayoutGroup.cs
 0.1 kb	 0.0% Packages/com.unity.ugui/Runtime/UI/Core/Layout/ContentSizeFitter.cs
 0.1 kb	 0.0% Packages/com.unity.ugui/Runtime/UI/Core/Layout/AspectRatioFitter.cs
 0.1 kb	 0.0% Packages/com.unity.ugui/Runtime/UI/Core/FontUpdateTracker.cs
 0.1 kb	 0.0% Packages/com.unity.ugui/Runtime/UI/Core/CanvasUpdateRegistry.cs
 0.1 kb	 0.0% Packages/com.unity.ugui/Runtime/UI/Core/AnimationTriggers.cs
 0.1 kb	 0.0% Packages/com.unity.ugui/Runtime/EventSystem/Raycasters/PhysicsRaycaster.cs
 0.1 kb	 0.0% Packages/com.unity.ugui/Runtime/EventSystem/Raycasters/BaseRaycaster.cs
 0.1 kb	 0.0% Packages/com.unity.ugui/Runtime/EventSystem/RaycasterManager.cs
 0.1 kb	 0.0% Packages/com.unity.ugui/Runtime/EventSystem/RaycastResult.cs
 0.1 kb	 0.0% Packages/com.unity.ugui/Runtime/EventSystem/InputModules/TouchInputModule.cs
 0.1 kb	 0.0% Packages/com.unity.ugui/Runtime/EventSystem/InputModules/BaseInputModule.cs
 0.1 kb	 0.0% Packages/com.unity.ugui/Runtime/EventSystem/ExecuteEvents.cs
 0.1 kb	 0.0% Packages/com.unity.ugui/Runtime/EventSystem/EventData/PointerEventData.cs
 0.1 kb	 0.0% Packages/com.unity.ugui/Runtime/EventSystem/EventData/BaseEventData.cs
 0.1 kb	 0.0% Packages/com.unity.ugui/Runtime/EventSystem/EventData/AxisEventData.cs
 0.1 kb	 0.0% Packages/com.unity.timeline/Runtime/Extensions/TrackExtensions.cs
 0.1 kb	 0.0% Packages/com.unity.timeline/Runtime/ClipCaps.cs
 0.1 kb	 0.0% Packages/com.unity.textmeshpro/Scripts/Runtime/TMP_TextProcessingStack.cs
 0.1 kb	 0.0% Packages/com.unity.textmeshpro/Scripts/Runtime/TMP_FontFeaturesCommon.cs
 0.1 kb	 0.0% Packages/com.unity.test-framework/UnityEngine.TestRunner/Assertions/LogScope/LogScope.cs
 0.1 kb	 0.0% Packages/com.unity.test-framework/UnityEngine.TestRunner/Assertions/LogScope/LogMatch.cs
 0.1 kb	 0.0% Packages/com.unity.test-framework/UnityEngine.TestRunner/Assertions/LogScope/LogEvent.cs
 0.1 kb	 0.0% Packages/com.unity.test-framework/UnityEngine.TestRunner/Assertions/LogAssert.cs
 0.1 kb	 0.0% Packages/com.unity.services.core/Runtime/Core/Utils/UnityThreadUtils.cs
 0.1 kb	 0.0% Packages/com.unity.services.core/Runtime/Core/UnityServices.cs
 0.1 kb	 0.0% Packages/com.unity.services.core/Runtime/Core/IUnityServices.cs
 0.1 kb	 0.0% Packages/com.unity.services.core/Runtime/Core/CommonErrorCodes.cs
 0.1 kb	 0.0% Packages/com.unity.services.core/Runtime/Core.Internal/Components/Wire/IWire.cs
 0.1 kb	 0.0% Packages/com.unity.services.core/Runtime/Core.Internal/Components/Wire/IChannel.cs
 0.1 kb	 0.0% Packages/com.unity.visualscripting/Runtime/VisualScripting.State/State.cs
 0.1 kb	 0.0% Packages/com.unity.visualscripting/Runtime/VisualScripting.State/IState.cs
 0.1 kb	 0.0% Packages/com.unity.visualscripting/Runtime/VisualScripting.State/AnyState.cs
 0.1 kb	 0.0% Packages/com.unity.visualscripting/Runtime/VisualScripting.Flow/IUnit.cs
 0.1 kb	 0.0% Packages/com.unity.visualscripting/Runtime/VisualScripting.Flow/Framework/Time/WaitUnit.cs
 0.1 kb	 0.0% Packages/com.unity.visualscripting/Runtime/VisualScripting.Flow/Framework/Time/Timer.cs
 0.1 kb	 0.0% Packages/com.unity.visualscripting/Runtime/VisualScripting.Flow/Framework/Time/Cooldown.cs
 0.1 kb	 0.0% Packages/com.unity.visualscripting/Runtime/VisualScripting.Flow/Framework/Logic/NotEqual.cs
 0.1 kb	 0.0% Packages/com.unity.visualscripting/Runtime/VisualScripting.Flow/Framework/Logic/Negate.cs
 0.1 kb	 0.0% Packages/com.unity.visualscripting/Runtime/VisualScripting.Flow/Framework/Logic/Greater.cs
 0.1 kb	 0.0% Packages/com.unity.visualscripting/Runtime/VisualScripting.Flow/Framework/Logic/Equal.cs
 0.1 kb	 0.0% Packages/com.unity.visualscripting/Runtime/VisualScripting.Flow/Framework/Literal.cs
 0.1 kb	 0.0% Packages/com.unity.visualscripting/Runtime/VisualScripting.Flow/Framework/Formula.cs
 0.1 kb	 0.0% Packages/com.unity.visualscripting/Runtime/VisualScripting.Flow/Framework/Events/Lifecycle/Update.cs
 0.1 kb	 0.0% Packages/com.unity.visualscripting/Runtime/VisualScripting.Flow/Framework/Events/Lifecycle/Start.cs
 0.1 kb	 0.0% Packages/com.unity.visualscripting/Runtime/VisualScripting.Flow/Framework/Events/Lifecycle/OnEnable.cs
 0.1 kb	 0.0% Packages/com.unity.visualscripting/Runtime/VisualScripting.Flow/Framework/Events/GUI/OnSubmit.cs
 0.1 kb	 0.0% Packages/com.unity.visualscripting/Runtime/VisualScripting.Flow/Framework/Events/GUI/OnSelect.cs
 0.1 kb	 0.0% Packages/com.unity.visualscripting/Runtime/VisualScripting.Flow/Framework/Events/GUI/OnScroll.cs
 0.1 kb	 0.0% Packages/com.unity.visualscripting/Runtime/VisualScripting.Flow/Framework/Events/GUI/OnMove.cs
 0.1 kb	 0.0% Packages/com.unity.visualscripting/Runtime/VisualScripting.Flow/Framework/Events/GUI/OnGUI.cs
 0.1 kb	 0.0% Packages/com.unity.visualscripting/Runtime/VisualScripting.Flow/Framework/Events/GUI/OnDrop.cs
 0.1 kb	 0.0% Packages/com.unity.visualscripting/Runtime/VisualScripting.Flow/Framework/Events/GUI/OnDrag.cs
 0.1 kb	 0.0% Packages/com.unity.visualscripting/Runtime/VisualScripting.Flow/Framework/Events/GUI/OnCancel.cs
 0.1 kb	 0.0% Packages/com.unity.visualscripting/Runtime/VisualScripting.Flow/Framework/Control/While.cs
 0.1 kb	 0.0% Packages/com.unity.visualscripting/Runtime/VisualScripting.Flow/Framework/Control/TryCatch.cs
 0.1 kb	 0.0% Packages/com.unity.visualscripting/Runtime/VisualScripting.Flow/Framework/Control/Throw.cs
 0.1 kb	 0.0% Packages/com.unity.visualscripting/Runtime/VisualScripting.Flow/Framework/Control/Sequence.cs
 0.1 kb	 0.0% Packages/com.unity.visualscripting/Runtime/VisualScripting.Flow/Framework/Control/LoopUnit.cs
 0.1 kb	 0.0% Packages/com.unity.visualscripting/Runtime/VisualScripting.Flow/Framework/Control/ForEach.cs
 0.1 kb	 0.0% Packages/com.unity.visualscripting/Runtime/VisualScripting.Flow/Framework/Control/Cache.cs
 0.1 kb	 0.0% Packages/com.unity.visualscripting/Runtime/VisualScripting.Flow/Framework/Control/Break.cs
 0.1 kb	 0.0% Packages/com.unity.visualscripting/Runtime/VisualScripting.Flow/Framework/Collections/LastItem.cs
 0.1 kb	 0.0% Packages/com.unity.visualscripting/Runtime/VisualScripting.Flow/Framework/Codebase/Expose.cs
 0.1 kb	 0.0% Packages/com.unity.visualscripting/Runtime/VisualScripting.Core/Utilities/XColor.cs
 0.1 kb	 0.0% Packages/com.unity.visualscripting/Runtime/VisualScripting.Core/Reflection/TypeName.cs
 0.1 kb	 0.0% Packages/com.unity.visualscripting/Runtime/VisualScripting.Core/Reflection/Member.cs
 0.1 kb	 0.0% Packages/com.unity.visualscripting/Runtime/VisualScripting.Core/Macros/IMacro.cs
 0.1 kb	 0.0% Packages/com.unity.visualscripting/Runtime/VisualScripting.Core/Machines/IMachine.cs
 0.1 kb	 0.0% Packages/com.unity.visualscripting/Runtime/VisualScripting.Core/Graphs/IGraph.cs
 0.1 kb	 0.0% Packages/com.unity.visualscripting/Runtime/VisualScripting.Core/Graphs/Graph.cs
 0.1 kb	 0.0% Packages/com.unity.visualscripting/Runtime/VisualScripting.Core/Events/EventBus.cs
 0.1 kb	 0.0% Packages/com.unity.visualscripting/Runtime/VisualScripting.Core/Ensure/Extensions/XString.cs
 0.1 kb	 0.0% Packages/com.unity.visualscripting/Runtime/VisualScripting.Core/Ensure/Ensure.cs
 0.1 kb	 0.0% Packages/com.unity.visualscripting/Runtime/VisualScripting.Core/Collections/AotList.cs
 0.1 kb	 0.0% Packages/com.unity.visualscripting/Runtime/VisualScripting.Core/Cloning/ICloner.cs
 0.1 kb	 0.0% Packages/com.unity.visualscripting/Runtime/VisualScripting.Core/Cloning/Cloning.cs
 0.1 kb	 0.0% Packages/com.unity.timeline/Runtime/Utilities/WeightUtility.cs
 0.1 kb	 0.0% Packages/com.unity.timeline/Runtime/Utilities/IPropertyPreview.cs
 0.1 kb	 0.0% Packages/com.unity.timeline/Runtime/Utilities/Extrapolation.cs
 0.1 kb	 0.0% Packages/com.unity.timeline/Runtime/TimelinePlayable.cs
 0.1 kb	 0.0% Packages/com.unity.timeline/Runtime/TimelineAsset.cs
 0.1 kb	 0.0% Packages/com.unity.timeline/Runtime/Scripting/PlayableTrack.cs
 0.1 kb	 0.0% Packages/com.unity.timeline/Runtime/Events/Signals/SignalReceiver.cs
 0.1 kb	 0.0% Packages/com.unity.timeline/Runtime/Events/Signals/SignalEmitter.cs
 0.1 kb	 0.0% Packages/com.unity.timeline/Runtime/Evaluation/RuntimeElement.cs
 0.1 kb	 0.0% Packages/com.unity.timeline/Runtime/Evaluation/RuntimeClipBase.cs
 0.1 kb	 0.0% Packages/com.unity.timeline/Runtime/Animation/AnimationTrack.cs
 0.1 kb	 0.0% Packages/com.unity.timeline/Runtime/Activation/ActivationTrack.cs
 0.1 kb	 0.0% Packages/com.unity.textmeshpro/Scripts/Runtime/TMPro_EventManager.cs
 0.1 kb	 0.0% Packages/com.unity.textmeshpro/Scripts/Runtime/TMP_UpdateRegistery.cs
 0.1 kb	 0.0% Packages/com.unity.textmeshpro/Scripts/Runtime/TMP_UpdateManager.cs
 0.1 kb	 0.0% Packages/com.unity.textmeshpro/Scripts/Runtime/TMP_TextUtilities.cs
 0.1 kb	 0.0% Packages/com.unity.textmeshpro/Scripts/Runtime/TMP_SpriteCharacter.cs
 0.1 kb	 0.0% Packages/com.unity.textmeshpro/Scripts/Runtime/TMP_SpriteAnimator.cs
 0.1 kb	 0.0% Packages/com.unity.textmeshpro/Scripts/Runtime/TMP_SelectionCaret.cs
 0.1 kb	 0.0% Packages/com.unity.textmeshpro/Scripts/Runtime/TMP_ResourcesManager.cs
 0.1 kb	 0.0% Packages/com.unity.textmeshpro/Scripts/Runtime/TMP_MaterialManager.cs
 0.1 kb	 0.0% Packages/com.unity.textmeshpro/Scripts/Runtime/TMP_InputValidator.cs
 0.1 kb	 0.0% Packages/com.unity.textmeshpro/Scripts/Runtime/TMP_FontFeatureTable.cs
 0.1 kb	 0.0% Packages/com.unity.textmeshpro/Scripts/Runtime/TMP_DefaultControls.cs
 0.1 kb	 0.0% Packages/com.unity.textmeshpro/Scripts/Runtime/TMP_Compatibility.cs
 0.1 kb	 0.0% Packages/com.unity.textmeshpro/Scripts/Runtime/TMP_ColorGradient.cs
 0.1 kb	 0.0% Packages/com.unity.textmeshpro/Scripts/Runtime/TMP_CharacterInfo.cs
 0.1 kb	 0.0% Packages/com.unity.textmeshpro/Scripts/Runtime/ITextPreProcessor.cs
 0.1 kb	 0.0% Packages/com.unity.test-framework/UnityEngine.TestRunner/Utils/Utils.cs
 0.1 kb	 0.0% Packages/com.unity.test-framework/UnityEngine.TestRunner/Assertions/Is.cs
 0.1 kb	 0.0% Assets/Scripts/Toolkit/CountdownTimer.cs
 0.1 kb	 0.0% Assets/Scripts/Core/DifficultyManager.cs
 0.1 kb	 0.0% Packages/com.unity.ugui/Runtime/UI/Core/VertexModifiers/PositionAsUV1.cs
 0.1 kb	 0.0% Packages/com.unity.ugui/Runtime/UI/Core/VertexModifiers/IMeshModifier.cs
 0.1 kb	 0.0% Packages/com.unity.ugui/Runtime/UI/Core/VertexModifiers/BaseMeshEffect.cs
 0.1 kb	 0.0% Packages/com.unity.ugui/Runtime/UI/Core/StencilMaterial.cs
 0.1 kb	 0.0% Packages/com.unity.ugui/Runtime/UI/Core/MaskableGraphic.cs
 0.1 kb	 0.0% Packages/com.unity.ugui/Runtime/UI/Core/MaskUtilities.cs
 0.1 kb	 0.0% Packages/com.unity.ugui/Runtime/UI/Core/Layout/LayoutUtility.cs
 0.1 kb	 0.0% Packages/com.unity.ugui/Runtime/UI/Core/Layout/LayoutRebuilder.cs
 0.1 kb	 0.0% Packages/com.unity.ugui/Runtime/UI/Core/Layout/LayoutElement.cs
 0.1 kb	 0.0% Packages/com.unity.ugui/Runtime/UI/Core/Layout/ILayoutElement.cs
 0.1 kb	 0.0% Packages/com.unity.ugui/Runtime/UI/Core/Layout/GridLayoutGroup.cs
 0.1 kb	 0.0% Packages/com.unity.ugui/Runtime/UI/Core/GraphicRegistry.cs
 0.1 kb	 0.0% Packages/com.unity.ugui/Runtime/UI/Core/GraphicRaycaster.cs
 0.1 kb	 0.0% Packages/com.unity.ugui/Runtime/UI/Core/DefaultControls.cs
 0.1 kb	 0.0% Packages/com.unity.ugui/Runtime/UI/Core/Culling/ClipperRegistry.cs
 0.1 kb	 0.0% Packages/com.unity.ugui/Runtime/EventSystem/UIBehaviour.cs
 0.1 kb	 0.0% Packages/com.unity.ugui/Runtime/EventSystem/InputModules/BaseInput.cs
 0.1 kb	 0.0% Packages/com.unity.ugui/Runtime/EventSystem/EventTrigger.cs
 0.1 kb	 0.0% Packages/com.unity.ugui/Runtime/EventSystem/EventSystem.cs
 0.1 kb	 0.0% Packages/com.unity.textmeshpro/Scripts/Runtime/TMPro_MeshUtilities.cs
 0.1 kb	 0.0% Packages/com.unity.textmeshpro/Scripts/Runtime/TMP_ShaderUtilities.cs
 0.1 kb	 0.0% Packages/com.unity.textmeshpro/Scripts/Runtime/TMP_RichTextTagsCommon.cs
 0.1 kb	 0.0% Packages/com.unity.textmeshpro/Scripts/Runtime/TMP_FontAssetCommon.cs
 0.1 kb	 0.0% Packages/com.unity.visualscripting/Runtime/VisualScripting.Flow/Unit.cs
 0.1 kb	 0.0% Packages/com.unity.visualscripting/Runtime/VisualScripting.Flow/Framework/This.cs
 0.1 kb	 0.0% Packages/com.unity.visualscripting/Runtime/VisualScripting.Flow/Framework/Nulls/Null.cs
 0.1 kb	 0.0% Packages/com.unity.visualscripting/Runtime/VisualScripting.Flow/Framework/Logic/Or.cs
 0.1 kb	 0.0% Packages/com.unity.visualscripting/Runtime/VisualScripting.Flow/Framework/Logic/Less.cs
 0.1 kb	 0.0% Packages/com.unity.visualscripting/Runtime/VisualScripting.Flow/Framework/Logic/And.cs
 0.1 kb	 0.0% Packages/com.unity.visualscripting/Runtime/VisualScripting.Flow/Framework/Control/Once.cs
 0.1 kb	 0.0% Packages/com.unity.visualscripting/Runtime/VisualScripting.Flow/Framework/Control/If.cs
 0.1 kb	 0.0% Packages/com.unity.visualscripting/Runtime/VisualScripting.Flow/Framework/Control/For.cs
 0.1 kb	 0.0% Packages/com.unity.visualscripting/Runtime/VisualScripting.Flow/Flow.cs
 0.1 kb	 0.0% Packages/com.unity.timeline/Runtime/Utilities/TimelineUndo.cs
 0.1 kb	 0.0% Packages/com.unity.timeline/Runtime/Utilities/TimeUtility.cs
 0.1 kb	 0.0% Packages/com.unity.timeline/Runtime/Utilities/HashUtility.cs
 0.1 kb	 0.0% Packages/com.unity.timeline/Runtime/TrackAsset.cs
 0.1 kb	 0.0% Packages/com.unity.timeline/Runtime/TimelineClip.cs
 0.1 kb	 0.0% Packages/com.unity.timeline/Runtime/Playables/ITimeControl.cs
 0.1 kb	 0.0% Packages/com.unity.timeline/Runtime/ILayerable.cs
 0.1 kb	 0.0% Packages/com.unity.timeline/Runtime/GroupTrack.cs
 0.1 kb	 0.0% Packages/com.unity.timeline/Runtime/Events/Signals/SignalAsset.cs
 0.1 kb	 0.0% Packages/com.unity.timeline/Runtime/Events/SignalTrack.cs
 0.1 kb	 0.0% Packages/com.unity.timeline/Runtime/Events/MarkerTrack.cs
 0.1 kb	 0.0% Packages/com.unity.timeline/Runtime/Events/MarkerList.cs
 0.1 kb	 0.0% Packages/com.unity.timeline/Runtime/Evaluation/RuntimeClip.cs
 0.1 kb	 0.0% Packages/com.unity.timeline/Runtime/Evaluation/IntervalTree.cs
 0.1 kb	 0.0% Packages/com.unity.timeline/Runtime/DiscreteTime.cs
 0.1 kb	 0.0% Packages/com.unity.timeline/Runtime/Control/ControlTrack.cs
 0.1 kb	 0.0% Packages/com.unity.timeline/Runtime/Audio/AudioTrack.cs
 0.1 kb	 0.0% Packages/com.unity.timeline/Runtime/AssetUpgrade/ClipUpgrade.cs
 0.1 kb	 0.0% Packages/com.unity.timeline/Runtime/Animation/ICurvesOwner.cs
 0.1 kb	 0.0% Packages/com.unity.textmeshpro/Scripts/Runtime/TextMeshProUGUI.cs
 0.1 kb	 0.0% Packages/com.unity.textmeshpro/Scripts/Runtime/TextContainer.cs
 0.1 kb	 0.0% Packages/com.unity.textmeshpro/Scripts/Runtime/TMP_TextElement.cs
 0.1 kb	 0.0% Packages/com.unity.textmeshpro/Scripts/Runtime/TMP_SubMeshUI.cs
 0.1 kb	 0.0% Packages/com.unity.textmeshpro/Scripts/Runtime/TMP_StyleSheet.cs
 0.1 kb	 0.0% Packages/com.unity.textmeshpro/Scripts/Runtime/TMP_SpriteGlyph.cs
 0.1 kb	 0.0% Packages/com.unity.textmeshpro/Scripts/Runtime/TMP_SpriteAsset.cs
 0.1 kb	 0.0% Packages/com.unity.textmeshpro/Scripts/Runtime/TMP_InputField.cs
 0.1 kb	 0.0% Packages/com.unity.textmeshpro/Scripts/Runtime/TMP_FontAsset.cs
 0.1 kb	 0.0% Packages/com.unity.textmeshpro/Scripts/Runtime/TMP_CoroutineTween.cs
 0.1 kb	 0.0% Packages/com.unity.textmeshpro/Scripts/Runtime/TMP_Character.cs
 0.1 kb	 0.0% Assets/Scripts/Toolkit/TrialCounter.cs
 0.1 kb	 0.0% Assets/Scripts/Toolkit/ScoreManager.cs
 0.1 kb	 0.0% Assets/Scripts/Core/GameFlowManager.cs
 0.1 kb	 0.0% Packages/com.unity.ugui/Runtime/UI/Core/Utility/VertexHelper.cs
 0.1 kb	 0.0% Packages/com.unity.ugui/Runtime/UI/Core/ToggleGroup.cs
 0.1 kb	 0.0% Packages/com.unity.ugui/Runtime/UI/Core/SpriteState.cs
 0.1 kb	 0.0% Packages/com.unity.ugui/Runtime/UI/Core/Selectable.cs
 0.1 kb	 0.0% Packages/com.unity.ugui/Runtime/UI/Core/Scrollbar.cs
 0.1 kb	 0.0% Packages/com.unity.ugui/Runtime/UI/Core/ScrollRect.cs
 0.1 kb	 0.0% Packages/com.unity.ugui/Runtime/UI/Core/RectMask2D.cs
 0.1 kb	 0.0% Packages/com.unity.ugui/Runtime/UI/Core/Navigation.cs
 0.1 kb	 0.0% Packages/com.unity.ugui/Runtime/UI/Core/Layout/LayoutGroup.cs
 0.1 kb	 0.0% Packages/com.unity.ugui/Runtime/UI/Core/Layout/CanvasScaler.cs
 0.1 kb	 0.0% Packages/com.unity.ugui/Runtime/UI/Core/InputField.cs
 0.1 kb	 0.0% Packages/com.unity.ugui/Runtime/UI/Core/IMaskable.cs
 0.1 kb	 0.0% Packages/com.unity.ugui/Runtime/UI/Core/ColorBlock.cs
 0.1 kb	 0.0% Packages/com.unity.services.core/Runtime/Core/IService.cs
 0.1 kb	 0.0% Assets/Scripts/UI/StunOverlay.cs
 0.1 kb	 0.0% Assets/Scripts/UI/ResultPanel.cs
 0.1 kb	 0.0% Assets/Scripts/UI/FeedbackText.cs
 0.1 kb	 0.0% Packages/com.unity.ugui/Runtime/UI/Core/Culling/IClipRegion.cs
 0.1 kb	 0.0% Packages/com.unity.timeline/Runtime/Events/Marker.cs
 0.1 kb	 0.0% Packages/com.unity.timeline/Runtime/Events/IMarker.cs
 0.1 kb	 0.0% Packages/com.unity.textmeshpro/Scripts/Runtime/TextMeshPro.cs
 0.1 kb	 0.0% Packages/com.unity.textmeshpro/Scripts/Runtime/TMP_TextInfo.cs
 0.1 kb	 0.0% Packages/com.unity.textmeshpro/Scripts/Runtime/TMP_SubMesh.cs
 0.1 kb	 0.0% Packages/com.unity.textmeshpro/Scripts/Runtime/TMP_Style.cs
 0.1 kb	 0.0% Packages/com.unity.textmeshpro/Scripts/Runtime/TMP_Sprite.cs
 0.1 kb	 0.0% Packages/com.unity.textmeshpro/Scripts/Runtime/TMP_Settings.cs
 0.1 kb	 0.0% Packages/com.unity.textmeshpro/Scripts/Runtime/TMP_MeshInfo.cs
 0.1 kb	 0.0% Packages/com.unity.textmeshpro/Scripts/Runtime/TMP_LineInfo.cs
 0.1 kb	 0.0% Packages/com.unity.textmeshpro/Scripts/Runtime/TMP_Dropdown.cs
 0.1 kb	 0.0% Packages/com.unity.textmeshpro/Scripts/Runtime/TMP_Asset.cs
 0.1 kb	 0.0% Packages/com.unity.textmeshpro/Scripts/Runtime/FastAction.cs
 0.1 kb	 0.0% Assets/Scripts/Core/StimulusItem.cs
 0.1 kb	 0.0% Assets/Scripts/Core/GameTypes.cs
 0.1 kb	 0.0% Assets/Scripts/Core/DataLogger.cs
 0.1 kb	 0.0% Packages/com.unity.ugui/Runtime/UI/Core/VertexModifiers/Shadow.cs
 0.1 kb	 0.0% Packages/com.unity.ugui/Runtime/UI/Core/VertexModifiers/Outline.cs
 0.1 kb	 0.0% Packages/com.unity.ugui/Runtime/UI/Core/Toggle.cs
 0.1 kb	 0.0% Packages/com.unity.ugui/Runtime/UI/Core/Slider.cs
 0.1 kb	 0.0% Packages/com.unity.ugui/Runtime/UI/Core/RawImage.cs
 0.1 kb	 0.0% Packages/com.unity.ugui/Runtime/UI/Core/Image.cs
 0.1 kb	 0.0% Packages/com.unity.ugui/Runtime/UI/Core/IMask.cs
 0.1 kb	 0.0% Packages/com.unity.ugui/Runtime/UI/Core/Graphic.cs
 0.1 kb	 0.0% Packages/com.unity.ugui/Runtime/UI/Core/FontData.cs
 0.1 kb	 0.0% Packages/com.unity.ugui/Runtime/UI/Core/Dropdown.cs
 0.1 kb	 0.0% Packages/com.unity.ugui/Runtime/UI/Core/Culling/Clipping.cs
 0.1 kb	 0.0% Packages/com.unity.ugui/Runtime/UI/Core/Button.cs
 0.1 kb	 0.0% Packages/com.unity.textmeshpro/Scripts/Runtime/TMP_Text.cs
 0.1 kb	 0.0% Packages/com.unity.ugui/Runtime/UI/Core/Text.cs
 0.1 kb	 0.0% Packages/com.unity.ugui/Runtime/UI/Core/Misc.cs
 0.1 kb	 0.0% Packages/com.unity.ugui/Runtime/UI/Core/Mask.cs
-------------------------------------------------------------------------------
Unloading 42 Unused Serialized files (Serialized files now loaded: 0)
Unloading 68 unused Assets / (0.6 MB). Loaded Objects now: 4153.
Memory consumption went from 139.7 MB to 139.1 MB.
Total: 12.117791 ms (FindLiveObjects: 0.318417 ms CreateObjectMapping: 0.046125 ms MarkObjects: 7.877084 ms  DeleteObjects: 3.875459 ms)

[websockify wrapper] Proxying from :54998 to localhost:34999
Build Finished, Result: Success.
Launching external process: /Applications/Unity/Hub/Editor/2022.3.62f3/Unity.app/Contents/il2cpp/build/deploy/Analytics
##utp:{"type":"PlayerBuildInfo","version":2,"phase":"Immediate","time":1780569380178,"processId":8433,"steps":[{"description":"Preprocess Player","duration":42},{"description":"Prepare For Build","duration":0},{"description":"ProducePlayerScriptAssemblies","duration":5610},{"description":"Verify Build setup","duration":11},{"description":"Prepare assets for target platform","duration":1660},{"description":"Prepare splash screen","duration":34},{"description":"Building scenes","duration":834},{"description":"Build scripts DLLs","duration":15},{"description":"Build GlobalGameManagers file","duration":137},{"description":"Writing asset files","duration":771},{"description":"Building Resources/unity_builtin_extra","duration":3242},{"description":"Creating compressed player package","duration":554},{"description":"Write data build dirty tracking information","duration":67},{"description":"Postprocess built player","duration":116632}],"duration":129609}
[PhysX] Initialized MultithreadedTaskDispatcher with 8 workers.
Unloading 0 Unused Serialized files (Serialized files now loaded: 0)
Loaded scene 'Temp/__Backupscenes/0.backup'
	Deserialize:            1.100 ms
	Integration:            9.468 ms
	Integration of assets:  0.001 ms
	Thread Wait Time:       0.004 ms
	Total Operation Time:   10.573 ms
Unloading 0 unused Assets / (0 B). Loaded Objects now: 4143.
Memory consumption went from 134.8 MB to 134.8 MB.
Total: 3.331917 ms (FindLiveObjects: 0.129000 ms CreateObjectMapping: 0.043333 ms MarkObjects: 3.153375 ms  DeleteObjects: 0.006000 ms)

[WebGLBuilder] ✅ 成功！大小 20 MB，輸出：/Users/chifankung/Desktop/StroopGame-handoff/StroopGame/game/Build/WebGL
UnityEngine.StackTraceUtility:ExtractStackTrace () (at /Users/bokken/build/output/unity/unity/Runtime/Export/Scripting/StackTrace.cs:37)
UnityEngine.DebugLogHandler:LogFormat (UnityEngine.LogType,UnityEngine.Object,string,object[])
UnityEngine.Logger:Log (UnityEngine.LogType,object)
UnityEngine.Debug:Log (object)
StroopGame.EditorTools.WebGLBuilder:Build (string) (at Assets/Editor/WebGLBuilder.cs:99)
StroopGame.EditorTools.WebGLBuilder:BuildFromCommandLine () (at Assets/Editor/WebGLBuilder.cs:42)

(Filename: Assets/Editor/WebGLBuilder.cs Line: 99)

[websockify wrapper] OnUnload
[websockify wrapper] Process killed
Thread 0x171047000 may have been prematurely finalized
[PhysX] Initialized MultithreadedTaskDispatcher with 8 workers.
Input System module state changed to: ShutdownInProgress.
Input System polling thread exited.
Input System module state changed to: Shutdown.
[Licensing::IpcConnector] LicenseClient-chifankung-notifications channel disconnected successfully.
[Licensing::IpcConnector] LicenseClient-chifankung channel disconnected successfully.
Thread 0x16ff53000 may have been prematurely finalized
Cleanup mono
[websockify wrapper] OnUnload
[40m[32minfo[39m[22m[49m: Microsoft.Hosting.Lifetime[0]
      Application is shutting down...
com.unity.collab-proxy: This version of the package is not supported, please upgrade to the latest version. https://unity.com/solutions/version-control
debugger-agent: Unable to listen on 48
[Performance] Application.InitializeProject                                                                                  :        1 samples, Peak.  19.7 s (1.0x), Avg.  19.7 s, Total. 19.71 s (12.9%)
[Performance] Application.PackageManager.StartServer                                                                         :        1 samples, Peak.  34.5 ms (1.0x), Avg.  34.5 ms, Total. 34.50 ms (0.0%)
[Performance] Application.AcquireProjectLock                                                                                 :        1 samples, Peak.  3.62 ms (1.0x), Avg.  3.62 ms, Total. 3.621 ms (0.0%)
[Performance] Application.InitializeEngineNoGraphics                                                                         :        1 samples, Peak.  75.7 ms (1.0x), Avg.  75.7 ms, Total. 75.75 ms (0.0%)
[Performance] Application.PackageManager.Initialize                                                                          :        1 samples, Peak.  1.62 s (1.0x), Avg.  1.62 s, Total. 1.621 s (1.1%)
[Performance] Connecting to Package Manager                                                                                  :      163 samples, Peak.   141 us (78.4x), Avg.  1.80 us, Total. 293.6 us (0.0%)
[Performance] PackageManager::Api::RunRequestSynchronously                                                                   :       25 samples, Peak.  13.4 us (4.3x), Avg.  3.14 us, Total. 78.58 us (0.0%)
[Performance] Application.EngineGraphics.Initialize                                                                          :        1 samples, Peak.  54.5 ms (1.0x), Avg.  54.5 ms, Total. 54.53 ms (0.0%)
[Performance] Application.GI.Initialize                                                                                      :        1 samples, Peak.  2.80 ms (1.0x), Avg.  2.80 ms, Total. 2.800 ms (0.0%)
[Performance] Application.LoadAllDefaultResourcesFromEditor                                                                  :        1 samples, Peak.  1.58 ms (1.0x), Avg.  1.58 ms, Total. 1.576 ms (0.0%)
[Performance] Application.LoadMonoAssemblies                                                                                 :        1 samples, Peak.   452 ms (1.0x), Avg.   452 ms, Total. 451.5 ms (0.3%)
[Performance] RestoreManagedReferences                                                                                       :        2 samples, Peak.  29.1 ms (2.0x), Avg.  14.6 ms, Total. 29.13 ms (0.0%)
[Performance] InitializeOnLoad DrivenRectTransformUndo                                                                       :        2 samples, Peak.   241 us (1.1x), Avg.   225 us, Total. 450.8 us (0.0%)
[Performance] InitializeOnLoad SceneSearch                                                                                   :        2 samples, Peak.  81.0 us (1.1x), Avg.  71.0 us, Total. 141.9 us (0.0%)
[Performance] InitializeOnLoad CloudBuild                                                                                    :        2 samples, Peak.  3.00 us (1.3x), Avg.  2.25 us, Total. 4.500 us (0.0%)
[Performance] InitializeOnLoad NativeFormatImporterUtility                                                                   :        2 samples, Peak.  1.69 ms (1.2x), Avg.  1.42 ms, Total. 2.834 ms (0.0%)
[Performance] InitializeOnLoad SearchService                                                                                 :        2 samples, Peak.  68.5 us (1.1x), Avg.  61.3 us, Total. 122.7 us (0.0%)
[Performance] InitializeOnLoad SettingsService                                                                               :        2 samples, Peak.  7.83 us (1.4x), Avg.  5.69 us, Total. 11.37 us (0.0%)
[Performance] InitializeOnLoad WindowLayout                                                                                  :        2 samples, Peak.   584 us (1.2x), Avg.   478 us, Total. 956.5 us (0.0%)
[Performance] InitializeOnLoad AssetStoreContext                                                                             :        2 samples, Peak.  15.1 ms (1.1x), Avg.  14.2 ms, Total. 28.48 ms (0.0%)
[Performance] InitializeOnLoad PoolManager                                                                                   :        2 samples, Peak.   348 us (1.1x), Avg.   331 us, Total. 661.6 us (0.0%)
[Performance] InitializeOnLoad MixerEffectDefinitionReloader                                                                 :        2 samples, Peak.  2.43 ms (1.1x), Avg.  2.29 ms, Total. 4.589 ms (0.0%)
[Performance] InitializeOnLoad ProjectSearch                                                                                 :        2 samples, Peak.  81.6 us (1.5x), Avg.  55.8 us, Total. 111.6 us (0.0%)
[Performance] InitializeOnLoad UISystemProfilerRenderService                                                                 :        2 samples, Peak.  6.83 us (1.1x), Avg.  6.33 us, Total. 12.67 us (0.0%)
[Performance] InitializeOnLoad EditMode                                                                                      :        2 samples, Peak.   455 us (1.4x), Avg.   323 us, Total. 646.1 us (0.0%)
[Performance] InitializeOnLoad UnityConnect                                                                                  :        2 samples, Peak.  25.2 us (1.0x), Avg.  24.7 us, Total. 49.33 us (0.0%)
[Performance] InitializeOnLoad ManagedDebugger                                                                               :        2 samples, Peak.   327 us (1.1x), Avg.   304 us, Total. 608.1 us (0.0%)
[Performance] InitializeOnLoad ShortcutIntegration                                                                           :        2 samples, Peak.  31.0 us (1.0x), Avg.  29.8 us, Total. 59.63 us (0.0%)
[Performance] InitializeOnLoad AddComponentWindow                                                                            :        2 samples, Peak.  67.1 us (1.1x), Avg.  59.8 us, Total. 119.5 us (0.0%)
[Performance] InitializeOnLoad ManagedDebuggerWindow                                                                         :        2 samples, Peak.  65.4 us (1.1x), Avg.  59.7 us, Total. 119.5 us (0.0%)
[Performance] InitializeOnLoad CacheServerWindow                                                                             :        2 samples, Peak.  6.83 us (1.3x), Avg.  5.13 us, Total. 10.25 us (0.0%)
[Performance] InitializeOnLoad PlayModeDownload                                                                              :        2 samples, Peak.  2.38 ms (1.9x), Avg.  1.24 ms, Total. 2.481 ms (0.0%)
[Performance] InitializeOnLoad MenuItems                                                                                     :        2 samples, Peak.  53.6 us (1.1x), Avg.  48.2 us, Total. 96.33 us (0.0%)
[Performance] InitializeOnLoad PrefabInstanceChangedListener                                                                 :        2 samples, Peak.  76.0 us (1.0x), Avg.  72.4 us, Total. 144.9 us (0.0%)
[Performance] InitializeOnLoad ObjectSelectorSearch                                                                          :        2 samples, Peak.  24.7 us (1.2x), Avg.  20.0 us, Total. 39.92 us (0.0%)
[Performance] InitializeOnLoad EditorMonitor                                                                                 :        2 samples, Peak.   422 us (1.3x), Avg.   324 us, Total. 648.4 us (0.0%)
[Performance] InitializeOnLoad RetainedMode                                                                                  :        2 samples, Peak.  1.36 ms (1.0x), Avg.  1.31 ms, Total. 2.615 ms (0.0%)
[Performance] InitializeOnLoad EditorShaderLoader                                                                            :        2 samples, Peak.   903 us (1.2x), Avg.   724 us, Total. 1.449 ms (0.0%)
[Performance] InitializeOnLoad EditorDelegateRegistration                                                                    :        2 samples, Peak.   367 us (1.2x), Avg.   301 us, Total. 601.5 us (0.0%)
[Performance] InitializeOnLoad UIDocumentHierarchyWatcher                                                                    :        2 samples, Peak.  39.3 us (1.1x), Avg.  36.7 us, Total. 73.42 us (0.0%)
[Performance] InitializeOnLoad LiveReloadTrackerCreator                                                                      :        2 samples, Peak.   112 us (1.2x), Avg.  94.3 us, Total. 188.5 us (0.0%)
[Performance] InitializeOnLoad UxmlObjectEditorFactories                                                                     :        2 samples, Peak.   353 us (1.2x), Avg.   296 us, Total. 592.5 us (0.0%)
[Performance] InitializeOnLoad UXMLEditorFactories                                                                           :        2 samples, Peak.  33.4 ms (1.0x), Avg.  33.3 ms, Total. 66.65 ms (0.0%)
[Performance] InitializeOnLoad PurchasingService                                                                             :        2 samples, Peak.  8.62 ms (1.3x), Avg.  6.72 ms, Total. 13.44 ms (0.0%)
[Performance] InitializeOnLoad CloudBuildPoller                                                                              :        2 samples, Peak.  63.2 us (1.0x), Avg.  60.5 us, Total. 121.0 us (0.0%)
[Performance] InitializeOnLoad EditorGameServicesAnalytics                                                                   :        2 samples, Peak.  1.03 ms (1.1x), Avg.   974 us, Total. 1.948 ms (0.0%)
[Performance] InitializeOnLoad AnalyticsService                                                                              :        2 samples, Peak.  96.9 us (1.0x), Avg.  94.0 us, Total. 187.9 us (0.0%)
[Performance] InitializeOnLoad BuildService                                                                                  :        2 samples, Peak.  81.5 us (1.0x), Avg.  79.1 us, Total. 158.2 us (0.0%)
[Performance] InitializeOnLoad AdsService                                                                                    :        2 samples, Peak.   605 us (1.5x), Avg.   403 us, Total. 806.9 us (0.0%)
[Performance] InitializeOnLoad UDPService                                                                                    :        2 samples, Peak.  79.2 us (1.1x), Avg.  73.8 us, Total. 147.6 us (0.0%)
[Performance] InitializeOnLoad CrashService                                                                                  :        2 samples, Peak.  79.0 us (1.1x), Avg.  74.0 us, Total. 148.1 us (0.0%)
[Performance] InitializeOnLoad ServicesRepository                                                                            :        2 samples, Peak.   209 ns (1.0x), Avg.   208 ns, Total. 417.0 ns (0.0%)
[Performance] InitializeOnLoad SearchWindow                                                                                  :        2 samples, Peak.  74.4 us (1.2x), Avg.  63.8 us, Total. 127.5 us (0.0%)
[Performance] InitializeOnLoad CustomIndexers                                                                                :        2 samples, Peak.  10.0 ms (1.1x), Avg.  9.18 ms, Total. 18.37 ms (0.0%)
[Performance] InitializeOnLoad SearchMonitor                                                                                 :        2 samples, Peak.   958 us (1.4x), Avg.   680 us, Total. 1.360 ms (0.0%)
[Performance] InitializeOnLoad ParameterControllerEditor                                                                     :        2 samples, Peak.  9.17 us (1.0x), Avg.  9.06 us, Total. 18.12 us (0.0%)
[Performance] InitializeOnLoad LayerSettingsWindow                                                                           :        2 samples, Peak.  17.1 us (1.8x), Avg.  9.65 us, Total. 19.29 us (0.0%)
[Performance] InitializeOnLoad PackageManagerHookGUIDConverter.RegisterPackagesEventHandler                                  :        2 samples, Peak.   379 us (1.9x), Avg.   203 us, Total. 405.8 us (0.0%)
[Performance] InitializeOnLoad EditorDragAndDrop.RegisterEditorClient                                                        :        2 samples, Peak.   202 us (1.4x), Avg.   149 us, Total. 297.1 us (0.0%)
[Performance] InitializeOnLoad EditorEventCallbacks.InitializeFontAssetResourceChangeCallBacks                               :        2 samples, Peak.   624 us (1.0x), Avg.   605 us, Total. 1.210 ms (0.0%)
[Performance] InitializeOnLoad SceneTemplateService.Init                                                                     :        2 samples, Peak.   623 us (1.0x), Avg.   599 us, Total. 1.198 ms (0.0%)
[Performance] InitializeOnLoad DiagnosticSwitchesConsoleMessage.Init                                                         :        2 samples, Peak.  1.93 ms (1.7x), Avg.  1.16 ms, Total. 2.327 ms (0.0%)
[Performance] InitializeOnLoad PackageManagerWindow.EditorInitializedInSafeMode                                              :        2 samples, Peak.  14.0 ms (2.0x), Avg.  7.04 ms, Total. 14.07 ms (0.0%)
[Performance] InitializeOnLoad ToolShortcutContext.Init                                                                      :        2 samples, Peak.  64.2 us (1.0x), Avg.  64.0 us, Total. 128.0 us (0.0%)
[Performance] InitializeOnLoad MemoryProfilerCompilationGuard.InjectCompileGuard                                             :        2 samples, Peak.  79.0 us (1.0x), Avg.  76.4 us, Total. 152.7 us (0.0%)
[Performance] InitializeOnLoad AssetPostprocessingInternal.RefreshCustomDependencies                                         :        2 samples, Peak.  1.62 ms (1.1x), Avg.  1.45 ms, Total. 2.910 ms (0.0%)
[Performance] InitializeOnLoad SysrootManager.Initialize                                                                     :        2 samples, Peak.  5.50 us (1.0x), Avg.  5.46 us, Total. 10.92 us (0.0%)
[Performance] InitializeOnLoad ScopedRegistryAddedPopup.SubscribeToRegistriesAdded                                           :        2 samples, Peak.  3.84 ms (2.0x), Avg.  1.95 ms, Total. 3.901 ms (0.0%)
[Performance] InitializeOnLoad SceneVisibilityManager.Initialize                                                             :        2 samples, Peak.  3.16 ms (1.5x), Avg.  2.05 ms, Total. 4.105 ms (0.0%)
[Performance] InitializeOnLoad EditorWindow.Initialize                                                                       :        2 samples, Peak.   119 us (1.1x), Avg.   113 us, Total. 225.7 us (0.0%)
[Performance] AssemblyReloadEvents.afterAssemblyReload: UnityEditor.SceneTemplate.SceneTemplateService.AfterAssemblyReload   :        2 samples, Peak.   595 us (1.6x), Avg.   374 us, Total. 747.6 us (0.0%)
[Performance] ProcessService.EditorAfterLoadAllAssemblies                                                                    :        2 samples, Peak.   545 us (1.3x), Avg.   422 us, Total. 844.0 us (0.0%)
[Performance] Application.ReadLicenseInfo                                                                                    :        1 samples, Peak.  11.5 ms (1.0x), Avg.  11.5 ms, Total. 11.48 ms (0.0%)
[Performance] Application.InitialRefresh                                                                                     :        1 samples, Peak.  14.7 s (1.0x), Avg.  14.7 s, Total. 14.69 s (9.6%)
[Performance] BuilderAssetModificationProcessor.OnWillCreateAsset                                                            :        1 samples, Peak.   506 us (1.0x), Avg.   506 us, Total. 506.0 us (0.0%)
[Performance] ShaderImporter.SourceAssetModified                                                                             :        3 samples, Peak.   750 ns (1.4x), Avg.   528 ns, Total. 1.584 us (0.0%)
[Performance] ShaderIncludeImporter.SourceAssetModified                                                                      :        3 samples, Peak.  4.96 us (2.4x), Avg.  2.10 us, Total. 6.292 us (0.0%)
[Performance] Compiling Scripts                                                                                              :        1 samples, Peak.  11.9 s (1.0x), Avg.  11.9 s, Total. 11.87 s (7.7%)
[Performance] AssemblyReloadEvents.beforeAssemblyReload: UnityEditor.SceneTemplate.SceneTemplateService.BeforeAssemblyReload :        1 samples, Peak.  1.09 ms (1.0x), Avg.  1.09 ms, Total. 1.091 ms (0.0%)
[Performance] PresetManagerPostProcessor.OnPreprocessAsset                                                                   :      468 samples, Peak.   909 us (147.5x), Avg.  6.16 us, Total. 2.884 ms (0.0%)
[Performance] CancelSplashScreenOnAssetChange.OnPreprocessAsset                                                              :      468 samples, Peak.   665 us (310.3x), Avg.  2.14 us, Total. 1.004 ms (0.0%)
[Performance] InitializeOnLoad PlasticDialog                                                                                 :        1 samples, Peak.  3.29 us (1.0x), Avg.  3.29 us, Total. 3.292 us (0.0%)
[Performance] InitializeOnLoad EditorDispatcher                                                                              :        1 samples, Peak.   128 us (1.0x), Avg.   128 us, Total. 128.5 us (0.0%)
[Performance] InitializeOnLoad AssetMenuItems                                                                                :        1 samples, Peak.  49.6 ms (1.0x), Avg.  49.6 ms, Total. 49.62 ms (0.0%)
[Performance] InitializeOnLoad MigrateCollabProject                                                                          :        1 samples, Peak.  90.0 us (1.0x), Avg.  90.0 us, Total. 89.96 us (0.0%)
[Performance] InitializeOnLoad CloudProjectDownloader                                                                        :        1 samples, Peak.  40.3 us (1.0x), Avg.  40.3 us, Total. 40.33 us (0.0%)
[Performance] InitializeOnLoad CalculateUserBetaProgramSetting                                                               :        1 samples, Peak.  45.2 us (1.0x), Avg.  45.2 us, Total. 45.17 us (0.0%)
[Performance] InitializeOnLoad DockEditorWindow                                                                              :        1 samples, Peak.   305 us (1.0x), Avg.   305 us, Total. 305.4 us (0.0%)
[Performance] InitializeOnLoad EditorWindowFocus                                                                             :        1 samples, Peak.  31.9 us (1.0x), Avg.  31.9 us, Total. 31.92 us (0.0%)
[Performance] InitializeOnLoad RunModal                                                                                      :        1 samples, Peak.  1.15 ms (1.0x), Avg.  1.15 ms, Total. 1.149 ms (0.0%)
[Performance] InitializeOnLoad VSUsageUtility                                                                                :        1 samples, Peak.  9.27 ms (1.0x), Avg.  9.27 ms, Total. 9.272 ms (0.0%)
[Performance] InitializeOnLoad BackgroundWatcher                                                                             :        1 samples, Peak.  90.1 us (1.0x), Avg.  90.1 us, Total. 90.08 us (0.0%)
[Performance] InitializeOnLoad UnityTestProtocolStarter                                                                      :        1 samples, Peak.   315 us (1.0x), Avg.   315 us, Total. 315.4 us (0.0%)
[Performance] InitializeOnLoad TestStarter                                                                                   :        1 samples, Peak.   367 us (1.0x), Avg.   367 us, Total. 366.9 us (0.0%)
[Performance] InitializeOnLoad RerunCallbackInitializer                                                                      :        1 samples, Peak.  1.97 ms (1.0x), Avg.  1.97 ms, Total. 1.970 ms (0.0%)
[Performance] InitializeOnLoad VisualStudioEditor                                                                            :        1 samples, Peak.  11.5 ms (1.0x), Avg.  11.5 ms, Total. 11.55 ms (0.0%)
[Performance] InitializeOnLoad TestRunnerApiListener                                                                         :        1 samples, Peak.   466 us (1.0x), Avg.   466 us, Total. 465.8 us (0.0%)
[Performance] InitializeOnLoad VisualStudioIntegration                                                                       :        1 samples, Peak.  1.15 ms (1.0x), Avg.  1.15 ms, Total. 1.151 ms (0.0%)
[Performance] InitializeOnLoad PrefabLayoutRebuilder                                                                         :        1 samples, Peak.   184 us (1.0x), Avg.   184 us, Total. 183.5 us (0.0%)
[Performance] InitializeOnLoad RiderScriptEditor                                                                             :        1 samples, Peak.  14.4 ms (1.0x), Avg.  14.4 ms, Total. 14.38 ms (0.0%)
[Performance] InitializeOnLoad CallbackInitializer                                                                           :        1 samples, Peak.   713 us (1.0x), Avg.   713 us, Total. 712.8 us (0.0%)
[Performance] InitializeOnLoad CoverageReporterStarter                                                                       :        1 samples, Peak.  3.01 ms (1.0x), Avg.  3.01 ms, Total. 3.014 ms (0.0%)
[Performance] InitializeOnLoad VSCodeScriptEditor                                                                            :        1 samples, Peak.  91.2 ms (1.0x), Avg.  91.2 ms, Total. 91.25 ms (0.1%)
[Performance] InitializeOnLoad Bootstrap                                                                                     :        1 samples, Peak.   410 ms (1.0x), Avg.   410 ms, Total. 410.3 ms (0.3%)
[Performance] Package.AsyncRequest                                                                                           :        5 samples, Peak.  1.28 ms (5.0x), Avg.   257 us, Total. 1.286 ms (0.0%)
[Performance] InitializeOnLoad EngineStateHelper.Init                                                                        :        1 samples, Peak.   119 us (1.0x), Avg.   119 us, Total. 118.7 us (0.0%)
[Performance] InitializeOnLoad ThreadHelper.Init                                                                             :        1 samples, Peak.   130 us (1.0x), Avg.   130 us, Total. 130.1 us (0.0%)
[Performance] InitializeOnLoad TestJobDataHolder.ResumeRunningJobs                                                           :        1 samples, Peak.   524 us (1.0x), Avg.   524 us, Total. 523.9 us (0.0%)
[Performance] InitializeOnLoad AnalyticsReporter.RegisterCallbacks                                                           :        1 samples, Peak.   103 us (1.0x), Avg.   103 us, Total. 102.8 us (0.0%)
[Performance] InitializeOnLoad UnityThreadUtils.CaptureUnityThreadInfo                                                       :        1 samples, Peak.  77.0 us (1.0x), Avg.  77.0 us, Total. 76.96 us (0.0%)
[Performance] InitializeOnLoad VisualStudioEditor.LegacyVisualStudioCodePackageDisabler                                      :        1 samples, Peak.  1.92 ms (1.0x), Avg.  1.92 ms, Total. 1.919 ms (0.0%)
[Performance] InitializeOnLoad EditorGameServiceRegistry.RegisterAllServices                                                 :        1 samples, Peak.  7.16 ms (1.0x), Avg.  7.16 ms, Total. 7.164 ms (0.0%)
[Performance] InitializeOnLoad ServiceInstallationListener.RegisterToEvents                                                  :        1 samples, Peak.   202 us (1.0x), Avg.   202 us, Total. 202.1 us (0.0%)
[Performance] InitializeOnLoad ActionSchedulerCleaner.RegisterSchedulerCleaner                                               :        1 samples, Peak.   315 us (1.0x), Avg.   315 us, Total. 315.1 us (0.0%)
[Performance] DidReloadScriptsTestRunnerWindow.CompilationCallback                                                           :        1 samples, Peak.   124 us (1.0x), Avg.   124 us, Total. 124.3 us (0.0%)
[Performance] DidReloadScriptsTestListCache.ScriptReloaded                                                                   :        1 samples, Peak.   761 us (1.0x), Avg.   761 us, Total. 761.0 us (0.0%)
[Performance] DidReloadScriptsAdvancedDropdownWindow.OnScriptReload                                                          :        1 samples, Peak.   115 us (1.0x), Avg.   115 us, Total. 114.9 us (0.0%)
[Performance] AssetDatabase.ImportAssets                                                                                     :        7 samples, Peak.  30.2 ms (7.0x), Avg.  4.32 ms, Total. 30.24 ms (0.0%)
[Performance] VersionControl.Task.Wait                                                                                       :        1 samples, Peak.  50.5 us (1.0x), Avg.  50.5 us, Total. 50.54 us (0.0%)
[Performance] TMPro_TexturePostProcessor.OnPostprocessAllAssets                                                              :        6 samples, Peak.  3.88 ms (2.8x), Avg.  1.39 ms, Total. 8.359 ms (0.0%)
[Performance] AssetPostprocessor.OnPostprocessAllAssets                                                                      :        6 samples, Peak.  86.3 us (2.7x), Avg.  31.8 us, Total. 190.7 us (0.0%)
[Performance] BuilderAssetPostprocessor.OnPostprocessAllAssets                                                               :        6 samples, Peak.  9.09 ms (2.5x), Avg.  3.62 ms, Total. 21.72 ms (0.0%)
[Performance] ArtifactBrowserPostProcessor.OnPostprocessAllAssets                                                            :        6 samples, Peak.   282 us (2.9x), Avg.  97.7 us, Total. 586.3 us (0.0%)
[Performance] AssetEvents.OnPostprocessAllAssets                                                                             :       12 samples, Peak.  99.3 us (4.4x), Avg.  22.6 us, Total. 271.1 us (0.0%)
[Performance] AudioMixerPostprocessor.OnPostprocessAllAssets                                                                 :        6 samples, Peak.   151 us (2.9x), Avg.  51.3 us, Total. 307.8 us (0.0%)
[Performance] StyleCatalogPostProcessor.OnPostprocessAllAssets                                                               :        6 samples, Peak.  13.9 ms (3.0x), Avg.  4.65 ms, Total. 27.92 ms (0.0%)
[Performance] BuildCatalog                                                                                                   :        1 samples, Peak.  13.4 ms (1.0x), Avg.  13.4 ms, Total. 13.36 ms (0.0%)
[Performance] ModelImporterPostProcessor.OnPostprocessAllAssets                                                              :        6 samples, Peak.  1.19 ms (2.0x), Avg.   602 us, Total. 3.612 ms (0.0%)
[Performance] RetainedModeAssetPostprocessor.OnPostprocessAllAssets                                                          :        6 samples, Peak.  1.88 ms (2.9x), Avg.   646 us, Total. 3.877 ms (0.0%)
[Performance] AssetChangedListener.OnPostprocessAllAssets                                                                    :        6 samples, Peak.   902 us (1.7x), Avg.   538 us, Total. 3.229 ms (0.0%)
[Performance] SpeedTreePostProcessor.OnPostprocessAllAssets                                                                  :        6 samples, Peak.  2.08 ms (2.9x), Avg.   730 us, Total. 4.380 ms (0.0%)
[Performance] TextAssetPostProcessor.OnPostprocessAllAssets                                                                  :        6 samples, Peak.  1.85 ms (2.7x), Avg.   687 us, Total. 4.121 ms (0.0%)
[Performance] SyncVS.PostprocessSyncProject                                                                                  :        3 samples, Peak.  63.7 ms (2.7x), Avg.  24.0 ms, Total. 72.09 ms (0.0%)
[Performance] EditorApplication.projectChanged: UnityEditor.Audio.MixerEffectDefinitionReloader.OnProjectChanged             :        2 samples, Peak.   303 us (1.1x), Avg.   276 us, Total. 552.2 us (0.0%)
[Performance] Application.ImportPackagesAndSetTemplateWhenCreatingProject                                                    :        1 samples, Peak.  68.9 ms (1.0x), Avg.  68.9 ms, Total. 68.91 ms (0.0%)
[Performance] Application.SyncCurrentColorSpace                                                                              :        1 samples, Peak.   391 ms (1.0x), Avg.   391 ms, Total. 391.1 ms (0.3%)
[Performance] Application.OnUsbDevicesChanged                                                                                :        1 samples, Peak.  64.4 us (1.0x), Avg.  64.4 us, Total. 64.42 us (0.0%)
[Performance] Application.AssetInstanceCacheUpdate                                                                           :        1 samples, Peak.   250 ns (1.0x), Avg.   250 ns, Total. 250.0 ns (0.0%)
[Performance] Application.UnityExtensions.Initialize                                                                         :        1 samples, Peak.  13.8 ms (1.0x), Avg.  13.8 ms, Total. 13.76 ms (0.0%)
[Performance] CodeEditorProjectSync.SyncEditorProject                                                                        :        1 samples, Peak.  47.0 ms (1.0x), Avg.  47.0 ms, Total. 47.02 ms (0.0%)
[Performance] Application.ExecuteStartups                                                                                    :        1 samples, Peak.  47.2 ms (1.0x), Avg.  47.2 ms, Total. 47.21 ms (0.0%)
[Performance] Menu.RegisterMenuInterface                                                                                     :       26 samples, Peak.  1.75 us (8.7x), Avg.   200 ns, Total. 5.207 us (0.0%)
[Performance] Gizmo.RebuildRenderers                                                                                         :        2 samples, Peak.  43.8 ms (1.4x), Avg.  30.6 ms, Total. 61.30 ms (0.0%)
[Performance] Gizmo.AddGizmoRenderers                                                                                        :      152 samples, Peak.  1.09 ms (69.3x), Avg.  15.8 us, Total. 2.397 ms (0.0%)
[Performance] Application.editorInitializingProject                                                                          :        1 samples, Peak.  20.9 ms (1.0x), Avg.  20.9 ms, Total. 20.87 ms (0.0%)
[Performance] Application.InitializeMenu                                                                                     :        1 samples, Peak.   308 ms (1.0x), Avg.   308 ms, Total. 308.2 ms (0.2%)
[Performance] Menu.RebuildAll                                                                                                :        1 samples, Peak.   308 ms (1.0x), Avg.   308 ms, Total. 308.2 ms (0.2%)
[Performance] Menu.BuildRegisteredMenuInterfaces                                                                             :        1 samples, Peak.   286 ms (1.0x), Avg.   286 ms, Total. 285.9 ms (0.2%)
[Performance] Menu.FilterMenuItem                                                                                            :      514 samples, Peak.  49.4 ms (512.6x), Avg.  96.4 us, Total. 49.53 ms (0.0%)
[Performance] UpdateAllMenus                                                                                                 :        1 samples, Peak.   335 us (1.0x), Avg.   335 us, Total. 334.7 us (0.0%)
[Performance] EditorSceneManager.sceneClosing: UnityEditor.SceneVisibilityManager.EditorSceneManagerOnSceneClosing           :        5 samples, Peak.   282 us (3.1x), Avg.  90.0 us, Total. 449.8 us (0.0%)
[Performance] GUIView.RepaintAll.PlayerLoopController                                                                        :        4 samples, Peak.  26.5 us (3.7x), Avg.  7.10 us, Total. 28.42 us (0.0%)
[Performance] EditorSceneManager.newSceneCreated: UnityEditor.SceneTemplate.SceneTemplateService.OnNewSceneCreated           :        3 samples, Peak.   144 us (2.9x), Avg.  49.2 us, Total. 147.5 us (0.0%)
[Performance] EditorSceneManager.newSceneCreated: UnityEditor.SceneVisibilityManager.EditorSceneManagerOnNewSceneCreated     :        3 samples, Peak.  88.4 us (2.6x), Avg.  33.7 us, Total. 101.1 us (0.0%)
[Performance] EditorSceneManager.newSceneCreated: UnityEditor.SceneManagement.StageNavigationManager.OnNewSceneCreated       :        3 samples, Peak.  31.5 us (2.6x), Avg.  12.2 us, Total. 36.50 us (0.0%)
[Performance] Application.InvokeFinishedLoadingProject                                                                       :        1 samples, Peak.  8.25 ms (1.0x), Avg.  8.25 ms, Total. 8.247 ms (0.0%)
[Performance] ProcessService.OnProjectLoaded                                                                                 :        1 samples, Peak.  35.3 us (1.0x), Avg.  35.3 us, Total. 35.29 us (0.0%)
[Performance] Inspector.InitOrRebuild                                                                                        :        3 samples, Peak.   431 us (1.2x), Avg.   365 us, Total. 1.094 ms (0.0%)
[Performance] StateMacroSavedEvent.OnWillSaveAssets                                                                          :        2 samples, Peak.   106 us (1.9x), Avg.  55.1 us, Total. 110.2 us (0.0%)
[Performance] FlowMacroSavedEvent.OnWillSaveAssets                                                                           :        2 samples, Peak.  75.7 us (2.0x), Avg.  38.3 us, Total. 76.67 us (0.0%)
[Performance] AssetModificationProcessor.OnWillSaveAssets                                                                    :        2 samples, Peak.  50.8 us (2.0x), Avg.  25.9 us, Total. 51.71 us (0.0%)
[Performance] BuilderAssetModificationProcessor.OnWillSaveAssets                                                             :        2 samples, Peak.   189 us (2.0x), Avg.  95.1 us, Total. 190.2 us (0.0%)
[Performance] TerrainModificationProcessor.OnWillSaveAssets                                                                  :        2 samples, Peak.   336 us (2.0x), Avg.   169 us, Total. 337.4 us (0.0%)
[Performance] Application.Message                                                                                            :      133 samples, Peak.  5.67 us (20.1x), Avg.   281 ns, Total. 37.41 us (0.0%)
[Performance] Application.Idle                                                                                               :      131 samples, Peak.  3.42 ms (1.0x), Avg.  3.33 ms, Total. 436.0 ms (0.3%)
[Performance] GenerateAssemblyTypeInfos                                                                                      :        2 samples, Peak.  15.5 ms (1.3x), Avg.  11.9 ms, Total. 23.74 ms (0.0%)
[Performance] AssetDatabase.Refresh                                                                                          :        1 samples, Peak.  64.0 ms (1.0x), Avg.  64.0 ms, Total. 64.04 ms (0.0%)
[Performance] TextureImporter.Import                                                                                         :      464 samples, Peak.  11.8 ms (16.8x), Avg.   704 us, Total. 326.5 ms (0.2%)
[Performance] ArtAutoImporter.OnPreprocessTexture                                                                            :      464 samples, Peak.   235 us (102.6x), Avg.  2.29 us, Total. 1.062 ms (0.0%)
[Performance] EditorSceneManager.sceneOpened: UnityEditor.SceneTemplate.SceneTemplateService.OnSceneOpened                   :        1 samples, Peak.   152 us (1.0x), Avg.   152 us, Total. 151.9 us (0.0%)
[Performance] EditorSceneManager.sceneOpened: UnityEditor.SceneVisibilityManager.EditorSceneManagerOnSceneOpened             :        1 samples, Peak.   118 us (1.0x), Avg.   118 us, Total. 118.2 us (0.0%)
[Performance] EditorSceneManager.sceneOpened: UnityEditor.SceneManagement.StageNavigationManager.OnSceneOpened               :        1 samples, Peak.  28.1 us (1.0x), Avg.  28.1 us, Total. 28.13 us (0.0%)
[Performance] TimelineAnalyticsProcess.OnProcessScene                                                                        :        1 samples, Peak.  1.53 ms (1.0x), Avg.  1.53 ms, Total. 1.528 ms (0.0%)
[Performance] UnityBuildPostprocessor.OnProcessScene                                                                         :        1 samples, Peak.   239 us (1.0x), Avg.   239 us, Total. 239.3 us (0.0%)
[Performance] Application.Shutdown.SaveDefaultWindowPreferences                                                              :        1 samples, Peak.  89.6 us (1.0x), Avg.  89.6 us, Total. 89.58 us (0.0%)
[Performance] Application.Shutdown.SaveSceneManagerSetup                                                                     :        1 samples, Peak.   333 us (1.0x), Avg.   333 us, Total. 332.5 us (0.0%)
[Performance] Application.Shutdown.CleanupAllContainerWindows                                                                :        1 samples, Peak.  12.0 us (1.0x), Avg.  12.0 us, Total. 11.96 us (0.0%)
[Performance] EditorApplication.quitting: UnityEditor.SettingsManagement.FileSettingsRepository.Save                         :        1 samples, Peak.  1.22 ms (1.0x), Avg.  1.22 ms, Total. 1.218 ms (0.0%)
[Performance] EditorApplication.quitting: callback in UnityEditor.TextCore.Text.EditorEventCallbacks                         :        1 samples, Peak.   138 ms (1.0x), Avg.   138 ms, Total. 138.3 ms (0.1%)
[Performance] EditorApplication.quitting: UnityEditor.WebGL.WebsockifyEditorWrapper.Kill                                     :        1 samples, Peak.  1.75 ms (1.0x), Avg.  1.75 ms, Total. 1.754 ms (0.0%)
[Performance] Application.Shutdown.PauseProfilerSession                                                                      :        1 samples, Peak.   475 us (1.0x), Avg.   475 us, Total. 474.6 us (0.0%)
[Performance] Application.Shutdown.PauseAssetImportWorkers                                                                   :        1 samples, Peak.  1.48 ms (1.0x), Avg.  1.48 ms, Total. 1.478 ms (0.0%)
[Performance] Application.Shutdown.SaveAssets                                                                                :        1 samples, Peak.  2.37 ms (1.0x), Avg.  2.37 ms, Total. 2.369 ms (0.0%)
[Performance] Application.Shutdown.CleanupRenderPipeline                                                                     :        1 samples, Peak.  2.71 us (1.0x), Avg.  2.71 us, Total. 2.708 us (0.0%)
[Performance] Application.Shutdown.StopPreloadManager                                                                        :        1 samples, Peak.  11.0 ms (1.0x), Avg.  11.0 ms, Total. 11.04 ms (0.0%)
[Performance] Application.Shutdown.DestroyWorld                                                                              :        1 samples, Peak.   328 us (1.0x), Avg.   328 us, Total. 328.4 us (0.0%)
[Performance] Application.Shutdown.CleanupAfterLoad                                                                          :        1 samples, Peak.  2.75 ms (1.0x), Avg.  2.75 ms, Total. 2.754 ms (0.0%)
[Performance] Application.Shutdown.Progress                                                                                  :        1 samples, Peak.  1.11 ms (1.0x), Avg.  1.11 ms, Total. 1.115 ms (0.0%)
[Performance] Application.Shutdown.GICleanupManagers                                                                         :        1 samples, Peak.  5.31 ms (1.0x), Avg.  5.31 ms, Total. 5.314 ms (0.0%)
[Performance] Application.Shutdown.MenuCleanupClass                                                                          :        1 samples, Peak.   461 us (1.0x), Avg.   461 us, Total. 460.7 us (0.0%)
[Performance] Application.Shutdown.ADBSaveStateBeforeShutdown                                                                :        1 samples, Peak.  5.13 us (1.0x), Avg.  5.13 us, Total. 5.125 us (0.0%)
[Performance] Application.Shutdown.RemoteShutdown                                                                            :        1 samples, Peak.   583 ns (1.0x), Avg.   583 ns, Total. 583.0 ns (0.0%)
[Performance] Application.Shutdown.CleanupVCProvider                                                                         :        1 samples, Peak.   509 us (1.0x), Avg.   509 us, Total. 509.1 us (0.0%)
[Performance] Application.Shutdown.InputShutdown                                                                             :        1 samples, Peak.   167 us (1.0x), Avg.   167 us, Total. 166.8 us (0.0%)
[Performance] Application.Shutdown.GizmoManagerDestroy                                                                       :        1 samples, Peak.   297 us (1.0x), Avg.   297 us, Total. 297.2 us (0.0%)
[Performance] Application.Shutdown.ProfilerSession                                                                           :        1 samples, Peak.   788 us (1.0x), Avg.   788 us, Total. 787.6 us (0.0%)
[Performance] Application.Shutdown.ReleaseGfxWindowOnAllGUIViews                                                             :        1 samples, Peak.   292 ns (1.0x), Avg.   292 ns, Total. 292.0 ns (0.0%)
[Performance] Application.Shutdown.CleanupEngine                                                                             :        1 samples, Peak.   203 ms (1.0x), Avg.   203 ms, Total. 202.8 ms (0.1%)
[Performance] Application.Shutdown.CleanupAssetDatabase                                                                      :        1 samples, Peak.  4.54 ms (1.0x), Avg.  4.54 ms, Total. 4.540 ms (0.0%)
[Performance] Application.Shutdown.ScriptCompilationCleanUp                                                                  :        1 samples, Peak.  14.2 us (1.0x), Avg.  14.2 us, Total. 14.17 us (0.0%)
[Performance] Application.Shutdown.DestroyJobSystem                                                                          :        1 samples, Peak.   323 us (1.0x), Avg.   323 us, Total. 322.9 us (0.0%)
[Performance] Application.Shutdown.CleanupPersistentManager                                                                  :        1 samples, Peak.   535 us (1.0x), Avg.   535 us, Total. 535.0 us (0.0%)
[Performance] Application.Shutdown.CleanupAsyncReadManager                                                                   :        1 samples, Peak.   169 us (1.0x), Avg.   169 us, Total. 169.5 us (0.0%)
[Performance] Application.Shutdown.CleanupMono                                                                               :        1 samples, Peak.  55.5 ms (1.0x), Avg.  55.5 ms, Total. 55.49 ms (0.0%)
[Performance] Application.Shutdown.CleanupStdConverters                                                                      :        1 samples, Peak.  19.4 us (1.0x), Avg.  19.4 us, Total. 19.38 us (0.0%)
[Performance] Application.Shutdown.UnloadAllPlatformSupportModuleNativeDlls                                                  :        1 samples, Peak.   237 us (1.0x), Avg.   237 us, Total. 236.5 us (0.0%)
[Performance] Application.Shutdown.UnloadAllPlatformSupportNativeLibraries                                                   :        1 samples, Peak.   208 ns (1.0x), Avg.   208 ns, Total. 208.0 ns (0.0%)
[Performance] Application.Shutdown.CleanupAutoDocumentation                                                                  :        1 samples, Peak.   122 us (1.0x), Avg.   122 us, Total. 121.7 us (0.0%)
[Performance] Application.Shutdown.ShaderNameManagerDestroy                                                                  :        1 samples, Peak.   192 us (1.0x), Avg.   192 us, Total. 192.4 us (0.0%)
[Performance] Application.Shutdown.CleanupCacheServer                                                                        :        1 samples, Peak.   166 ns (1.0x), Avg.   166 ns, Total. 166.0 ns (0.0%)
[Performance] Application.Shutdown.Virtualization_Shutdown                                                                   :        1 samples, Peak.  11.0 us (1.0x), Avg.  11.0 us, Total. 10.96 us (0.0%)
[Performance] Application.Shutdown.DevConnections                                                                            :        1 samples, Peak.  56.3 us (1.0x), Avg.  56.3 us, Total. 56.29 us (0.0%)
[Package Manager] Server::Kill -- Server was shutdown
Checking for leaked weakptr:
  Found no leaked weakptrs.
Memory Statistics:
[ALLOC_TEMP_TLS] TLS Allocator
  StackAllocators : 
    [ALLOC_TEMP_CurlRequest]
      Initial Block Size 64.0 KB
      Current Block Size 64.0 KB
      Peak Allocated Bytes 0 B
      Overflow Count 0
    [ALLOC_TEMP_MAIN]
      Initial Block Size 16.0 MB
      Current Block Size 16.0 MB
      Peak Allocated Bytes 9.9 MB
      Overflow Count 0
    [ALLOC_TEMP_Background Job.Worker 8]
      Initial Block Size 32.0 KB
      Current Block Size 32.0 KB
      Peak Allocated Bytes 0 B
      Overflow Count 0
    [ALLOC_TEMP_Job.Worker 4]
      Initial Block Size 256.0 KB
      Current Block Size 1.9 MB
      Peak Allocated Bytes 1.9 MB
      Overflow Count 0
    [ALLOC_TEMP_BakingJobs.Worker 5]
      Initial Block Size 256.0 KB
      Current Block Size 256.0 KB
      Peak Allocated Bytes 0 B
      Overflow Count 0
    [ALLOC_TEMP_Background Job.Worker 11]
      Initial Block Size 32.0 KB
      Current Block Size 32.0 KB
      Peak Allocated Bytes 0 B
      Overflow Count 0
    [ALLOC_TEMP_Background Job.Worker 3]
      Initial Block Size 32.0 KB
      Current Block Size 32.0 KB
      Peak Allocated Bytes 0 B
      Overflow Count 0
    [ALLOC_TEMP_BatchDeleteObjects]
      Initial Block Size 64.0 KB
      Current Block Size 64.0 KB
      Peak Allocated Bytes 0 B
      Overflow Count 0
    [ALLOC_TEMP_CoreBusinessMetricsCache]
      Initial Block Size 64.0 KB
      Current Block Size 64.0 KB
      Peak Allocated Bytes 8.0 KB
      Overflow Count 0
    [ALLOC_TEMP_REST Message Handler]
      Initial Block Size 64.0 KB
      Current Block Size 64.0 KB
      Peak Allocated Bytes 0 B
      Overflow Count 0
    [ALLOC_TEMP_AssetDatabase.IOService]
      Initial Block Size 64.0 KB
      Current Block Size 64.0 KB
      Peak Allocated Bytes 0 B
      Overflow Count 0
    [ALLOC_TEMP_Background Job.Worker 2]
      Initial Block Size 32.0 KB
      Current Block Size 32.0 KB
      Peak Allocated Bytes 112 B
      Overflow Count 0
    [ALLOC_TEMP_Loading.PreloadManager]
      Initial Block Size 32.0 MB
      Current Block Size 32.0 MB
      Peak Allocated Bytes 2.0 MB
      Overflow Count 0
    [ALLOC_TEMP_Profiler.Dispatcher]
      Initial Block Size 64.0 KB
      Current Block Size 64.0 KB
      Peak Allocated Bytes 0 B
      Overflow Count 0
    [ALLOC_TEMP_Job.Worker 3]
      Initial Block Size 256.0 KB
      Current Block Size 256.0 KB
      Peak Allocated Bytes 29.4 KB
      Overflow Count 1
    [ALLOC_TEMP_BakingJobs.Worker 7]
      Initial Block Size 256.0 KB
      Current Block Size 256.0 KB
      Peak Allocated Bytes 0 B
      Overflow Count 0
    [ALLOC_TEMP_Background Job.Worker 5]
      Initial Block Size 32.0 KB
      Current Block Size 32.0 KB
      Peak Allocated Bytes 0 B
      Overflow Count 0
    [ALLOC_TEMP_Background Job.Worker 13]
      Initial Block Size 32.0 KB
      Current Block Size 32.0 KB
      Peak Allocated Bytes 0 B
      Overflow Count 0
    [ALLOC_TEMP_Job.Worker 2]
      Initial Block Size 256.0 KB
      Current Block Size 256.0 KB
      Peak Allocated Bytes 29.2 KB
      Overflow Count 1
    [ALLOC_TEMP_BakingJobs.Worker 6]
      Initial Block Size 256.0 KB
      Current Block Size 256.0 KB
      Peak Allocated Bytes 0 B
      Overflow Count 0
    [ALLOC_TEMP_Job.Worker 0]
      Initial Block Size 256.0 KB
      Current Block Size 256.0 KB
      Peak Allocated Bytes 29.1 KB
      Overflow Count 0
    [ALLOC_TEMP_Job.Worker 5]
      Initial Block Size 256.0 KB
      Current Block Size 1.9 MB
      Peak Allocated Bytes 1.9 MB
      Overflow Count 0
    [ALLOC_TEMP_Job.Worker 6]
      Initial Block Size 256.0 KB
      Current Block Size 256.0 KB
      Peak Allocated Bytes 35.3 KB
      Overflow Count 0
    [ALLOC_TEMP_EnlightenWorker] x 2
      Initial Block Size 64.0 KB
      Current Block Size 64.0 KB
      Peak Allocated Bytes 0 B
      Overflow Count 0
    [ALLOC_TEMP_Background Job.Worker 9]
      Initial Block Size 32.0 KB
      Current Block Size 32.0 KB
      Peak Allocated Bytes 0 B
      Overflow Count 0
    [ALLOC_TEMP_BakingJobs.Worker 1]
      Initial Block Size 256.0 KB
      Current Block Size 1.1 MB
      Peak Allocated Bytes 1.1 MB
      Overflow Count 0
    [ALLOC_TEMP_Loading.AsyncRead]
      Initial Block Size 64.0 KB
      Current Block Size 64.0 KB
      Peak Allocated Bytes 128 B
      Overflow Count 0
    [ALLOC_TEMP_Background Job.Worker 10]
      Initial Block Size 32.0 KB
      Current Block Size 32.0 KB
      Peak Allocated Bytes 0 B
      Overflow Count 0
    [ALLOC_TEMP_Background Job.Worker 6]
      Initial Block Size 32.0 KB
      Current Block Size 32.0 KB
      Peak Allocated Bytes 0 B
      Overflow Count 0
    [ALLOC_TEMP_Background Job.Worker 1]
      Initial Block Size 32.0 KB
      Current Block Size 48.0 KB
      Peak Allocated Bytes 16.4 KB
      Overflow Count 0
    [ALLOC_TEMP_OSX HID Input]
      Initial Block Size 64.0 KB
      Current Block Size 64.0 KB
      Peak Allocated Bytes 0 B
      Overflow Count 0
    [ALLOC_TEMP_AUDIO_FMOD stream thread]
      Initial Block Size 64.0 KB
      Current Block Size 64.0 KB
      Peak Allocated Bytes 0 B
      Overflow Count 0
    [ALLOC_TEMP_BakingJobs.Worker 2]
      Initial Block Size 256.0 KB
      Current Block Size 256.0 KB
      Peak Allocated Bytes 0 B
      Overflow Count 0
    [ALLOC_TEMP_Background Job.Worker 7]
      Initial Block Size 32.0 KB
      Current Block Size 32.0 KB
      Peak Allocated Bytes 0 B
      Overflow Count 0
    [ALLOC_TEMP_Background Job.Worker 15]
      Initial Block Size 32.0 KB
      Current Block Size 32.0 KB
      Peak Allocated Bytes 0 B
      Overflow Count 0
    [ALLOC_TEMP_Job.Worker 1]
      Initial Block Size 256.0 KB
      Current Block Size 1.9 MB
      Peak Allocated Bytes 1.9 MB
      Overflow Count 0
    [ALLOC_TEMP_BakingJobs.Worker 0]
      Initial Block Size 256.0 KB
      Current Block Size 256.0 KB
      Peak Allocated Bytes 0 B
      Overflow Count 0
    [ALLOC_TEMP_BakingJobs.Worker 3]
      Initial Block Size 256.0 KB
      Current Block Size 256.0 KB
      Peak Allocated Bytes 0 B
      Overflow Count 0
    [ALLOC_TEMP_EditorTaskManager]
      Initial Block Size 64.0 KB
      Current Block Size 80.0 KB
      Peak Allocated Bytes 64.0 KB
      Overflow Count 0
    [ALLOC_TEMP_BakingJobs.Worker 4]
      Initial Block Size 256.0 KB
      Current Block Size 256.0 KB
      Peak Allocated Bytes 0 B
      Overflow Count 0
    [ALLOC_TEMP_Background Job.Worker 12]
      Initial Block Size 32.0 KB
      Current Block Size 32.0 KB
      Peak Allocated Bytes 0 B
      Overflow Count 0
    [ALLOC_TEMP_HTTP REST Server]
      Initial Block Size 64.0 KB
      Current Block Size 64.0 KB
      Peak Allocated Bytes 71 B
      Overflow Count 0
    [ALLOC_TEMP_AssetGarbageCollectorHelper] x 7
      Initial Block Size 64.0 KB
      Current Block Size 64.0 KB
      Peak Allocated Bytes 0 B
      Overflow Count 0
    [ALLOC_TEMP_Background Job.Worker 0]
      Initial Block Size 32.0 KB
      Current Block Size 32.0 KB
      Peak Allocated Bytes 0 B
      Overflow Count 0
    [ALLOC_TEMP_AUDIO_Audio Mixer Thread]
      Initial Block Size 64.0 KB
      Current Block Size 64.0 KB
      Peak Allocated Bytes 0 B
      Overflow Count 0
    [ALLOC_TEMP_Background Job.Worker 4]
      Initial Block Size 32.0 KB
      Current Block Size 32.0 KB
      Peak Allocated Bytes 0 B
      Overflow Count 0
    [ALLOC_TEMP_Background Job.Worker 14]
      Initial Block Size 32.0 KB
      Current Block Size 32.0 KB
      Peak Allocated Bytes 0 B
      Overflow Count 0
    [ALLOC_TEMP_CloudJob.Worker 0]
      Initial Block Size 32.0 KB
      Current Block Size 32.0 KB
      Peak Allocated Bytes 5.3 KB
      Overflow Count 0
[ALLOC_MEMORYPROFILER]
  Requested Block Size 1.0 MB
  Peak Block count 1
  Peak Allocated memory 0.6 MB
  Peak Large allocation bytes 0 B
[ALLOC_DEFAULT] Dual Thread Allocator
  Peak main deferred allocation count 58
    [ALLOC_BUCKET]
      Large Block size 32.0 MB
      Used Block count 1
      Peak Allocated bytes 8.7 MB
    [ALLOC_DEFAULT_MAIN]
      Requested Block Size 16.0 MB
      Peak Block count 8
      Peak Allocated memory 195.4 MB
      Peak Large allocation bytes 72.2 MB
    [ALLOC_DEFAULT_THREAD]
      Requested Block Size 16.0 MB
      Peak Block count 1
      Peak Allocated memory 10.5 MB
      Peak Large allocation bytes 0 B
[ALLOC_TEMP_JOB_1_FRAME]
  Initial Block Size 2.0 MB
  Used Block Count 0
  Overflow Count (too large) 0
  Overflow Count (full) 0
[ALLOC_TEMP_JOB_2_FRAMES]
  Initial Block Size 2.0 MB
  Used Block Count 0
  Overflow Count (too large) 0
  Overflow Count (full) 0
[ALLOC_TEMP_JOB_4_FRAMES (JobTemp)]
  Initial Block Size 2.0 MB
  Used Block Count 1
  Overflow Count (too large) 0
  Overflow Count (full) 0
[ALLOC_TEMP_JOB_ASYNC (Background)]
  Initial Block Size 1.0 MB
  Used Block Count 1
  Overflow Count (too large) 0
  Overflow Count (full) 0
[ALLOC_GFX] Dual Thread Allocator
  Peak main deferred allocation count 8
    [ALLOC_BUCKET]
      Large Block size 32.0 MB
      Used Block count 1
      Peak Allocated bytes 8.7 MB
    [ALLOC_GFX_MAIN]
      Requested Block Size 16.0 MB
      Peak Block count 1
      Peak Allocated memory 31.1 MB
      Peak Large allocation bytes 21.3 MB
    [ALLOC_GFX_THREAD]
      Requested Block Size 16.0 MB
      Peak Block count 1
      Peak Allocated memory 0.6 MB
      Peak Large allocation bytes 0 B
[ALLOC_CACHEOBJECTS] Dual Thread Allocator
  Peak main deferred allocation count 561
    [ALLOC_BUCKET]
      Large Block size 32.0 MB
      Used Block count 1
      Peak Allocated bytes 8.7 MB
    [ALLOC_CACHEOBJECTS_MAIN]
      Requested Block Size 4.0 MB
      Peak Block count 13
      Peak Allocated memory 42.1 MB
      Peak Large allocation bytes 33.4 MB
    [ALLOC_CACHEOBJECTS_THREAD]
      Requested Block Size 4.0 MB
      Peak Block count 1
      Peak Allocated memory 0.6 MB
      Peak Large allocation bytes 0 B
[ALLOC_TYPETREE] Dual Thread Allocator
  Peak main deferred allocation count 497
    [ALLOC_BUCKET]
      Large Block size 32.0 MB
      Used Block count 1
      Peak Allocated bytes 8.7 MB
    [ALLOC_TYPETREE_MAIN]
      Requested Block Size 2.0 MB
      Peak Block count 10
      Peak Allocated memory 17.1 MB
      Peak Large allocation bytes 0 B
    [ALLOC_TYPETREE_THREAD]
      Requested Block Size 2.0 MB
      Peak Block count 1
      Peak Allocated memory 96.3 KB
      Peak Large allocation bytes 0 B
[ALLOC_PROFILER]
  Requested Block Size 16.0 MB
  Peak Block count 1
  Peak Allocated memory 442.3 KB
  Peak Large allocation bytes 0 B
    [ALLOC_PROFILER_BUCKET]
      Large Block size 32.0 MB
      Used Block count 1
      Peak Allocated bytes 4.1 KB
[ALLOC_PROFILER_EDITOR]
  Requested Block Size 1.0 MB
  Peak Block count 0
  Peak Allocated memory 0 B
  Peak Large allocation bytes 0 B
    [ALLOC_PROFILER_BUCKET]
      Large Block size 32.0 MB
      Used Block count 1
      Peak Allocated bytes 4.1 KB
##utp:{"type":"MemoryLeaks","version":2,"phase":"Immediate","time":1780569380754,"processId":8433,"allocatedMemory":20188012,"memoryLabels":[{"Default":19935},{"Permanent":15536},{"Thread":1083636},{"Manager":29577},{"VertexData":12},{"Geometry":280},{"Texture":328},{"Shader":68410},{"Material":24},{"GfxDevice":38308},{"Animation":312},{"Audio":3904},{"Font":6456312},{"FontEngine":288},{"Physics":513},{"Serialization":676},{"Input":9248},{"JobScheduler":33752},{"Mono":40},{"ScriptingNativeRuntime":192016},{"BaseObject":1627212},{"Resource":952},{"Renderer":2312},{"Transform":24},{"File":3649},{"WebCam":40},{"Culling":40},{"Terrain":1025},{"Wind":24},{"String":681071},{"DynamicArray":58825},{"HashMap":111778},{"Utility":2659758},{"Curl":1056},{"PoolAlloc":1496},{"AI":72},{"TypeTree":5061},{"ScriptManager":640},{"RuntimeInitializeOnLoadManager":80},{"SpriteAtlas":128},{"GI":3736},{"Director":7880},{"CloudService":236576},{"WebRequest":816},{"VR":45705},{"SceneManager":576},{"Video":1096},{"LazyScriptCache":40},{"NativeArray":12},{"Camera":25},{"Secure":9625},{"SerializationCache":1576},{"APIUpdating":11856},{"Subsystems":392},{"VirtualTexturing":57512},{"StaticSafetyDebugInfo":327680},{"Baselib":16},{"EditorGui":80},{"EditorUtility":13362},{"VersionControl":4},{"Undo":720},{"AssetDatabase":6178235},{"RestService":1310},{"EditorGi":376},{"ProgressiveLightmapper":2728},{"License":3584},{"UnityConnect":25496},{"Collab":865},{"Upm":132727},{"DrivenProperties":96},{"LocalIPC":224},{"ProfilerEditor":10975},{"CoreBusinessMetrics":3681},{"AssetReference":40},{"IPCStream":40}]}
